Time,header.seq,header.stamp.secs,header.stamp.nsecs,header.frame_id,torques.x,torques.y,torques.z
8.485,51,8,485000000,,8.841791995235459e-05,-0.00015441335513186277,0.027855439693439683
8.514,52,8,514000000,,-0.00042195497253426893,-0.00044310580001755996,0.028405275951835396
8.518,53,8,514000000,,7.692349188304335e-05,-0.0005202107951231718,0.02877232854950904
8.518,54,8,518000000,,8.348201910199707e-05,-0.0004059363506662483,0.029082830694377323
8.518,55,8,518000000,,9.709197458712847e-05,0.0003229462430471595,0.030431733562850047
8.526,56,8,526000000,,9.525051171805816e-05,0.0003234879882203728,0.031108090209280046
8.533,57,8,526000000,,0.0006371969947128088,-0.0004970171326836409,0.03180463481488567
8.544,58,8,543000000,,0.0002047581970083603,-0.000477012509111221,0.032409008998284985
8.552,59,8,548000000,,0.00034336194220004144,-0.0009060818424243556,0.03277070307087068
8.557,60,8,557000000,,0.00010430294120276673,-0.0005001536139420961,0.033266018871236175
8.569,61,8,567000000,,-0.00030499470053083023,-0.0006204139369220723,0.03382959903610791
8.569,62,8,569000000,,0.0004786183675266764,-0.0007294730377629332,0.03429182634949078
8.574,63,8,574000000,,0.00071995050682753,-0.0006031587728462407,0.034492657812868345
8.576,64,8,576000000,,-0.000262708306038,-0.0009760880831023623,0.03511563305687416
8.583,65,8,576000000,,0.0009016967444244647,-0.0012273793386229934,0.034906242258235
8.596,66,8,592000000,,0.000621903570752517,0.000312531377088267,0.035698211088501505
8.596,67,8,594000000,,0.00043694892046559664,3.7302535258530535e-05,0.03554126028168489
8.608,68,8,608000000,,0.0005202778664802128,-0.0008461969564925671,0.03527982816822956
8.615,69,8,615000000,,0.0004934472900306914,-0.0008854301573618307,0.03600150572594005
8.629,70,8,629000000,,0.0006695508602651237,-0.0006819964337091796,0.03610110892066591
8.659,71,8,657000000,,0.000357341446619612,-0.0013726920141649026,0.03499107381058082
8.666,72,8,665000000,,0.0011031151863187978,-0.0007716669783853983,0.030732545517875465
8.67,73,8,669000000,,-0.0004565170457679776,-0.00035780912507310547,0.030754376375532973
8.712,74,8,712000000,,0.00015518984810059726,0.00018880770808244287,0.028934755747063518
8.718,75,8,718000000,,-0.0011180854636291268,-0.003814046566717454,0.02329685727275065
8.728,76,8,728000000,,0.0006540486291164772,0.002245259655027434,0.02271439306501102
8.733,77,8,731000000,,-0.0027569292366550063,0.00038758560248060774,0.023695368827870503
8.733,78,8,734000000,,-0.002725337334982012,0.00033185456451625424,0.024444765067698517
8.739,79,8,737000000,,-0.0026472073134975686,0.00026904703980243377,0.024538760799273456
8.739,80,8,739000000,,-0.002508180480727309,0.0004089277306139986,0.024671655047362982
8.743,81,8,743000000,,-0.0016646984805806673,-0.004095246316117001,0.027116655431002196
8.751,82,8,749000000,,-0.0015658142099388814,-0.003997121176262606,0.02747773685422382
8.759,83,8,758000000,,0.0002716587184417344,-0.002591643780457806,0.026348523632167258
8.772,84,8,771000000,,0.0015668365521621227,0.0033959589460137874,0.025729634834974962
8.794,85,8,794000000,,-0.001043819898606662,0.0019108275184395785,0.02750929530086959
8.803,86,8,802000000,,0.00023030179511495966,-0.0019249239785483388,0.02127231049646087
8.813,87,8,813000000,,0.0002553142976492055,-0.002092480291050314,0.01903735222948856
8.822,88,8,820000000,,-0.00011537885378623764,-0.0012675002860343283,0.016424914188355226
8.835,89,8,835000000,,0.0002964675279865571,-0.0014053364130583927,0.01336468375395451
8.84,90,8,837000000,,0.00035003452972751754,-0.0014106814477144302,0.01277782984392648
8.855,91,8,854000000,,0.00027460235092656844,-0.0015888059605296627,0.012768747479593636
8.866,92,8,865000000,,0.0002742182524672676,-0.0017252803211217516,0.011926844748681754
8.886,93,8,886000000,,0.00018665100061659713,-0.0015788933202176044,0.012270931479881654
8.889,94,8,889000000,,0.00011098404235349116,-0.001143921679756734,0.012540110908945412
8.891,95,8,889000000,,0.00010594945409302868,-0.0012439378045850762,0.013380167907018316
8.892,96,8,891000000,,9.690364489897335e-05,-0.0011869974660152543,0.01409969103508681
8.898,97,8,897000000,,3.590950925477791e-05,-0.0011788656264242893,0.014755117913374608
8.918,98,8,917000000,,5.1591533757980375e-05,-0.0007543744074546422,0.014770448705469223
8.92,99,8,920000000,,-3.6368972181911554e-05,-0.0004117178440997612,0.013684176728727307
8.952,100,8,949000000,,-9.0571111316512e-05,-0.00013856934888911834,0.01215854801780529
8.952,101,8,952000000,,-6.207071226721978e-05,0.00031781452494584084,0.011078793762948316
8.962,102,8,962000000,,-5.377522052359672e-05,0.00031799896567953655,0.011283838470640547
8.98,103,8,980000000,,5.814217524705523e-05,0.0003652007158844902,0.011964500838155277
8.984,104,8,984000000,,7.041267675900821e-05,-0.00011804732824635916,0.011764224185464018
8.987,105,8,987000000,,8.144179699334198e-06,-0.0003846824147254103,0.012096896082670953
8.991,106,8,991000000,,-3.4567714506020237e-06,-0.0004132313961064858,0.012866339464779794
8.996,107,8,996000000,,-1.599057169288635e-05,-0.0005444648927387028,0.013330654266547375
9.02,108,9,18000000,,-4.212482222685112e-05,-0.0007392720577389269,0.013627066421630873
9.022,109,9,22000000,,-3.8836004613259135e-05,-0.001154786991819316,0.010968269529837548
9.028,110,9,28000000,,7.581170767896508e-06,-0.0012184809260945384,0.011452763758730307
9.041,111,9,41000000,,2.9593274714088323e-05,-0.0013442766391182559,0.012340401157306388
9.043,112,9,43000000,,0.00013000171211476522,-0.0013244919543618668,0.014058599712438601
9.089,113,9,90000000,,0.00010748738194944107,-0.001366114529855903,0.014795346486962263
9.148,114,9,139000000,,2.9109786725640406e-05,-0.0015090294089064081,0.013713949866406049
9.149000000000001,115,9,149000000,,-1.4963025613072073e-05,-0.000442403381842821,0.010323200921595464
9.149000000000001,116,9,149000000,,-1.946856031333105e-05,-0.00023780082516496623,0.010613671401822516
9.17,117,9,169000000,,-2.0235664274997583e-05,-0.00020890360983709646,0.01120047345722906
9.197,118,9,193000000,,-8.226855097087655e-05,0.00014836700266413622,0.005317432993308607
9.197,119,9,194000000,,-0.00023119433452563126,-0.0005656649945689024,0.00297195481444604
9.2,120,9,198000000,,-0.00024767348880005166,-0.000603321983255946,0.0038305630945350572
9.205,121,9,205000000,,-0.00023589114714536507,-0.0005789850039939607,0.004691645476064927
9.209,122,9,209000000,,-0.0001961758288316022,-0.0006716356218600834,0.0041637637579667545
9.214,123,9,214000000,,-9.42895186597884e-05,-0.0004589407935371644,0.004831486858790452
9.218,124,9,218000000,,-0.00011828749095563648,-0.0005559173808833483,0.005614255317225275
9.229,125,9,229000000,,-0.00019493677408908988,-0.0008263213337430175,0.006483468431597655
9.232,126,9,232000000,,-0.00015375910279892915,-0.0005508951834902184,0.007355644532941485
9.235,127,9,235000000,,-0.00019965943666199772,-0.0006824201404924252,0.00822916045214363
9.243,128,9,243000000,,-0.00023224661242192169,-0.0010053963497976312,0.00902322519126824
9.248,129,9,248000000,,-0.00018099679751622737,-0.0010888512583332498,0.010095432818702382
9.253,130,9,253000000,,-0.00016655172276952446,-0.001273400464485928,0.011074013228779924
9.259,131,9,259000000,,-0.0001009632454751286,-0.0013568407181952687,0.01244917628433011
9.262,132,9,262000000,,-5.985686028010535e-05,-0.001311849095161762,0.013638790900788986
9.266,133,9,266000000,,-4.17513884707407e-05,-0.0012905146124421332,0.014750569987481504
9.27,134,9,270000000,,-4.9661117293037314e-05,-0.001343714161702241,0.015637727126008305
9.276,135,9,275000000,,-6.085943339791267e-05,-0.0014426758937608804,0.016526334308208608
9.294,136,9,292000000,,0.00014022541190324603,-0.0009479510737542265,0.023095024771881197
9.294,137,9,294000000,,-7.591144764397111e-05,-0.0011767607502590433,0.023064689266252374
9.331,138,9,331000000,,-5.459827210523239e-05,-0.0005374096996990942,0.021890920755718773
9.343,139,9,343000000,,9.341953896645843e-05,-0.0009670369732438674,0.023378335107012184
9.35,140,9,350000000,,0.00018195598041107793,-0.0007999432854477688,0.02462449332118912
9.363,141,9,362000000,,0.00019275550096565518,-0.0006944936182147991,0.025426073245160996
9.377,142,9,377000000,,0.0002009073590264941,-0.0006880918536702212,0.02631893890452463
9.406,143,9,397000000,,-0.00021915545727728148,6.654890113652091e-07,0.016245347843849716
9.406,144,9,406000000,,6.85167281523811e-05,-0.001034249791691273,0.011852775010476801
9.418,145,9,418000000,,-0.00022373194104936557,-0.000653562413694176,0.006959856298136057
9.418,146,9,421000000,,-0.00026310130911667254,-0.00035434568768146705,-0.002640406796442207
9.428,147,9,428000000,,-0.00026372773219056003,-0.0005428747934768262,-0.0017304322688186484
9.437,148,9,432000000,,-0.00024059959978317455,-0.0011502915963329955,0.0038566106959212745
9.437,149,9,435000000,,-0.0002695239712671708,-0.000881765899083421,0.0053088443370677306
9.437,150,9,442000000,,-0.0003631921963653172,0.00012829267868836057,0.006306145601824637
9.449,151,9,446000000,,-0.00020509244258319745,-0.0007854096106009761,0.007123744445818718
9.449,152,9,449000000,,-0.0001963182248831735,-0.00072135267336277,0.008023552905542065
9.471,153,9,471000000,,-0.00016305479875521894,-0.0007278610579796961,0.008975447399003394
9.471,154,9,471000000,,-9.446313334547296e-05,-0.0009657488338314399,0.009951501293598423
9.484,155,9,483000000,,-0.0001059439491542834,-0.0008498244789434347,0.011015465351978618
9.489,156,9,488000000,,-3.587874640423444e-05,-0.0009393114291589596,0.012558574344311544
9.502,157,9,497000000,,-4.998243361158626e-05,-0.0007867514123471345,0.013893318015720559
9.508,158,9,507000000,,-2.8397598598883805e-06,-0.0010559739138504536,0.015187972179094327
9.514,159,9,514000000,,2.2012768717931505e-05,-0.0012788801810902411,0.016834340051440844
9.533,160,9,533000000,,2.317981723451069e-05,-0.0014210413425825097,0.018547626048468182
9.538,161,9,535000000,,1.2406906924465726e-05,-0.0015502700543187711,0.02018329448276616
9.543,162,9,543000000,,-0.0001237832334857337,-0.00082981829834324,0.020205034543344203
9.558,163,9,558000000,,-0.00023222325045041856,-0.0005118629084364427,0.01996159757899508
9.57,164,9,567000000,,-0.00014693327072658289,-0.0009367586942056723,0.020575684289028034
9.575,165,9,572000000,,-0.00014451397998564616,-0.0009815223165572859,0.02151263440182751
9.587,166,9,583000000,,-0.00015527072826281512,-0.0008459599007557969,0.02196460758754426
9.595,167,9,593000000,,-0.00016711305174738644,-0.0006187486452162575,0.022173641131540668
9.606,168,9,605000000,,-0.00013511294367990647,-0.0007324150935345238,0.022671469975005926
9.615,169,9,614000000,,-0.00014809939800002192,-0.0006397427532026852,0.023111802951337045
9.625,170,9,624000000,,-0.00013279934335093933,-0.0008089147194178001,0.023522352319094754
9.643,171,9,632000000,,-0.0002758603524153636,-0.000832049744101102,0.023885255377898908
9.659,172,9,659000000,,-0.0002094503799425808,-0.0012338805402628864,0.024692255486335104
9.668,173,9,667000000,,-0.00028183976189136183,-0.001631470207291399,0.024378411615519343
9.683,174,9,672000000,,-0.0003316202294561979,-0.0013949088636775176,0.02369030605010523
9.743,175,9,743000000,,-0.00031388487178422115,0.00010566915646796735,0.01978744590384718
9.759,176,9,759000000,,0.00012241400342916176,-0.0015195186165624804,0.0020413637551110492
9.762,177,9,762000000,,-0.00024340593969931828,-0.0014745158485192792,-0.00013912907372751887
9.774000000000001,178,9,774000000,,-0.00034287561449787297,-0.0010700117957361728,0.0005294051154534993
9.779,179,9,779000000,,-0.0006342683405192777,-0.0003155832394289035,-0.0006748204723862651
9.784,180,9,783000000,,-0.0003814423607735667,-0.0015945023858237274,-0.0005836527585026709
9.787,181,9,787000000,,-0.0004904721393262399,-0.0009466336816716476,-0.0003193294546650783
9.792,182,9,792000000,,-0.0004166167724789857,-0.001031605334429353,4.0867789842018165e-05
9.794,183,9,794000000,,-0.0003092532287229526,-0.0009476978271585035,0.0004626233541947331
9.797,184,9,796000000,,-0.00024510437374923794,-0.0009074840007806263,0.0011744749484342183
9.812,185,9,812000000,,-0.0002649056457555864,-0.0008562441872878126,0.002133728156395894
9.824,186,9,823000000,,-0.0002598878144710229,-0.0009180452717655612,0.0030938888944654717
9.831,187,9,829000000,,0.00024061661716967266,-0.0005082940503007003,0.0015312316636964945
9.831,188,9,831000000,,0.00019807037165012932,-0.0009143509444378131,0.0014208927289714405
9.848,189,9,848000000,,-0.00039136461955942357,-0.0014873949899321874,-0.003928687688739675
9.863,190,9,861000000,,-0.0005639777526895997,-0.00100501278039428,-0.004719715246339275
9.877,191,9,877000000,,-0.0005469426004001679,0.0006150095662760077,0.012722910433741998
9.877,192,9,877000000,,0.0001238952273256362,-0.0016870455850067222,0.027138779803995955
9.889,193,9,889000000,,-0.00036727828146329637,-0.0001900826665347193,0.02917958213591548
9.898,194,9,898000000,,-0.0010292974263390524,0.0006591409642187529,0.033267556900247026
9.903,195,9,902000000,,-0.0010006584675296539,0.0011053368093330484,0.03062109696762747
9.905,196,9,904000000,,-0.0008127987721551526,0.0002478529903169577,0.031581607836500256
9.923,197,9,923000000,,-0.0006966540690297588,-0.00029441943581334855,0.03254452033971653
9.939,198,9,937000000,,0.0003014991771714594,-0.0012772690252794267,0.027828405621526796
9.943,199,9,943000000,,0.0007239797675321534,-0.0019644917245158736,0.024761693739987982
9.948,200,9,948000000,,0.0005581152739461718,-0.0015606164217513681,0.023970528800889894
9.953,201,9,952000000,,0.0006227994651522744,-0.0022987399513620613,0.023443587601509115
9.954,202,9,954000000,,0.00035684625544556365,-0.0021428120412031113,0.021443221830921178
9.969,203,9,971000000,,-1.988412529627231e-05,-0.00202747731545287,0.01766280626267467
9.972,204,9,972000000,,-0.000678117993867738,-0.0010893414461978924,0.011740165653581386
9.976,205,9,974000000,,-0.0005893180981156041,-0.0015581085195580466,0.012414567562190207
9.986,206,9,986000000,,-0.0005826174767850908,-0.0014958367812595433,0.011867443597245913
10.021,207,10,13000000,,-0.0005203633280418908,-0.0009988796167617877,0.012578042521193595
10.025,208,10,23000000,,6.161751023449564e-05,-0.0011845693433817756,0.016822426693958007
10.04,209,10,40000000,,-0.0009241277646214493,0.0007938638767424738,0.014115459527144644
10.043,210,10,43000000,,-0.000819984911061888,0.0010528007755674098,0.013809284835475093
10.064,211,10,64000000,,-0.0003836118107075769,-0.00020299525616955007,0.01519613226700903
10.07,212,10,69000000,,7.738743152658033e-05,-0.0006941470079702002,0.018093570236216876
10.074,213,10,74000000,,8.969561743672747e-05,-0.0007064075952212397,0.019862673032837397
10.08,214,10,80000000,,0.00033712099541004996,-0.001995702455185735,0.02167126493146248
10.086,215,10,86000000,,0.00018008987565026153,-0.0016345393864847526,0.022527958102415667
10.103,216,10,102000000,,0.00012091122855229084,-0.0020900587814354685,0.022809466685500684
10.111,217,10,110000000,,-0.0003654423376868831,-0.0017582006271861202,0.020017117103130394
10.144,218,10,143000000,,-0.0004126173988519828,-0.0018933110111184065,0.019097861057556374
10.146,219,10,146000000,,-0.00010229742026473843,-0.0017173480331329205,0.017689280202659783
10.146,220,10,146000000,,7.714238238588282e-06,-0.002221475382014168,0.018586851919046708
10.157,221,10,157000000,,-0.00035337882489687726,-0.0007061645971644485,0.019487923210011304
10.16,222,10,159000000,,-0.0006317154736240549,-0.00038216999378619447,0.01723816680310372
10.162,223,10,162000000,,-0.0006797245318215543,-0.00027955556206852965,0.017838137255788495
10.166,224,10,165000000,,-0.0007704860666901743,-6.246189116484817e-05,0.01726662928733699
10.178,225,10,176000000,,-0.0007846792532368239,0.0003576121091655606,0.013681664421009165
10.183,226,10,183000000,,-0.000785174381817688,0.0010208821847351823,0.013188663222703862
10.201,227,10,200000000,,-0.00044644395632138496,0.00027278733104100985,0.01613078478804207
10.212,228,10,212000000,,-5.8493656443251384e-05,-0.0015067870777203298,0.017444454091295008
10.217,229,10,217000000,,-9.090416705610556e-05,-0.0016025123758608172,0.01886055158072708
10.229,230,10,227000000,,-0.00017356443122116128,-0.0015844666185351314,0.019466930117470242
10.255,231,10,261000000,,-1.8925427041324326e-05,-0.0022991634928600426,0.020442547506922308
10.273,232,10,273000000,,-0.00011964642929058729,-0.0017172744978379748,0.018028483183396508
10.284,233,10,284000000,,-0.00012715087437154937,-0.0014567478087660435,0.017648340188797657
10.294,234,10,292000000,,-0.00030656964909568863,-0.0006301039199321173,0.018425149412391924
10.32,235,10,320000000,,-4.817232051016974e-05,-0.0017150529406812806,0.019107534844546234
10.327,236,10,325000000,,-0.0005120423469563492,-0.00022229673711383945,0.01505543022718451
10.331,237,10,330000000,,-0.0005569157313607999,0.00034653341801308476,0.014795686822781907
10.335,238,10,335000000,,-0.0006722082629589142,0.0010708927915462725,0.01517900355251189
10.338,239,10,338000000,,-0.0010036917331614301,0.0027759787125775123,0.015508854168992796
10.354,240,10,341000000,,-0.0006959954120008175,0.0012977640081806726,0.016393416517359424
10.37,241,10,370000000,,-0.0006025533141486022,0.0008333873981376802,0.017370210679996848
10.374,242,10,374000000,,-0.0005490963373923761,-0.0012747499672554337,0.01938719862691456
10.377,243,10,377000000,,-0.0005851176383405942,-0.0018907335067627259,0.019443033729864487
10.381,244,10,378000000,,-0.0006842380252668805,-0.0009550902058500662,0.019496379828044374
10.389,245,10,386000000,,-0.0009439782186235351,0.0004041090618514888,0.020186750385827974
10.397,246,10,397000000,,-0.000888459172451871,0.001741387529393758,0.01898889546051396
10.402,247,10,402000000,,-0.0004043926994999646,0.0002797089146316901,0.019159138122954375
10.421,248,10,421000000,,-0.0003634293139981135,0.00013319629796670744,0.020151269353968212
10.424,249,10,423000000,,-0.0001931704055254613,-0.0034643705852667912,0.02175957199455634
10.428,250,10,428000000,,-0.00020168326411121863,-0.0034182553315488915,0.022651968704804112
10.433,251,10,433000000,,-0.00020893716348638347,-0.0038608723397261183,0.023462077145677687
10.463,252,10,439000000,,-8.813805304545846e-05,-0.004429249386872683,0.02431845175868677
10.465,253,10,465000000,,2.204136689654891e-05,-0.0036403000341687325,0.0242142544768006
10.468,254,10,468000000,,-2.2395930671541736e-05,-0.002981100592155779,0.02473773373644158
10.475,255,10,475000000,,3.5727599525193045e-05,-0.0019547331693683494,0.02481280301947924
10.484,256,10,482000000,,0.00019405060125265902,-0.0006783167195106845,0.02391934016000848
10.495,257,10,494000000,,0.00016087487717790803,-0.0019865254806934627,0.023606329951671386
10.505,258,10,503000000,,8.302979117278848e-05,-0.00365518175255452,0.02385712841875538
10.516,259,10,514000000,,-0.0005616213639058798,-0.0008899097272078922,0.021463784722095324
10.524000000000001,260,10,524000000,,-0.00022608456359895615,-0.001261607217089406,0.021575900951035492
10.538,261,10,538000000,,-0.00030870740391334415,0.0012278533111679361,0.02080197998119627
10.553,262,10,552000000,,-0.000517980976118611,0.0023007727429453654,0.01904450761537454
10.559,263,10,559000000,,-0.0014373050232447918,0.0016245221742394976,0.015432228305379665
10.565,264,10,565000000,,-0.0014462607895114016,0.0006803756193590402,0.014038781739626326
10.578,265,10,577000000,,-0.000882565613919248,0.0023784294928698205,0.013775672365546932
10.589,266,10,586000000,,-0.0005070230494730515,0.0008844436251993105,0.014684670369929381
10.596,267,10,593000000,,-0.0004979355556578873,0.0017539576567721998,0.015661787306828337
10.609,268,10,607000000,,-0.0006193940143896599,0.001123897059995865,0.015204878446684873
10.623,269,10,623000000,,-0.0010930973668641043,0.00040550221251619146,0.013359636438621779
10.635,270,10,633000000,,-0.0013192426894794713,-0.00026174893248911914,0.011672935452436696
10.64,271,10,639000000,,-0.0013243997298094182,0.0006157510202354478,0.011075109216018475
10.645,272,10,645000000,,-0.0006674384843773776,0.0007408071082753915,0.013350387874970282
10.656,273,10,656000000,,0.00033980854402228846,0.00011506897627893331,0.01770087923669233
10.67,274,10,670000000,,0.0005071512207407069,-0.001150179406542806,0.018967063309838272
10.712,275,10,712000000,,0.0005029483205670814,-0.0004580502226640918,0.0205119758428622
10.722,276,10,722000000,,0.0003154419710313413,-0.0020837305706511867,0.02152262476748806
10.744,277,10,741000000,,-0.000597619478934751,-0.0019447363553439006,0.018819314165986808
10.807,278,10,807000000,,-0.00023809524041772833,-0.0012521683987134805,0.019336247524303445
10.827,279,10,827000000,,-0.0012559691646376655,0.0014065688491113372,0.009052986025045449
10.84,280,10,839000000,,-0.00141708743599886,0.0019419735856000078,0.008770738056755274
10.845,281,10,844000000,,-0.0014466439277563137,0.002104673694909922,0.008635505075080088
10.847,282,10,847000000,,-0.0014718138979994465,0.002439828675789922,0.00900147633209794
10.852,283,10,852000000,,-0.0011472157637594702,0.002060884004291659,0.008989604100887887
10.854,284,10,853000000,,-0.0010650994433982226,0.0024940571894784165,0.010260887927894837
10.855,285,10,855000000,,-0.0004618729322083749,0.0015758071030204934,0.014168345161738545
10.855,286,10,856000000,,-0.0010557593800335657,0.0022723662195395164,0.013074999280834648
10.863,287,10,863000000,,-0.0006740871981989224,-3.331587492782194e-05,0.0140179894157786
10.868,288,10,867000000,,-0.0005990870046231891,-0.0004249823889176782,0.0143681811252926
10.873,289,10,872000000,,5.0241724122912696e-05,-0.0017335025693335834,0.01545916722960466
10.887,290,10,887000000,,0.0002735579125229452,-0.0021147536546124025,0.017387455700816002
10.895,291,10,893000000,,0.00034150952023346903,-0.002137934549971152,0.022089279004942848
10.905,292,10,905000000,,4.299347916400943e-05,-0.0015138352442238298,0.022542394842472058
10.922,293,10,922000000,,-0.0010002457215852621,0.0008627032036392975,0.019543861228588387
10.934,294,10,934000000,,-0.0017894233225564725,0.005350013591203681,0.015358966588339889
10.942,295,10,941000000,,-0.0011383682735766928,0.0023929118779068433,0.015950707706942905
10.958,296,10,958000000,,-0.0009100677275071755,0.0014437506173649757,0.016843340111847648
10.969,297,10,965000000,,-0.0006030607984953229,0.0012695956381264045,0.01904126207940479
10.969,298,10,968000000,,4.8781188115900535e-05,-0.0018031465461968372,0.01871039145439885
10.98,299,10,979000000,,0.00010329961765658967,-0.0020711001030222905,0.019642577279406645
10.983,300,10,983000000,,-9.864360013664604e-05,-0.0008990344152062487,0.018096997484174943
11.006,301,11,5000000,,7.936273282058598e-05,-0.0015880960989703512,0.01682629958294248
11.02,302,11,13000000,,-1.948503085656331e-05,-0.0014501577586477543,0.018946611188877964
11.023,303,11,20000000,,-0.000161328220148752,-0.001180262535596779,0.019963558029141123
11.025,304,11,25000000,,-0.00025580137992062117,-0.0006671198645872066,0.020923757987233033
11.029,305,11,27000000,,-0.0003268903521509191,-0.00012883280040634597,0.021852736099634458
11.031,306,11,30000000,,-0.00030947505283207284,-0.00016673353933874008,0.022776933074977176
11.033,307,11,33000000,,-0.0004596454382719595,0.0006119777340589177,0.023535422430766693
11.034,308,11,34000000,,-0.00033135477014153633,-0.0003565766593484518,0.02433127064369346
11.042,309,11,41000000,,-0.0003616338805102925,-0.0006061406383869861,0.024757705289856196
11.046,310,11,46000000,,-0.00043867383332725485,-0.00047493770355633145,0.025006961981069373
11.048,311,11,48000000,,-0.0005533284801132888,3.7604356097223433e-06,0.02512019951396408
11.051,312,11,51000000,,-0.0006552673211533062,0.0006015109625677666,0.025452047750551335
11.056,313,11,56000000,,-0.0007371124058595511,0.0010855358047269607,0.025459264320273813
11.066,314,11,65000000,,-0.0008618533813238973,0.002241026976766793,0.023798926521449795
11.075,315,11,75000000,,-0.0006519672683678809,0.0017355796187889573,0.02349189458435186
11.093,316,11,83000000,,-0.0005050166039864042,0.0013516983808567562,0.022546332652553687
11.124,317,11,125000000,,-0.00031849822214523196,0.00028253974154832356,0.02106600163272638
11.147,318,11,127000000,,-6.0242192219777974e-05,-0.0006706748891046958,0.018913958693108843
11.148,319,11,141000000,,-1.5891156288406778e-05,-0.0007077067693253567,0.01948239024621192
11.154,320,11,153000000,,0.00044859453505278606,-0.0015497516161928648,0.017008967846784233
11.166,321,11,166000000,,0.0003598885056185261,-0.0016545510466075386,0.01642757524733627
11.174,322,11,173000000,,8.151977900628467e-05,-0.0015041680482029297,0.015745854314592106
11.185,323,11,180000000,,0.00010254415809810138,-0.0012803972729096957,0.015475829220316642
11.205,324,11,202000000,,8.586228118546708e-05,0.000458009597083444,0.014712277078326064
11.205,325,11,204000000,,0.0001316638044259286,0.00046939879000770486,0.014268436604161222
11.211,326,11,209000000,,0.00018072626030008723,0.00020854911758214404,0.015062268671993983
11.215,327,11,214000000,,6.049361216672384e-05,0.00055622188190202,0.016102997209149515
11.22,328,11,220000000,,-6.39105503336617e-06,-8.477717634903473e-05,0.01698636053342578
11.23,329,11,228000000,,-3.614319224664746e-05,-0.0001627058620341759,0.01786635913362844
11.234,330,11,233000000,,-0.00044667004529185846,-0.00014855203939570337,0.018615276613503172
11.237,331,11,237000000,,-0.0005394032637802615,3.48001868953322e-05,0.019409694765876593
11.267,332,11,267000000,,-0.0008382979134000993,0.001172750307233182,0.020255499048446122
11.277,333,11,280000000,,-0.0006876381163301118,0.0024696322171065587,0.021611354827166047
11.293,334,11,293000000,,-0.00047003141632761874,0.002300552911931319,0.022785744481167016
11.313,335,11,312000000,,-0.0004293507604786037,0.002550354781855967,0.02380250532051335
11.321,336,11,319000000,,-0.0004998549457764649,0.0009442001537003371,0.021964217839564842
11.325,337,11,325000000,,3.416688622196097e-05,0.002014733967259869,0.022816608622669092
11.333,338,11,333000000,,-0.00010394632278201173,0.0013493980050438429,0.020238403205085312
11.337,339,11,336000000,,-0.00020546670982917657,0.0013439769281207619,0.019086749221640203
11.341,340,11,341000000,,0.0002306923332590091,0.0005380894506657903,0.01841822347061607
11.355,341,11,354000000,,0.00024423043717698516,0.0017543593956786609,0.01856511293735765
11.357,342,11,356000000,,0.0003384211276854697,-0.0007806182358980572,0.014943240856287981
11.361,343,11,360000000,,9.913040008310478e-06,0.0008393052907314063,0.014221180331976672
11.365,344,11,365000000,,0.00011049366535090477,-0.0012841752469017402,0.013627954481343102
11.375,345,11,374000000,,1.7429756885555708e-05,-0.0003226765409833631,0.013638722754726303
11.404,346,11,404000000,,0.0003669060360397382,0.00013592337173187166,0.018416263566511448
11.417,347,11,417000000,,0.000293841650381624,0.0012153349619742325,0.02061743437828391
11.427,348,11,427000000,,2.2342913118950146e-05,0.0013258569697654778,0.02140385371159238
11.431000000000001,349,11,430000000,,-0.0004508092159225687,0.0012112684707320236,0.019904821579298022
11.435,350,11,433000000,,-0.0004400205855147307,0.0009314173923222662,0.02051424628353967
11.457,351,11,452000000,,-0.0005356623132455709,0.0015955923267409549,0.020937142223696012
11.459,352,11,458000000,,-0.0002529176529523777,0.0021319189471109227,0.02178195132557014
11.459,353,11,459000000,,0.00013755495917658702,0.002081845566419196,0.023933963167933725
11.469,354,11,469000000,,0.00014582311100961692,0.002320471361455716,0.0247678876471646
11.514,355,11,514000000,,0.00021781672869851322,0.001401165664720954,0.024559337896729504
11.538,356,11,538000000,,0.00035765557494913384,0.0006438058036355892,0.014249650272752922
11.54,357,11,540000000,,0.00045073361649033115,-0.0008862691477823742,0.005954084730214658
11.543,358,11,542000000,,0.00036688841629613174,0.0007081278258824887,0.006781342487112385
11.545,359,11,545000000,,0.00042994991028137756,0.00016962055869561223,0.007595562958400314
11.55,360,11,549000000,,0.00045941469236817945,8.401244827919134e-05,0.008411192118007256
11.551,361,11,551000000,,0.0004388765082471433,0.0008558211402435703,0.009225644493459797
11.564,362,11,564000000,,0.0005759171737735676,9.327070191540027e-05,0.010469617334023726
11.57,363,11,570000000,,0.0004427290871672732,0.0005690944705672224,0.016187301199392663
11.573,364,11,573000000,,0.00044526804069741524,0.0009658711789709348,0.01699380919168529
11.577,365,11,577000000,,0.0005110343153523669,0.00030507874598212196,0.017794704946217214
11.592,366,11,591000000,,-0.000330042656159101,0.002012247455414719,0.016069057022774166
11.596,367,11,595000000,,-0.0003039175574066838,0.001977387928290704,0.016821290734930678
11.634,368,11,632000000,,0.0003930884115614336,0.0013476580474750856,0.02163805663125344
11.636,369,11,636000000,,0.00027413362473253103,0.0023777661915708546,0.019820173267587952
11.655,370,11,654000000,,0.0003626465449843378,0.0009055160556739303,0.02013022791280705
11.66,371,11,660000000,,0.0003899386329425103,0.0009607096322414541,0.018290915582210493
11.665,372,11,665000000,,0.0004024810988790157,0.0018197516932902443,0.018568687941529157
11.673,373,11,673000000,,0.0005195625585280807,0.0013157484258343698,0.01898648603723532
11.68,374,11,680000000,,0.000625856116006679,0.001424277664240456,0.01975570485210784
11.687,375,11,687000000,,0.0008176622709405283,0.0013838968609522244,0.021301205587265018
11.713000000000001,376,11,712000000,,0.0008953372613258923,0.0015226494419049554,0.022100112864557882
11.72,377,11,720000000,,0.00043625048622834736,0.0014658836491417708,0.016459713427974976
11.731,378,11,730000000,,0.0004284983199302433,0.0025828560927901464,0.018997132960590312
11.737,379,11,736000000,,0.00015565132940179998,0.001901973236744802,0.01586918350563762
11.743,380,11,741000000,,0.0002267760379753054,0.0019144112187139638,0.013538102067079545
11.758,381,11,758000000,,0.0003392057210141471,0.0020555805835514728,0.013537656496286948
11.77,382,11,770000000,,0.0007265001036409099,0.0015528031136702945,0.017628442426126274
11.813,383,11,813000000,,0.0007707258050358337,0.0014154639157540295,0.020467614198692315
11.819,384,11,817000000,,0.0006289620448879686,0.0017858943425279594,0.016646173678047434
11.821,385,11,821000000,,0.000619547631460696,0.0018477682327923627,0.018538202711534762
11.826,386,11,826000000,,0.000628201838167741,0.0015403004512656755,0.01928241793609707
11.852,387,11,846000000,,0.0006642154045751434,0.0019948239278711863,0.020025206826356938
11.852,388,11,848000000,,0.0004933271822591889,0.0019195878784038305,0.016052047197324355
11.879,389,11,879000000,,0.0005460981363831953,0.0021570188490239073,0.015738717776627997
11.885,390,11,881000000,,0.0007559460061727127,0.002537428928877407,0.017612999470713955
11.885,391,11,887000000,,0.0007694137890221029,0.0019311421540554507,0.01833758732286875
11.885,392,11,904000000,,0.0008051298227002819,0.0023880763004292547,0.019057026845725848
11.917,393,11,917000000,,0.0007601865625876526,0.0020522151542105415,0.017127799469962537
11.923,394,11,923000000,,0.0007984904904765191,0.0020853536862446374,0.01599747586536662
11.956,395,11,956000000,,0.0008765286403851104,0.002121408401732967,0.01623425144740663
11.961,396,11,961000000,,0.0007524203739660036,0.0019954757225270113,0.015553577899742953
11.968,397,11,967000000,,0.000809002968739766,0.00209413917060224,0.015941998302360375
11.975,398,11,975000000,,0.0008612285787860897,0.002175564200226127,0.016361329172203655
11.985,399,11,984000000,,0.0009175714688591718,0.0022723238637369332,0.016970422209066752
11.988,400,11,987000000,,0.0009677826163117492,0.0024355944518084324,0.01756169877857941
12.031,401,12,31000000,,0.0010199530598257167,0.0025740415354646266,0.018290854214270305
12.031,402,12,31000000,,0.001074406035117588,0.002624594682904558,0.01890516848625138
12.038,403,12,35000000,,0.0010966003718778418,0.002689205211145799,0.01959388703991491
12.06,404,12,58000000,,0.001135044164253751,0.0027765080867755156,0.020279344188287265
12.079,405,12,79000000,,0.0010607998352975872,0.00236477252852508,0.018117940545313755
12.089,406,12,87000000,,0.0010764189633173024,0.0025896376977066152,0.015142593162031386
12.095,407,12,94000000,,0.0010879824371498434,0.0026121995930185682,0.015602426099461244
12.107,408,12,100000000,,0.0011124578378233388,0.0026886753630540232,0.016057301274256707
12.114,409,12,110000000,,0.0011538418750782395,0.0027389553667538443,0.01663333296285217
12.117,410,12,117000000,,0.001196585576121248,0.0028412762721182977,0.01729788262019513
12.121,411,12,121000000,,0.0012428115097871673,0.0029364033693872267,0.017958954707034628
12.128,412,12,127000000,,0.0013907402845779048,0.0026317215996811403,0.018614727130394054
12.14,413,12,138000000,,0.0013213297750582639,0.0030232761376522343,0.019113615706718698
12.155,414,12,153000000,,0.001402776127047246,0.0024926442629860856,0.018552486584958658
12.17,415,12,170000000,,0.0015483295531463614,0.0027043344426188535,0.016849581188956766
12.196,416,12,196000000,,0.001405894183857722,0.0031345288331814077,0.01613108936291076
12.253,417,12,253000000,,0.0014140446202094018,0.0029407842858783003,0.01677602577559101
12.258,418,12,257000000,,0.0011352945621657439,0.0028169855544501574,0.013495579888780326
12.271,419,12,271000000,,0.001209757724465258,0.0030487630237993743,0.013875289691613665
12.274000000000001,420,12,273000000,,0.0013509881074237997,0.0033754108406888737,0.013283583371010755
12.286,421,12,286000000,,0.001436361148704881,0.0033876047351094917,0.01365114155406166
12.289,422,12,289000000,,0.001599941936694023,0.0035304855514645956,0.012301948191794913
12.293,423,12,292000000,,0.001692931557818712,0.003484082107700983,0.012377211116795264
12.297,424,12,297000000,,0.0017277585944699368,0.003722467360306363,0.012518350316638512
12.299,425,12,299000000,,0.0017952738862766781,0.00364250167558751,0.013126917339630742
12.319,426,12,319000000,,0.001837700489148478,0.003857397187973434,0.013733123642320249
12.336,427,12,335000000,,0.0017119656467456702,0.0035345816302328912,0.014724993378960511
12.344,428,12,344000000,,0.0015637455723801234,0.0033900267375292937,0.017561613398454964
12.346,429,12,346000000,,0.0018001356806665143,0.0031063341758583865,0.017496641550124946
12.348,430,12,348000000,,0.0018147756686869934,0.0036345521798713558,0.018014421119042116
12.377,431,12,352000000,,0.0019002937792087214,0.003334351397186546,0.018598470133215198
12.379,432,12,379000000,,0.00203091353630093,0.0037334955322191566,0.018598645959868054
12.39,433,12,389000000,,0.002369884843199518,0.00427812195105778,0.015309864368694765
12.398,434,12,398000000,,0.002374883384014887,0.004346672038086807,0.017618884567266443
12.401,435,12,401000000,,0.0025093263222116303,0.0043662390461157545,0.016681411750573208
12.402,436,12,402000000,,0.0025374809133358327,0.004344557595057914,0.017077625865508678
12.403,437,12,402000000,,0.0025572740898355843,0.004244226111382161,0.017632894451284915
12.407,438,12,407000000,,0.002587846912953085,0.004809549324251034,0.018119571769015345
12.409,439,12,409000000,,0.0025863191562030883,0.004115202942314742,0.018900740493759255
12.414,440,12,414000000,,0.0026352350017855683,0.004448449217522964,0.019452245139841177
12.431000000000001,441,12,427000000,,0.0023551337684990705,0.003955401140808744,0.021558502020484694
12.433,442,12,432000000,,0.0025083341324166394,0.004286401359058507,0.022077194087338076
12.435,443,12,435000000,,0.002691435277481148,0.0047314651461440324,0.021501174792770424
12.44,444,12,440000000,,0.0028263326501099147,0.005102363109882787,0.021187156508371285
12.444,445,12,444000000,,0.002946724706376726,0.005340248032351225,0.02089505934054421
12.491,446,12,488000000,,0.0031309390572145795,0.0037864689083167234,0.020630767466065715
12.499,447,12,499000000,,0.002397900059042152,0.0018807046516344293,0.02039564712980163
12.507,448,12,506000000,,0.002912857017653477,0.003951456526806713,0.013214663850737905
12.507,449,12,507000000,,0.0019015165788091363,0.003730239000833891,0.015449748064716938
12.508,450,12,507000000,,0.0021263459455992417,0.002590293914463877,0.015172796156771964
12.517,451,12,516000000,,0.002476913520248066,0.0028532492883325145,0.013945061151820507
12.521,452,12,520000000,,0.0031847563293107405,0.003402676054654963,0.006756766105863047
12.523,453,12,522000000,,0.002723648255231381,0.00313627192685444,0.007376250194608103
12.525,454,12,524000000,,0.0027870774832499555,0.003136426082037975,0.007701027176000234
12.529,455,12,526000000,,0.0028599953678697014,0.002708357971527336,0.00810484821771566
12.534,456,12,533000000,,0.002913828069835575,0.004038333987989607,0.008588472521193298
12.552,457,12,551000000,,0.0026107957691088378,0.0027843404635842115,0.008931205713896936
12.559,458,12,559000000,,0.0031073762728305067,0.002999284804315201,0.006459406513480419
12.559,459,12,559000000,,0.0019610419263477873,0.0022380793004138444,0.01312206566347976
12.569,460,12,561000000,,0.0018969634482681962,0.0038225235710119838,0.01558706343883237
12.586,461,12,585000000,,0.002180858654000493,0.003465713826399798,0.016416217720297072
12.605,462,12,604000000,,0.0032838496638789893,0.003671649039496406,0.011205213080046043
12.612,463,12,611000000,,0.002820620955613179,0.006052205123841191,0.01265938449471593
12.627,464,12,626000000,,0.0023681313257548054,0.002718959008566785,0.014494804942419105
12.642,465,12,642000000,,0.003906805255267995,0.005722260006863288,0.011831935880497932
12.65,466,12,650000000,,0.004117385475447803,0.0034637118677039763,0.01152063665896846
12.658,467,12,658000000,,0.0038804051458328627,0.0026868328310956455,0.011334950443520456
12.675,468,12,675000000,,0.0033098249686688737,0.006444732521215914,0.012498099214883797
12.684,469,12,684000000,,0.002944323035252957,0.006136464779919835,0.013703085526144009
12.693,470,12,691000000,,0.0027905437121996455,0.0033731180345583393,0.014727667198713323
12.706,471,12,706000000,,0.0025956647464372715,0.006406374647482356,0.016290648317396052
12.713000000000001,472,12,712000000,,0.0027273093868084627,0.006419408503889321,0.017280214713138255
12.72,473,12,720000000,,0.0028229590180112035,0.005648203722276323,0.017679249438240643
12.728,474,12,724000000,,0.0032722396247400047,0.005884163867699586,0.017209605986599503
12.743,475,12,730000000,,0.0035211940560359524,0.006592647974597006,0.0171812357028307
12.744,476,12,742000000,,0.0035338531183868984,0.0066346163312705,0.01580370775261867
12.745,477,12,745000000,,0.0032222409533024915,0.0056280706350396005,0.016566990504054052
12.75,478,12,750000000,,0.0033092941781525677,0.00572767664679987,0.016945870148207455
12.756,479,12,756000000,,0.0031448722453996797,0.006600285013372249,0.017753707440002608
12.757,480,12,759000000,,0.002990561780274475,0.006852383834637427,0.018624227997832414
12.763,481,12,763000000,,0.0038001843620809788,0.0067474930076222295,0.01759923544080897
12.767,482,12,766000000,,0.004750902452552327,0.006919657956839982,0.015686775894721817
12.775,483,12,775000000,,0.004817759489497314,0.0010814342210393579,0.015312864225940822
12.783,484,12,783000000,,0.005267717204586482,0.0021868078099533243,0.01310313905347914
12.797,485,12,797000000,,0.0041564689400762096,0.004419831596196095,0.013295531777809982
12.806000000000001,486,12,801000000,,0.0036803445096707603,0.0047159654740984245,0.014069555102489376
12.806000000000001,487,12,806000000,,0.003963403315617186,0.00591932605290545,0.014096654676536901
12.824,488,12,822000000,,0.004366623143476427,0.005657136487778824,0.0137107139667687
12.832,489,12,832000000,,0.00508539052099051,0.0034989179306625694,0.011155947187898255
12.845,490,12,845000000,,0.004563429405640737,0.005415104889114368,0.01044213046996988
12.845,491,12,845000000,,0.0044532135042514446,0.004889458769788233,0.010720623696106279
12.845,492,12,845000000,,0.004576136949267587,0.004869910612773127,0.010120089951439804
12.852,493,12,852000000,,0.0038814092369505206,-0.00447216846215104,0.010371923114425741
12.873,494,12,873000000,,0.0037835032682082626,0.006153184455863567,0.011545216056002203
12.893,495,12,893000000,,0.0028578847229754254,0.008816581818759552,0.012687755459669861
12.908,496,12,908000000,,0.0024800214388102297,0.011724906978700888,0.01361868589598332
12.916,497,12,915000000,,0.002192548506596311,0.013472051868802407,0.014407513667109751
12.925,498,12,925000000,,0.0022195076170286824,0.013619300638600961,0.01475354351230891
12.951,499,12,949000000,,0.002984045166233277,0.013260025135307461,0.014154321812289455
12.999,500,12,998000000,,0.004174732999838109,0.006733038296143084,0.013541890269920778
13.007,501,13,2000000,,0.008233241009574682,0.0009244838305001435,0.009631230214182586
13.007,502,13,5000000,,0.008159626173829993,-0.001301656921470354,0.009880561157882332
13.012,503,13,11000000,,0.008291505355699884,-0.0004024872471887486,0.01013673813845631
13.018,504,13,17000000,,0.00792870068263615,0.0037526224271053725,0.009602944532228378
13.021,505,13,21000000,,0.008096997507262192,0.0011945050063825672,0.009581889127351768
13.025,506,13,24000000,,0.008128438549513846,-0.0008420438957379142,0.009784478449135423
13.03,507,13,30000000,,0.008397785231240037,-0.0009830444992436635,0.00981890678524431
13.034,508,13,34000000,,0.00882747773054381,0.0018169469651272956,0.009955494242131971
13.037,509,13,36000000,,0.008722131442094798,-0.0027931276066624866,0.00989495202852882
13.038,510,13,38000000,,0.009392705639502296,0.0014316616377155046,0.009970711295940682
13.04,511,13,40000000,,0.009808143288346883,0.00046508822073203487,0.009534131450344577
13.044,512,13,44000000,,0.004497883904720416,-0.0014868658701434937,0.009644431486595703
13.056,513,13,56000000,,0.0030330307270859933,0.0019182177011877793,0.010524664038519847
13.071,514,13,68000000,,0.0031969761843193955,0.005908287786479709,0.010756311806587269
13.098,515,13,97000000,,0.003566980557201358,0.01019928695197961,0.01087279288333403
13.108,516,13,108000000,,0.004312079743973067,0.013559660613066033,0.01086567990093192
13.129,517,13,129000000,,0.00509920694835718,0.008297035288576974,0.010881052174261148
13.138,518,13,138000000,,0.007020912258980961,0.007255731362154922,0.01007700130294843
13.15,519,13,149000000,,0.006865933101370439,0.0038585893807151516,0.009824028423487237
13.156,520,13,156000000,,0.007183454235535094,0.004826024114949199,0.010056377815991249
13.16,521,13,160000000,,0.006694246230630238,-0.0007653775642761079,0.01030223928626326
13.176,522,13,176000000,,0.00708421220763473,0.002291456970275189,0.010506536260674632
13.194,523,13,194000000,,0.00457894569821055,0.007190962906583153,0.010361515779091494
13.209,524,13,204000000,,0.004081127234331933,0.01426707467672643,0.009518270449289457
13.21,525,13,211000000,,0.005008197314923349,0.010288248885618068,0.009837746785693598
13.219,526,13,219000000,,0.004425653825692214,-0.003034979482172935,0.010122676140390172
13.233,527,13,232000000,,0.005642391100005119,0.0038078107854113154,0.010286948773300063
13.252,528,13,252000000,,0.004983268808383914,0.009827947425676244,0.009515443273034456
13.257,529,13,257000000,,0.004858147552075882,0.011406247993129667,0.008762023240576185
13.264,530,13,264000000,,0.005011822120633547,0.009862354267285146,0.009036557682070718
13.268,531,13,267000000,,0.005305057272506845,0.007922369857988162,0.00950302930151498
13.27,532,13,270000000,,0.0053894604262244225,0.00795506133081277,0.009623561587303013
13.286,533,13,283000000,,0.00569029973793348,0.007314267174036162,0.01005465521855756
13.294,534,13,294000000,,0.0064158359670725106,0.007286327457019468,0.009719743497175463
13.299,535,13,299000000,,0.006797914641896299,0.010309550575353023,0.008668681972545509
13.305,536,13,304000000,,0.007160689738339119,0.011632609767602822,0.008585635175500528
13.309,537,13,308000000,,0.006596888226637911,0.003987264868064439,0.008939456513805032
13.332,538,13,331000000,,0.007109452593052026,0.00606451030859767,0.00926328884279878
13.345,539,13,345000000,,0.00579433763111614,0.006430653259040625,0.009995694621541153
13.353,540,13,353000000,,0.005796011408713974,0.00867992919929117,0.009334626709680527
13.368,541,13,364000000,,0.006193056360495316,0.011034526977700637,0.008467923329925693
13.368,542,13,364000000,,0.006725361439750964,0.008326207062443663,0.00870873399298248
13.368,543,13,371000000,,0.0065637072862697625,0.006235955091834911,0.008842089956417679
13.378,544,13,378000000,,0.0065265154362100595,0.0027422342875693144,0.009573059563459448
13.394,545,13,393000000,,0.0064880168387305304,0.0021678447347449233,0.009839607408296917
13.399000000000001,546,13,399000000,,0.006691189483642373,0.008890914773924835,0.00880676631572165
13.402,547,13,402000000,,0.006815673474574591,0.011821587663880305,0.00808987024588061
13.407,548,13,407000000,,0.006839038466910136,0.012285390954302318,0.007866771667406703
13.417,549,13,417000000,,0.007104348159999696,0.0150141909072626,0.00765880364794004
13.432,550,13,430000000,,0.007506229609706998,0.016670107157853442,0.007817255085616644
13.434,551,13,434000000,,0.006921379946021871,0.0003563443945254416,0.009213307058754129
13.448,552,13,448000000,,0.007424188087464516,-0.0010426136573458318,0.008920776414801606
13.462,553,13,460000000,,0.008067785537884137,0.011353917827656938,0.007927332479803734
13.466,554,13,466000000,,0.0067658096342315815,0.010453638758550932,0.007438045075789786
13.478,555,13,478000000,,0.005883987536825952,0.008033429397686202,0.008420292090331025
13.487,556,13,487000000,,0.006007193363360413,0.003859241782861553,0.009452482564583321
13.497,557,13,497000000,,0.00677922166208247,0.006593390627076473,0.009242830711822192
13.515,558,13,514000000,,0.007417928413443528,0.010669635132439056,0.008089202372173043
13.517,559,13,517000000,,0.008778987693396616,0.01653925466143724,0.006517187316907081
13.548,560,13,547000000,,0.008312167618528366,0.012258561845709701,0.006476194699602663
13.573,561,13,571000000,,0.008498618380645862,0.001048862948226661,0.008674326468403906
13.582,562,13,582000000,,0.009377887320920451,0.000627186617777992,0.007149681068548352
13.586,563,13,585000000,,0.009568194714595576,0.002196532077122772,0.007470654742536945
13.596,564,13,593000000,,0.009650935400223609,0.00349164792284194,0.007857039872995986
13.597,565,13,596000000,,0.00810998235686862,0.0032492757176624926,0.00839444691570871
13.602,566,13,602000000,,0.007529364166404228,0.0038829283999127543,0.008742480756626717
13.614,567,13,614000000,,0.00650648236149219,0.0023695188766766333,0.00912947150951626
13.619,568,13,618000000,,0.005969093905118425,0.006389663927057171,0.008963335256666503
13.622,569,13,621000000,,0.006447555340965694,0.009246935354735749,0.008740476895534664
13.624,570,13,624000000,,0.00668756983553244,0.009987564266441356,0.008706917853532576
13.641,571,13,641000000,,0.007603779407609427,0.013513966323202056,0.007525642401522138
13.663,572,13,662000000,,0.008403487863015483,0.017026634703862946,0.007098494714427007
13.666,573,13,681000000,,0.009016863045475176,0.019549436621521577,0.006698291875166352
13.688,574,13,688000000,,0.008971469788775563,0.018203685437675223,0.006502104063910991
13.705,575,13,704000000,,0.00918154713647248,0.018904663383158868,0.006521234662929192
13.707,576,13,707000000,,0.009306319059691523,0.01907032717530607,0.0061818348520936515
13.71,577,13,710000000,,0.009267565954500746,0.01809747556252201,0.006232468373389358
13.731,578,13,731000000,,0.00912998591301872,0.016535741073019937,0.006280800106753274
13.74,579,13,740000000,,0.009466163888878505,0.017510506384563675,0.0064323430587997265
13.749,580,13,748000000,,0.008893350659802787,0.012860189701969185,0.006918733916738449
13.751,581,13,751000000,,0.008443649138562704,0.009843620102053897,0.0077372749413945905
13.752,582,13,752000000,,0.008347932209052616,0.007799921069714588,0.0077862528643369506
13.754,583,13,754000000,,0.007926747479249421,0.0040743364870929975,0.007781114002347261
13.766,584,13,762000000,,0.011087388203122439,0.007716057051899406,0.005893471752152171
13.774000000000001,585,13,772000000,,0.012859797843278366,0.01150874681397238,0.005062474598305278
13.784,586,13,782000000,,0.011527953035965207,0.0011653898653629776,0.005552582241002909
13.796,587,13,795000000,,0.010106607079604254,-0.008866144953799579,0.007087124846827092
13.811,588,13,811000000,,0.006466313045888159,-0.026026043930169294,0.007164609104587089
13.817,589,13,817000000,,0.010588489295047798,0.0024803108844872026,0.004274188995845606
13.825,590,13,825000000,,0.007075553782420672,-0.00011038821830550074,0.00516104259760446
13.855,591,13,853000000,,0.0024313882123190695,0.0045294766578806,0.0065743526052794155
13.872,592,13,868000000,,0.005567550139016435,0.02871966986959994,0.005411108587383627
13.881,593,13,881000000,,0.004018776881372332,0.015556217307220139,0.005788572762576805
13.889,594,13,889000000,,0.0077647595198795305,0.011180949697784655,0.005876588096507169
13.902,595,13,902000000,,0.014099151082551276,0.005156346798127537,0.0037489136655403923
13.909,596,13,909000000,,0.01305207556562146,0.0023544534812866696,0.0037771156665684187
13.915,597,13,913000000,,0.011714090338036191,0.001050400525110861,0.004228502874914369
13.923,598,13,917000000,,0.012526043438871495,0.007058841735144902,0.004369593626705174
13.939,599,13,935000000,,0.012908252305643037,0.008612953258349406,0.004345252471091135
13.947,600,13,947000000,,0.010647800124466887,0.009184664292411087,0.005668311308992173
13.953,601,13,952000000,,0.00891126904122239,0.006912018202330785,0.006265641499389597
13.96,602,13,959000000,,0.00828395180365693,0.007984628432114749,0.00670123501908319
13.965,603,13,965000000,,0.008406970433516984,0.010855385679992138,0.00673226140863894
13.966,604,13,966000000,,0.008292007683589096,0.009504072074769998,0.006697077470738393
13.982,605,13,979000000,,0.0006219843419364574,-0.024937744264554716,0.006077868607949768
13.983,606,13,983000000,,0.0072576109342749676,0.012109006109035375,0.006132265519500378
13.995000000000001,607,13,994000000,,0.008182411843557169,0.008925499424533833,0.005736530968504238
14.004,608,14,3000000,,0.010997989892755924,0.013604664758707252,0.004887997428944296
14.016,609,14,16000000,,0.012208307853099693,0.01809601970010286,0.004711881023127108
14.023,610,14,23000000,,0.013595816709319877,0.01093963631334351,0.002515488246721766
14.036,611,14,36000000,,0.00945973065950844,0.003474693348070011,0.003097872157566477
14.053,612,14,47000000,,0.00644609818958363,-0.0060733830635563545,0.004760849543669455
14.056,613,14,56000000,,0.012553692065167443,0.0025671330259623556,0.0039418363415541675
14.065,614,14,65000000,,0.012835084969037118,0.00956080566303969,0.0029219958585932756
14.075,615,14,75000000,,0.012061068658642952,0.015780796712633903,0.00312307973125816
14.083,616,14,104000000,,0.00316293314109879,-0.007345401440972461,0.00618202447825362
14.121,617,14,120000000,,0.013681424750015811,0.007421447421239317,0.004656658966464444
14.129,618,14,128000000,,0.013724134759562304,0.011269851429377978,0.0033794017328531495
14.146,619,14,146000000,,0.014423309964716326,0.016853385100984535,0.003240492837932483
14.15,620,14,150000000,,0.008370903544690092,0.020124350024119525,0.003992467272739118
14.154,621,14,154000000,,0.006404146568699444,0.012326793189701958,0.004227419048566639
14.159,622,14,159000000,,0.006300545610572415,0.012710636482492193,0.004335422069625525
14.165,623,14,165000000,,0.00620996056436154,0.01370658367614078,0.00459719661701428
14.174,624,14,174000000,,0.0067063618251826,0.0166084621747505,0.004937364021720799
14.177,625,14,177000000,,0.0065512026824457595,0.009135284769830252,0.005552499973589444
14.187,626,14,187000000,,0.008883864716696645,0.01591365328956174,0.005476819776582057
14.206,627,14,205000000,,0.011083536648011223,0.01891252457164285,0.005117136377224789
14.207,628,14,207000000,,0.013220960473417103,0.010931361450014871,0.0038729431895783333
14.251,629,14,250000000,,0.01616707106643582,0.01751818088369779,0.002924572684482203
14.275,630,14,273000000,,0.013559498911366479,-0.002902561306675087,0.0027551974515700618
14.289,631,14,288000000,,0.01830484818694464,0.013685106883718039,0.000967908994005875
14.31,632,14,310000000,,0.015569924358730001,0.005918922808569673,0.00038330061950741113
14.314,633,14,314000000,,0.010548411233814566,0.0077419322968164134,0.0014969602643065596
14.317,634,14,317000000,,0.008231546324389088,0.008091872034015173,0.0028852921469779465
14.324,635,14,323000000,,0.008198935267971344,0.007334452701701456,0.002817485257891119
14.353,636,14,353000000,,0.008182077218945897,0.0076086684502318785,0.00305828996930871
14.363,637,14,362000000,,0.012573583503385631,0.007306280866284031,0.0005079792463569899
14.368,638,14,368000000,,0.005454392505782979,0.0075644760830610325,0.0025297019827096737
14.373,639,14,373000000,,0.0050741128025116496,0.008021164965976196,0.004426727659939662
14.377,640,14,377000000,,0.006629758190643578,0.0047263271441226225,0.0049864412578299756
14.377,641,14,377000000,,0.007485015025341817,-0.0013826753895080056,0.004801164403915533
14.383,642,14,383000000,,0.009127628896177757,0.004539422710257318,0.004640422929981678
14.43,643,14,423000000,,0.011972046196705327,0.008194831061228033,0.004054045924401065
14.444,644,14,442000000,,0.017134253050878737,0.015313253201702154,0.002381704061639148
14.446,645,14,446000000,,0.0050641748633849185,0.00535030721113352,0.002420714167380842
14.451,646,14,450000000,,0.00631336217617985,0.011181046285739956,0.0023390531132692774
14.452,647,14,452000000,,0.005192501099612534,0.0052955202853047275,0.002248025766115616
14.48,648,14,480000000,,0.006192040271066386,0.011188352852121736,0.002324283764279865
14.485,649,14,485000000,,0.014695619515041471,0.01745601316726063,0.0011088219598024262
14.485,650,14,485000000,,0.01391332940477331,0.01046817578718506,0.0007601217022026527
14.487,651,14,487000000,,0.015302736323563309,0.0175214558960343,0.0006681060746126909
14.496,652,14,494000000,,0.01684265974769356,0.020640549785545914,-0.0002217988615356081
14.499,653,14,497000000,,0.015941573580870283,0.014261041430189244,-0.000824667447104673
14.534,654,14,534000000,,0.015504055448700087,0.011190824324661284,-0.0017911764967783808
14.54,655,14,537000000,,0.00949264088066844,0.016197764305453423,0.0020931213494041105
14.543,656,14,541000000,,0.011118379195500523,0.022059250769809628,0.0020768551110067254
14.544,657,14,543000000,,0.010636437575186175,0.019043745594427425,0.001971758513878866
14.548,658,14,548000000,,0.010539477109312127,0.018111359443856164,0.001866292768344587
14.548,659,14,548000000,,0.02165538113345769,0.03064344853109134,8.213407825720734e-05
14.548,660,14,548000000,,0.009548054282301498,-0.008038283657276076,-0.0005094376561341797
14.56,661,14,560000000,,0.010233695351004157,0.007325280933294198,0.0007335460580356178
14.57,662,14,570000000,,0.009387529755013557,0.012027686871581528,0.0024323322049085035
14.575,663,14,575000000,,-0.0007101205295690846,-0.03822682680606843,0.0036270225656120517
14.58,664,14,580000000,,0.00962150681562244,0.010055556547148277,0.0039234493184113544
14.586,665,14,586000000,,0.010508728457075008,0.010690971615757187,0.004104919742565398
14.593,666,14,592000000,,0.012314886131967434,0.01008002291871526,0.004431682252097771
14.599,667,14,597000000,,0.015610725033480238,0.010838224229817013,0.003889237276514907
14.609,668,14,609000000,,0.01896229967291835,0.01141767910602878,0.0026746248494533297
14.619,669,14,618000000,,0.021563098209724886,0.011851369014400136,0.00044814202816101985
14.633,670,14,633000000,,0.0194353994644007,0.010639250742732876,-0.00040396132039698454
14.64,671,14,639000000,,0.010287027983118526,0.0013956455496535111,0.0010956856685226807
14.649000000000001,672,14,649000000,,0.008077246683616316,0.01658588431585463,0.0023588921943116926
14.666,673,14,665000000,,0.009769937155416788,0.016165059887739343,0.003108131381676354
14.678,674,14,678000000,,0.018253486885531696,0.01576104833990331,1.288392078324218e-05
14.689,675,14,687000000,,0.016789184887243687,0.011729783553048006,-0.0026899704620495643
14.696,676,14,696000000,,0.010385807754562729,0.009579239649779608,-0.0020044371969086035
14.705,677,14,705000000,,0.004039243632578384,0.003621698147052257,0.0012801932410842869
14.705,678,14,705000000,,0.010829802146033522,0.008286701522618397,0.002457706197447749
14.716,679,14,716000000,,0.010908655822724288,-0.026286654662192467,-0.0030922518236756796
14.73,680,14,729000000,,0.016154359728842993,0.013706533890758764,-0.00264163403755126
14.751,681,14,751000000,,0.0131926540841809,0.01142381099116288,-0.0018067882145953408
14.754,682,14,754000000,,0.011311794511193182,0.012632590168144435,-0.00033311857338348943
14.757,683,14,757000000,,0.009593719292364319,0.0076436721630643075,0.0002943015705820463
14.766,684,14,765000000,,0.00922724769908162,0.008828614964774193,0.0012533088836324609
14.777,685,14,773000000,,0.010221240339294658,0.005884946130627033,0.0032066738181707995
14.79,686,14,789000000,,0.018925111492777504,0.01574923586357135,0.001698315399565285
14.797,687,14,793000000,,0.019389101132178094,0.019935791785130212,0.0013133034037171734
14.804,688,14,804000000,,0.018458094084075134,0.02982258585949038,0.00019016879551130104
14.82,689,14,820000000,,0.014868052991699729,0.027736465977441466,-0.0006418664921236401
14.822,690,14,822000000,,0.0013591017417420902,-0.05560809459867784,-0.00012114026890909426
14.833,691,14,833000000,,0.008743714721295407,0.0037209876587442304,0.001104862756046326
14.842,692,14,842000000,,0.008078133173871228,-0.0008452722294068106,0.0033155949627192774
14.864,693,14,863000000,,0.010295976277379628,0.006125198587809015,0.003677025911207626
14.866,694,14,865000000,,0.011226568460281307,0.0057485224675766595,0.00397212059695828
14.875,695,14,875000000,,0.01349192656169754,0.004583071439440046,0.0046892093713470535
14.886,696,14,886000000,,0.013198206826137114,0.028945703178376275,0.003999485979936726
14.904,697,14,904000000,,0.018274031014609594,0.03834598688706211,0.0017859768836332775
14.906,698,14,904000000,,0.018609715480431006,0.03460609923196347,-0.00034709615558843696
14.916,699,14,915000000,,0.016011350024004476,0.029436677247711804,-0.0017226277740290076
14.922,700,14,922000000,,0.0023210747696397757,-0.005510798335863456,0.0014351130778758646
14.935,701,14,933000000,,0.01128466954717007,0.028377378295127993,0.0011991409179117007
14.951,702,14,947000000,,0.016072894687682516,0.028355180751401702,9.986260516294931e-05
14.968,703,14,968000000,,0.024305488886192238,0.021403955882577923,-0.0036577032731974733
14.968,704,14,968000000,,0.0254195311858951,0.021487739845226877,-0.004641211000066212
14.979,705,14,979000000,,0.013436439276253282,-0.01929714411453256,-0.0057790086688265015
14.984,706,14,984000000,,0.015275124267501036,-0.0015799996940138727,-0.004093471579408433
15.003,707,14,997000000,,0.013860521505170765,0.0030509293307014514,-0.003134988725906757
15.011,708,15,11000000,,0.015658212165683465,0.008996962414344325,-0.000870601615115066
15.02,709,15,19000000,,0.026447753942445928,-0.010694530840440529,-0.0035538851525379702
15.029,710,15,28000000,,0.019267501915279553,-0.010650050306570832,-0.005587300907486336
15.044,711,15,43000000,,0.007026127743027625,-0.010916939600065035,-0.0019848291356768123
15.051,712,15,50000000,,0.006016683317618565,0.004157961444430467,0.0025396495373747876
15.059,713,15,57000000,,0.010927186257373146,0.019197401095586614,0.003208344174261601
15.102,714,15,101000000,,0.016837205641425726,0.002792292783161103,-0.0006045671659008684
15.102,715,15,102000000,,0.005129028865538398,0.016074781198484923,-0.00020941347038360824
15.107,716,15,106000000,,0.008523980494289974,0.031653749845763614,-0.00039107735354026573
15.113,717,15,113000000,,0.007694301075396422,0.03162938669338884,-0.00027473622761704656
15.132,718,15,131000000,,0.0015769053401651547,0.022918532830309445,0.0012659936540654433
15.138,719,15,138000000,,0.0027094884136144295,0.024119386600199667,0.0037644674734387384
15.162,720,15,160000000,,0.008664563994814356,0.025437004057411214,0.003981731241489907
15.166,721,15,167000000,,0.022652805497312994,0.02718948071226044,0.0008719867679657504
15.175,722,15,173000000,,0.02502296594893988,0.021889537621287824,-0.0018851992365649605
15.18,723,15,181000000,,0.024676848412566503,0.018588649196709862,-0.004722174104697946
15.185,724,15,183000000,,0.017258102995950382,0.015534343859588053,-0.00540824134134359
15.186,725,15,186000000,,0.015242082179927407,0.005631592941914454,-0.005583401215763844
15.189,726,15,189000000,,0.013338528646533992,-0.002986878026191204,-0.005757957001790817
15.214,727,15,213000000,,0.01332479630789955,0.0046902411104048445,-0.0029240901516005926
15.216,728,15,216000000,,0.03553958451464691,0.01033562278996847,-0.0031746366855577727
15.222,729,15,222000000,,0.03509299801052898,0.0037428946021096747,-0.004304677432437154
15.222,730,15,222000000,,0.03440813361955744,-0.0019153137325387901,-0.007182019751655937
15.248,731,15,247000000,,0.027712639890440267,-0.005518439670031123,-0.009544543435818929
15.251,732,15,251000000,,0.032412429397139286,0.01505079980797504,-0.009782013212301386
15.254,733,15,254000000,,0.025931048149822375,0.0068386991845333055,-0.00866637456203457
15.263,734,15,263000000,,0.018315758642081837,-0.02332742173187008,-0.0008433495613597614
15.272,735,15,272000000,,-0.0120005579346996,-0.07510728496138595,0.00550492749616869
15.29,736,15,290000000,,0.011269011460956546,0.013710254792612552,0.004990544849661636
15.301,737,15,301000000,,0.014229782257652555,0.02815899516124415,0.0019260754596479978
15.306,738,15,303000000,,0.006383411758061516,0.014214337488596678,-0.0003883264566050858
15.314,739,15,314000000,,-0.0014651802604919162,0.028549326120741597,-0.0016993057993281659
15.325,740,15,323000000,,-0.006697541961662043,0.04672695462885583,-0.0013447333159589117
15.335,741,15,333000000,,-0.005661500084720985,0.03979552826242114,-0.00012035371643089911
15.344,742,15,342000000,,-0.0010916079582741264,0.03624195224017322,0.0008162125064279788
15.358,743,15,354000000,,0.006980162240044323,0.029735071583074413,0.0017380514538556182
15.367,744,15,367000000,,0.02831528210357962,0.009351108768744412,-0.0035800113378851887
15.378,745,15,378000000,,0.034448834397457176,0.016112367746768642,-0.006232508319799068
15.386,746,15,385000000,,0.02479347206787776,-0.015444491465880126,-0.0051656090473621704
15.394,747,15,394000000,,0.029704030733521916,0.00736086559061168,-0.004707115501057437
15.416,748,15,415000000,,0.026722920655351347,-0.008830964604031039,-0.0008343788878585421
15.43,749,15,430000000,,0.028750852229270766,0.005881352445242304,-0.00012498462695167295
15.447,750,15,446000000,,0.02828697296871354,0.005475711558343637,0.0007241995660769589
15.463,751,15,462000000,,0.03067776727215291,0.015689157801310735,0.0005062089390034174
15.463,752,15,467000000,,0.0310713421203085,0.02111642650162681,-0.001605391493044406
15.473,753,15,472000000,,0.020851678630360623,0.02936961870041868,-0.004382055597326237
15.478,754,15,478000000,,0.018950642611312216,0.019697774567400954,-0.004592337552300251
15.486,755,15,485000000,,0.00915727033257249,0.005217865022944149,-0.0043663598598848545
15.523,756,15,523000000,,0.0023590669169361936,-0.004311701448269492,-0.002818384127107146
15.53,757,15,530000000,,0.014205351918271568,0.028778357406060655,-0.0006692879269797763
15.537,758,15,536000000,,0.011027624819317185,0.010814537238170246,-0.003433380682941565
15.546,759,15,546000000,,0.008959721974749818,0.0017806918023448599,-0.004442478869986036
15.551,760,15,550000000,,0.010044373597497458,0.02777421812455083,-0.006779457185847951
15.56,761,15,560000000,,0.006690534021259466,0.017708818538609086,-0.0071536884268222954
15.593,762,15,593000000,,0.0003983722474223666,-0.0036254673576302573,-0.002200846361249924
15.603,763,15,603000000,,0.004761716757425869,0.006549215136951037,0.0009284032673019523
15.611,764,15,611000000,,0.006927797236343838,-0.006436941726531349,0.0024084244686716407
15.627,765,15,627000000,,0.019502209019552633,0.030604288979873683,0.0022799278770121558
15.636,766,15,636000000,,0.024304227271796732,0.034102624623166336,0.0009913249917458573
15.637,767,15,637000000,,0.026533996310913688,0.03511309712505417,-0.001027299850505809
15.642,768,15,642000000,,0.0260587411717218,0.03279582247650911,-0.0024538164089506036
15.644,769,15,644000000,,0.025329321072844163,0.031085616642732614,-0.003202980135618461
15.651,770,15,651000000,,0.024014562512835375,0.036786391405029206,-0.004584193798005364
15.662,771,15,662000000,,0.02127668074530959,0.03424247087126251,-0.005370020473571052
15.681000000000001,772,15,681000000,,0.009299037625812079,0.0027176046889976404,-0.0010519399512787697
15.687,773,15,687000000,,0.02848397725753222,0.01964246939594712,-6.062766592958605e-05
15.69,774,15,690000000,,0.014296760736866186,0.011426764589638174,0.0032825116595705563
15.695,775,15,690000000,,0.012623164166135832,0.0025621452168372617,0.0030429680320864915
15.701,776,15,700000000,,0.0034760425300228975,-0.03713450781788564,0.0027849288506033576
15.708,777,15,708000000,,0.012179419289248719,0.001384444660023132,0.0026020777827536136
15.732,778,15,732000000,,0.02302520339669169,0.03609905428931766,0.0024939667076970887
15.739,779,15,738000000,,0.03188742640645105,0.017918045963315102,-0.0016658680151487124
15.748,780,15,747000000,,0.032085125812725865,0.017535863425068448,-0.0026281322232750157
15.762,781,15,761000000,,0.03116990046180817,0.013120242349731248,-0.00390939342122634
15.827,782,15,825000000,,0.019543667578105172,-0.011023942578875491,-0.001945282814438589
15.836,783,15,831000000,,0.017644709240138626,0.011790794029062822,-0.0013148342941399984
15.843,784,15,841000000,,0.014842722000497188,-0.0014689200842960375,-0.0022647226507885457
15.847,785,15,847000000,,0.0033515336778852794,-0.03439103067631575,-0.00492612999965445
15.862,786,15,858000000,,0.003160867982016851,0.002533663830669529,-0.0033686754482216822
15.879,787,15,877000000,,0.0008969167214711894,-0.01998021823781223,0.0021740938482226833
15.879,788,15,879000000,,0.0071118603411496895,-0.01598417583731065,3.85018749531822e-06
15.879,789,15,879000000,,0.014026870183392779,0.015480484179129641,-0.0012135273784982974
15.898,790,15,897000000,,0.00664242150230725,0.016607290478179885,-0.0032683286381249453
15.904,791,15,903000000,,0.00823212334670204,0.02097954499043273,-0.000931102434931222
15.918,792,15,918000000,,0.0031665326605287434,-0.004731619885623485,-0.0009108193035847047
15.932,793,15,931000000,,0.01330357276127965,0.007014392478165792,0.000515439337433711
15.941,794,15,940000000,,0.01501793961339102,-0.012636821250421829,0.00047141606882028595
15.982,795,15,967000000,,0.02672199003158799,0.022158310296442878,-0.0012435320363810257
16.002,796,15,999000000,,0.0006205949298985127,-0.012497065822329305,-0.0021040193527931705
16.011,797,16,11000000,,0.010027780540108625,0.02508046249450511,-0.0022073819770955334
16.012,798,16,12000000,,0.018591815652147847,0.06621935162057659,-0.004796880169891228
16.027,799,16,26000000,,0.014437391824218673,0.053196633958099496,-0.006006353064255811
16.044,800,16,38000000,,0.008241625199440489,0.03841059064691045,-0.00830434544086723
16.048,801,16,46000000,,0.008507492913111436,0.0026455231892320314,-0.00530244634575856
16.102,802,16,101000000,,0.014434512018461057,-0.009112053145647404,-0.00437129565292003
16.116,803,16,116000000,,0.030444696888675623,-0.04225502862437413,-0.0028555209965188087
16.124,804,16,124000000,,0.03282925348546336,-0.007884743581467207,-0.0033125029564990026
16.134,805,16,134000000,,0.02919740468783759,0.0043464852139438,-0.00343455298826906
16.143,806,16,143000000,,0.02560481227929383,0.015936552687030908,-0.0030450596003191504
16.155,807,16,155000000,,0.019993512245254568,0.0008648321610328497,-0.0027601131192764358
16.16,808,16,160000000,,0.018741840387681966,0.008750869402340499,-0.0009506414464171946
16.166,809,16,166000000,,0.012499720968149948,-0.01868502689004266,-0.0011545866303197742
16.167,810,16,168000000,,0.01583510150172769,-0.00407669946095995,-0.001411900392504678
16.176,811,16,176000000,,0.010447567345586708,-0.027629395657601398,-0.0016342219863685675
16.178,812,16,178000000,,0.02095181072136043,0.03215007986209843,0.00027824246846980857
16.181,813,16,181000000,,0.024963039797149762,0.049273597278699954,3.76852068874665e-05
16.19,814,16,187000000,,0.022984000390361824,0.061990289799272735,0.00032132900609768066
16.199,815,16,198000000,,0.0113427168089007,0.05624130651287151,-1.4076823853613238e-05
16.251,816,16,251000000,,-0.0003805026466665029,0.012693178617324621,-0.0013466528766796757
16.277,817,16,276000000,,0.040492067316700506,-0.038362318279350376,-0.005799153047324012
16.305,818,16,295000000,,0.04175179829979415,-0.0011867420052425904,-0.005179847866154132
16.343,819,16,343000000,,0.030553141029182863,0.008805113773208735,-0.004228460089132359
16.356,820,16,356000000,,-0.007982516772417708,0.006746523364050676,-0.002703326013718404
16.365,821,16,365000000,,-0.005827336212395456,0.019130724169982287,-0.0013074310470804873
16.37,822,16,369000000,,-0.002628935940723694,0.034879709179610585,-0.0006421262415131201
16.375,823,16,375000000,,-0.008764286213516147,0.020276976566551613,0.002817175882260238
16.383,824,16,382000000,,-0.008920657843876738,0.01419443917885533,0.002242259695516116
16.389,825,16,388000000,,-0.006164955356293949,0.025473749940615277,0.0018207821706723306
16.406,826,16,406000000,,-7.438520691192656e-05,-0.061256292370867174,-0.005009259213437718
16.419,827,16,417000000,,0.014236080338202152,-0.0004451907531579629,-0.00518863197219676
16.429,828,16,428000000,,0.021945598949583697,-0.002648237059865808,-0.006182975012899867
16.443,829,16,443000000,,0.028933829841118967,0.0013519710739105465,-0.004419031233003737
16.467,830,16,467000000,,0.023956044363801998,0.08366342641852977,-0.0009390242209738526
16.491,831,16,491000000,,0.01487419512833193,0.05209324816412746,-0.0010554313962187235
16.501,832,16,501000000,,-0.02012604749166906,-0.08677384636018112,-0.004923017093676629
16.525,833,16,515000000,,-0.002645026643544683,-0.012669122787452606,-0.005670010359690601
16.578,834,16,578000000,,0.007950298691158854,0.03800623399064522,-0.0042998732051627575
16.591,835,16,589000000,,0.027359254330853823,-0.035143463102394044,0.00021563595015712457
16.596,836,16,596000000,,0.016757873559172146,-0.02525162711686344,0.00033144490561112967
16.605,837,16,601000000,,0.01727293449342563,0.013883119441139225,-0.0004642371082976658
16.61,838,16,608000000,,0.01750429061506945,0.0389411889731042,-0.0013159112932446034
16.619,839,16,616000000,,0.013810082021958481,0.030939149249949588,-0.0018192736332132615
16.635,840,16,635000000,,0.010599905252094146,0.044689917445187674,-0.0031442190568670846
16.663,841,16,662000000,,0.01946089141204958,0.07554278134618071,-0.0010848963565749574
16.665,842,16,664000000,,0.014949820455114997,0.03174606848772233,-0.006733837816552319
16.675,843,16,674000000,,0.019581203184232798,0.04093376896648994,-0.006335350345832702
16.688,844,16,686000000,,0.023197624349656176,0.030192528755933784,-0.0010957721767568113
16.692,845,16,692000000,,0.015597056498239014,-0.014858001948056858,0.0023979933170198177
16.701,846,16,699000000,,0.025243015735524607,0.023166948585315483,0.002864138981099655
16.703,847,16,703000000,,0.024745744662955572,-0.0701839750726469,-0.0048105168827439525
16.722,848,16,722000000,,0.035791826037940136,-0.022381741578417557,-0.007604739426484209
16.734,849,16,734000000,,0.03425392943132312,-0.02835485844993421,-0.008418031829199953
16.739,850,16,739000000,,0.024782675613078484,0.002452174264788473,-0.003709148382440181
16.765,851,16,764000000,,0.016654734606640707,0.010503139293448949,0.0021809377310055594
16.771,852,16,771000000,,-0.016938772379209804,0.005052766314120596,-0.005521807717168836
16.772,853,16,772000000,,-0.007742570672538812,0.0339571403514449,-0.007026057074214212
16.779,854,16,779000000,,-0.0088844230189942,0.029051316347137757,-0.007281715786632415
16.79,855,16,790000000,,-0.0061554454267549585,0.03315722506305341,-0.007540106504749967
16.79,856,16,790000000,,0.0041220763420344005,0.027039819017626643,0.0007681878948289253
16.794,857,16,792000000,,0.009712050289316368,0.049847228790036696,0.00048139167154244607
16.798000000000002,858,16,794000000,,0.009210891465353418,0.047418500313134375,0.00034813208856163905
16.814,859,16,814000000,,0.01661213062310142,0.03041419741560394,0.006579213745991441
16.814,860,16,814000000,,0.029322663697509896,0.012204367953945498,0.0061743229517428715
16.861,861,16,860000000,,0.027580485376300458,0.004723755655246363,0.005951622629215286
16.871,862,16,868000000,,0.015389559475700384,0.0038535198450555426,-0.014228509022033028
16.878,863,16,878000000,,0.014517177190602379,0.013521100132529407,-0.012073267674039453
16.885,864,16,885000000,,0.01330946492411067,0.021677284173103974,-0.008924464337719791
16.885,865,16,885000000,,0.010148681074422511,0.020840463878477683,-0.005731560099195772
16.885,866,16,885000000,,0.008962896785854603,0.015793603377858314,-0.005938031184287264
16.885,867,16,885000000,,0.009650443627194518,0.01822447261539942,-0.006161974439450502
16.886,868,16,886000000,,0.009716083633011264,0.01812711179947713,-0.0063796883245435965
16.903,869,16,903000000,,0.010662484277457692,0.015137259050516225,-0.0003397865005883721
16.913,870,16,912000000,,0.011105719581224284,-0.02684249753807086,-0.010293300031063258
16.922,871,16,922000000,,0.009951079023633923,-0.040293534081231444,-0.015633043806878234
16.93,872,16,930000000,,0.00337714422004369,-0.03192010596230599,-0.01389366634934971
16.935,873,16,935000000,,-0.0015867118095286969,-0.02037218832985005,-0.00933715130816219
16.945,874,16,945000000,,0.009757141221487678,0.03611127452983108,-0.00792754273327134
16.952,875,16,952000000,,0.007141973512743947,0.04429222625784528,-0.004173956138656465
16.96,876,16,959000000,,0.007312380520879532,0.051027064247285925,-0.002223236318728275
16.972,877,16,972000000,,0.01060400575758994,0.07190325455729617,0.004133758998306562
16.977,878,16,977000000,,-0.008697874141016693,-0.018737615122119366,0.00932111589515575
16.979,879,16,979000000,,0.014182576636350166,0.06679436452681825,0.009719514580311112
16.984,880,16,984000000,,0.01580335253570816,0.05363163446428655,0.00960103077468346
17.008,881,16,992000000,,0.009701268008353631,0.015037433764808483,0.00915265619719924
17.029,882,17,29000000,,0.026471414975148357,-0.05140142857429544,-0.007745264051251409
17.05,883,17,36000000,,0.013262085753890407,-0.04627738673279799,-0.01786043143170738
17.055,884,17,54000000,,0.026530934385292297,0.026673869860322278,-0.009550879712512556
17.076,885,17,76000000,,0.027895163262487234,0.03202752288469221,-0.007097387921066481
17.105,886,17,105000000,,0.001983849856456778,0.010109283590758975,-0.013170323140577062
17.116,887,17,113000000,,0.008739173374234167,-0.008701699172003956,0.0028275094926266658
17.118,888,17,118000000,,0.015441217671679669,0.01670131222896534,0.0032653236543094947
17.121,889,17,118000000,,0.004672015016385721,-0.028261339501695466,0.0036516084193756815
17.121,890,17,121000000,,0.002636209788129,-0.036154728284431406,0.003420550126966982
17.121,891,17,121000000,,0.010090189269687206,-0.006590639321147854,0.0032861745444044007
17.134,892,17,134000000,,0.009513263069520675,-0.01106681166019941,0.0036394372016964834
17.146,893,17,145000000,,0.012594243664468024,-0.013887147474413431,0.006641498378663467
17.16,894,17,158000000,,0.016973776919139018,-0.009168036768928568,0.0027846256876864466
17.165,895,17,165000000,,0.017031725157234882,0.010095545163183764,-0.015506068185505765
17.174,896,17,173000000,,0.011267123328604843,0.001107369541926211,-0.01929912385275264
17.178,897,17,178000000,,-0.0037433203255522497,-0.029644267023802007,-0.021774412936771067
17.189,898,17,189000000,,0.005924140103047767,0.03921823002742797,-0.016954436139202184
17.193,899,17,193000000,,0.0069601328115090275,0.03505188513860655,-0.0037303968026323594
17.198,900,17,198000000,,0.0073150655685726125,0.025843497125771102,0.005833992496274201
17.206,901,17,206000000,,0.011073331586094503,0.024704023823572896,0.011421373983221515
17.216,902,17,215000000,,0.01984201453914316,0.01804102286675259,0.008225701784507941
17.222,903,17,222000000,,0.02446445757056155,0.019512432120814566,0.0023606010445404823
17.248,904,17,248000000,,0.0190389076051112,-0.007960842289150357,-0.0020785680669795866
17.254,905,17,254000000,,0.018518393385719534,0.0032288343599028314,-0.022968107615508656
17.267,906,17,264000000,,0.012719561014132456,-0.0033538686906607485,-0.01823081620460252
17.308,907,17,308000000,,0.007324206411344497,-0.019730484013255424,-0.012744512191918612
17.31,908,17,310000000,,0.014251174773048105,0.0257476988861899,0.0056600937810898245
17.315,909,17,315000000,,0.009982153322948276,0.009355938711268956,0.005585356498653481
17.318,910,17,318000000,,0.0006426313539164494,-0.02528763545786318,0.00302842696286116
17.337,911,17,337000000,,0.00733027066913394,0.0006194809972157947,0.0012587463734462564
17.355,912,17,355000000,,0.005711686156296621,0.0124243280453133,-0.010030575432563542
17.363,913,17,363000000,,0.013641118265684442,0.06525006103706288,0.011533511849899172
17.363,914,17,363000000,,0.00780003476871475,0.022470778499382848,0.013284719059877343
17.376,915,17,375000000,,0.005624931459914137,0.014031377211411242,0.013092435709524609
17.378,916,17,378000000,,-0.0010441821329677838,-0.02349213230312007,0.007712137940333699
17.382,917,17,381000000,,0.014578860669158039,0.024817279094596422,0.00040308281760953425
17.384,918,17,384000000,,0.011529916208512353,0.013446222747919654,0.00018662403644680546
17.384,919,17,384000000,,0.01378608604582472,0.02192579916198885,2.0366516284562805e-05
17.389,920,17,384000000,,0.017631655708345313,0.03617561509573182,-0.00015955876328138316
17.389,921,17,389000000,,0.016947214989890044,0.033424470230200135,-0.0003403530663892299
17.389,922,17,389000000,,0.0174817359317097,0.043684006729094504,-0.024560958416212402
17.389,923,17,389000000,,0.008368817332628845,0.009505261638293456,-0.0247389442858909
17.389,924,17,389000000,,0.015877974300771203,0.03775075635408573,-0.024915316823184215
17.389,925,17,389000000,,0.012735366159107241,0.026126879951574977,-0.025091048097414827
17.395,926,17,395000000,,0.01336392567332897,0.029215819468658626,-0.025365381942721005
17.401,927,17,401000000,,0.009756400498572218,0.019777873599924285,-0.025792774287370143
17.401,928,17,401000000,,0.00998655251213977,0.011542504521623385,-0.01900923025017247
17.406,929,17,406000000,,0.01870335693209557,0.043365848035388996,-0.01943450422872214
17.413,930,17,413000000,,0.02043892998374011,0.03833348268708725,-0.014367015955683293
17.419,931,17,419000000,,0.020020316484776254,0.02795913920892759,-0.0064552843239617606
17.419,932,17,419000000,,0.01744178705844133,0.012628869681621996,-0.0004223852422006536
17.429,933,17,419000000,,0.017862668846974496,0.009548486974930505,0.0008329750552029426
17.429,934,17,429000000,,0.019983652416419962,0.0034597236208404195,0.004854171106952688
17.437,935,17,437000000,,0.013399232457933003,-0.037276247967502195,0.00956220667814704
17.461,936,17,461000000,,0.02911519978335928,0.0071567068754363385,0.012459669691322157
17.467,937,17,467000000,,0.024585847843267016,-0.02568766652891657,0.006630852950552298
17.473,938,17,473000000,,0.0200301152158314,-0.017516669734664703,-0.0037133434472445236
17.489,939,17,489000000,,0.02412839910886795,-0.002845387232473233,-0.0037542973395270386
17.516,940,17,515000000,,-0.0027602098639124602,0.04337885660568684,-0.018082900859286072
17.521,941,17,520000000,,-0.008053503121873848,0.029773566038734905,-0.01493966976819077
17.528,942,17,528000000,,-0.007881016180187269,0.034724268742609955,-0.008614146069273028
17.532,943,17,532000000,,-0.01555729333922002,0.007841814413786787,0.0022506473723190867
17.532,944,17,532000000,,-0.010950980605600165,0.023618998227550616,0.0040749882292525075
17.532,945,17,532000000,,-0.0007014722897241751,0.059400379922453075,0.0039765309357271475
17.532,946,17,532000000,,-0.010912880170765018,0.02381438985166151,0.003797472820769617
17.532,947,17,532000000,,-0.01794245240505076,4.3058510943516995e-05,0.0036098488771321782
17.532,948,17,532000000,,-0.011368268279864556,0.023406972999471545,0.003497088627606386
17.532,949,17,532000000,,-0.0053484273766533225,0.04418328323389031,0.003377715128796594
17.541,950,17,541000000,,-0.009783015917552138,0.029347223223254955,0.0032095764747336096
17.571,951,17,570000000,,-0.0017547785751552223,0.016687919924760104,0.007651362918277983
17.576,952,17,575000000,,0.036828073536967904,0.02368883866956137,-0.022755525766980228
17.581,953,17,581000000,,0.04005482645094451,0.03290792511167049,-0.02274954870455029
17.59,954,17,589000000,,0.02454832636051852,-0.025093761905451532,-0.021125804647784532
17.591,955,17,591000000,,0.037202143043354195,0.01575366205632054,-0.021059982793726707
17.595,956,17,594000000,,0.020854047163214914,-0.04140348604495471,-0.02004474424782725
17.599,957,17,597000000,,0.04096661516249307,0.026877276852125122,-0.02078393285017001
17.604,958,17,603000000,,0.04241340178080549,0.02969220667974011,-0.02021308569267359
17.609,959,17,608000000,,0.04434320643818892,0.032082671961444195,-0.018723732688319995
17.612,960,17,612000000,,0.039672137617193313,0.009462333570928733,-0.015785753560727863
17.615,961,17,615000000,,0.03794319297252125,-0.0009863935889402216,-0.013719319660919379
17.621,962,17,620000000,,0.010901443375605502,-0.09539976917698202,-0.011160221047370642
17.625,963,17,624000000,,0.04786251715047187,0.026212364847995797,-0.011341490171048938
17.631,964,17,630000000,,0.0387458141497192,-0.0034092087869829427,-0.011331767639972339
17.633,965,17,632000000,,0.04321441945275917,0.01099276917279967,-0.010438281560251148
17.634,966,17,632000000,,0.043007323222710094,0.009587178742855583,-0.007434077072651039
17.639,967,17,638000000,,0.04294548233108135,0.01027352525587579,0.0025398621251104415
17.642,968,17,642000000,,0.038451883703586084,-0.0014239547641800507,0.007603203520968778
17.646,969,17,646000000,,0.03502473818375662,-0.01237373485867316,0.009481515875935065
17.649,970,17,649000000,,0.03383735451506745,-0.015451950485007367,0.012305267894831072
17.655,971,17,654000000,,0.032551849214936805,-0.018037276750113268,0.013255307688239426
17.661,972,17,661000000,,0.01871126727758285,-0.04866841809348945,0.013118520689408176
17.665,973,17,665000000,,0.019449210558666805,-0.030764145910563902,0.012895932682312542
17.67,974,17,670000000,,0.022645458427464862,-0.012952911637901635,0.012676418373904033
17.675,975,17,675000000,,0.026358584381813842,-0.0010592973945589158,0.012672554232154529
17.712,976,17,711000000,,-0.019658686180969727,-0.0321933520561565,-0.008202771140556016
17.716,977,17,716000000,,-0.004312414342374924,0.0186942156869611,-0.00878845534869705
17.723,978,17,723000000,,-0.002226068579477868,0.030152026986426366,-0.008401131393050657
17.726,979,17,726000000,,-0.010188509678910086,0.006796641037924763,-0.0002493748536707488
17.732,980,17,731000000,,-0.021479038255086368,-0.02965863691918315,0.0007014685600167572
17.737000000000002,981,17,735000000,,-0.010195383052092716,0.00890507704899099,0.00195439926679483
17.742,982,17,742000000,,-0.0137136943478536,0.0014680011949310661,0.00679528947232106
17.759,983,17,759000000,,-0.011915587367243765,0.009889561999282103,0.008703004450674087
17.767,984,17,767000000,,-0.023918104736575213,-0.000624424052417083,0.010234228757054169
17.778,985,17,775000000,,-0.041068165455787675,-0.027735852765327335,-0.026466162509936643
17.787,986,17,787000000,,-0.022651649170426048,0.033090969009476084,-0.0311526481882373
17.794,987,17,794000000,,-0.010702306457203355,0.06887025680774732,-0.03135439568546053
17.808,988,17,808000000,,-0.003140991467837603,0.0046581583150586865,-0.01643296067327968
17.816,989,17,816000000,,0.013509529840486492,0.051088947774059756,-0.01355640576653332
17.831,990,17,831000000,,-0.004906087515512003,-0.0459473286929101,-0.01738934392706229
17.834,991,17,834000000,,0.029423652547716565,0.060244746778682697,-0.02224269188124139
17.848,992,17,848000000,,0.025125895195552445,0.051353203300330816,-0.03415266674427861
17.872,993,17,854000000,,0.023781827895259983,-0.08533981656916913,0.009133487822393035
17.878,994,17,881000000,,0.042954812561161404,-0.016972612593392205,0.0031628019242164775
17.878,995,17,887000000,,-0.0007676419799988801,-0.12860922805761302,0.0005587793719823812
17.906,996,17,895000000,,0.02130317885219373,-0.02231924093811532,0.0007655837757157427
17.906,997,17,898000000,,-0.0072700062455790734,-0.027744972663178658,0.008393292090407397
17.917,998,17,917000000,,-0.00849194075618935,0.024504102832488283,0.014989966785131125
17.937,999,17,937000000,,0.0033612976259705853,0.04120634928124562,0.020008424648592198
17.944,1000,17,944000000,,0.009178059954568229,0.026540154111145905,0.0022437201425056343
17.951,1001,17,950000000,,0.011425888041549698,0.03224856195204146,-0.004443680180501577
17.957,1002,17,957000000,,0.014527829728126766,0.03606672177559536,-0.015399087742983235
17.967,1003,17,966000000,,0.01321853045369139,0.02621686617582829,-0.01953259896595872
17.988,1004,17,987000000,,0.01945481808640394,0.015383408516305604,-0.015662068756750573
18.002,1005,17,995000000,,0.02820093955119201,-0.028548178306088173,0.011274386209436153
18.003,1006,18,3000000,,0.02804675159101439,-0.03968593850799703,0.019025919596834702
18.011,1007,18,9000000,,0.026617572313438996,-0.04255370830503079,0.02122423948075666
18.018,1008,18,17000000,,0.026478127546773228,-0.029626813481925092,0.01770043720935495
18.033,1009,18,33000000,,0.003126642712119973,-0.020096071474688018,0.008541646431513556
18.038,1010,18,38000000,,-0.021871246414071274,0.03689445015933089,-0.014661712077793479
18.046,1011,18,46000000,,-0.024725518428965997,0.04515844281349139,-0.017962658412092783
18.055,1012,18,54000000,,-0.014510513766267078,0.06382372329199873,-0.018719098765126403
18.06,1013,18,60000000,,0.003058903424205903,0.05708921266700717,-0.01539617563974393
18.066,1014,18,66000000,,0.019360802726365558,0.022198429366634333,-0.006819934292718272
18.075,1015,18,75000000,,0.03568085864237025,0.01976699629685671,-0.00019104731203430786
18.087,1016,18,87000000,,0.03524193001708794,-0.04095064862682268,0.012510017680119494
18.098,1017,18,98000000,,0.03082425873266105,-0.03905106381181022,0.013854845093715974
18.122,1018,18,122000000,,-0.012952862862125892,-0.00680063185892811,-0.005671147697008378
18.139,1019,18,122000000,,-0.031815230444396034,0.0474875865714529,-0.02364456316023103
18.155,1020,18,154000000,,-0.028848838492433387,0.056566738837685565,-0.023990385216983823
18.16,1021,18,160000000,,0.035672145414316875,0.0019185673185392665,0.008620923774496546
18.166,1022,18,166000000,,0.04577438930915534,-0.014558709904781308,0.013523411419487718
18.172,1023,18,171000000,,0.05231240849373984,-0.01712806603562147,0.011429138357296122
18.182,1024,18,182000000,,0.03917751435959401,-0.019586272489900285,0.008308637004112478
18.184,1025,18,184000000,,0.007057780447219708,-0.0021558017842963698,-0.002755155778694443
18.184,1026,18,184000000,,0.008127682841843065,0.0007211708415190378,-0.0027846329749209404
18.198,1027,18,198000000,,0.005710884961597283,0.021955686352737834,-0.006540304445345724
18.229,1028,18,229000000,,-0.0005635207343569187,0.02868132467508118,-0.009909782387303747
18.257,1029,18,235000000,,-0.0010643249191078074,0.052211483321512375,-0.01862684480051739
18.264,1030,18,264000000,,0.020404545134796732,-0.024872734781774455,0.006378307524853196
18.297,1031,18,297000000,,0.03400548923707418,-0.01441201564788263,0.01157366985744045
18.302,1032,18,302000000,,-0.020188018727881552,-0.015361052704187002,-0.015252907073806495
18.304,1033,18,304000000,,0.006333206057962153,0.06728918560200128,-0.014433227797924188
18.305,1034,18,305000000,,0.007357418001435061,0.07069446455771253,-0.015075149881850252
18.307,1035,18,307000000,,-0.017806620564192334,-0.004649126877755108,-0.014688914742691999
18.313,1036,18,313000000,,-0.0029800277396033765,0.040268400005762955,-0.015003531965628196
18.357,1037,18,357000000,,-0.00894848132813719,0.02157606648726015,-0.014948188006062183
18.357,1038,18,357000000,,0.032973770335620184,-0.003900227842116362,0.001354468721487364
18.357,1039,18,357000000,,0.037911399349328856,0.013233117332331897,0.0003277086747389946
18.357,1040,18,357000000,,0.017371286916020957,-0.04840076257474293,-0.0010070702966805465
18.36,1041,18,360000000,,0.026176009171635914,-0.019203133954781744,-0.0016439179617741616
18.361,1042,18,361000000,,0.027424680313081706,-0.014842574366676223,-0.0037252140248200667
18.364,1043,18,364000000,,0.03005791008336425,0.015315332552525856,-0.0044194209940205415
18.366,1044,18,366000000,,0.009444241633919787,-0.024421015303616594,-0.0045656389338363974
18.378,1045,18,378000000,,0.014214538768055415,0.012231078993346335,-0.002979945843890575
18.385,1046,18,382000000,,0.013961246179142734,0.01981216276210867,0.002475645599363214
18.405,1047,18,405000000,,0.020375287233549977,-0.0013467910705957748,0.008943101072192507
18.407,1048,18,407000000,,0.029273085392472847,0.009130452741513688,0.011658440760939762
18.43,1049,18,429000000,,0.024046887755629513,-0.020342506846802805,0.013487712506695653
18.437,1050,18,437000000,,-0.013397677686207067,-0.02607291873421371,-0.005759728675055268
18.444,1051,18,444000000,,-0.015007174047985405,0.008499594822236098,-0.013194288238984723
18.45,1052,18,448000000,,-0.012938501134372246,0.026093143971261896,-0.015102193348344119
18.479,1053,18,476000000,,0.011724129649994135,0.04023727706297479,-0.008959106687035404
18.482,1054,18,482000000,,0.03700219101005034,0.04065538258806047,0.0013704153453092142
18.49,1055,18,490000000,,0.0354201721315588,-0.009718517134636648,0.008397123646494743
18.505,1056,18,504000000,,0.03332520927513433,-0.01561948430824866,0.008288999063696848
18.507,1057,18,507000000,,0.04260297281126375,-0.01528484145568886,0.011525939751793723
18.513,1058,18,512000000,,0.014570703124603028,-0.04297852085503624,0.0052397774621986
18.517,1059,18,517000000,,0.013142993872020314,-0.03808502767928299,0.004538736046808001
18.526,1060,18,526000000,,-0.0038013569272437684,-0.0027994893777629837,-0.004860598264130173
18.548000000000002,1061,18,547000000,,-0.01782234342266644,0.02984970769712831,-0.013051312707499353
18.558,1062,18,558000000,,-0.0177766563899383,0.046497779035493694,-0.014933518703164606
18.57,1063,18,570000000,,-0.010075334430846173,0.06643328008635455,-0.014107914688000052
18.598,1064,18,598000000,,-0.0031319772545136283,0.06225006330172255,-0.012372772005718794
18.6,1065,18,605000000,,0.013166230227702644,0.03906753294224558,-0.0027004067642426204
18.607,1066,18,608000000,,0.03898306167714291,0.023799619364589013,0.009288944729006784
18.619,1067,18,616000000,,0.04353830281998701,0.02018465872233538,0.01026263989468524
18.629,1068,18,629000000,,0.03514220375206383,-0.04078244921956755,0.009460859395475689
18.632,1069,18,632000000,,0.045582234710117436,-0.02521418745643936,0.0006542791458621746
18.639,1070,18,638000000,,0.03293955773810252,-0.0703227828005807,8.34818577544051e-05
18.645,1071,18,645000000,,0.04711116504321112,-0.037827218370101154,0.0011374294735956138
18.656,1072,18,658000000,,0.03683025730319707,-0.061916661051811046,0.004509222803594568
18.684,1073,18,681000000,,0.001183109134992217,-0.04539534087230263,0.01411603483327228
18.706,1074,18,705000000,,-0.04710106882922167,0.005640421525324571,0.0019837951025506824
18.71,1075,18,710000000,,-0.05536774598353243,0.0501093889416083,-0.004258956022322492
18.723,1076,18,723000000,,-0.053203411597957564,0.09601189932291432,-0.008360485588115814
18.733,1077,18,733000000,,-0.009525902910058295,0.10054270487292767,-0.005643980117556159
18.767,1078,18,767000000,,0.04009101119218385,0.03706928291799108,0.0009059131722645112
18.772,1079,18,772000000,,0.05884865666964152,-0.013663350227334847,-0.0061023345605316776
18.803,1080,18,801000000,,0.045359031120007616,-0.07536508118740334,-0.00889211403239682
18.821,1081,18,820000000,,0.0032157191907011447,-0.09258631374627173,0.009025071406443808
18.822,1082,18,822000000,,-0.0040638971746057295,0.0010363202298486274,0.01086716364415288
18.823,1083,18,822000000,,-0.004929790124373754,-0.0017002627105452703,0.010776019354165733
18.825,1084,18,824000000,,-0.012643601269714899,-0.028564121335811238,0.010610659146469727
18.829,1085,18,829000000,,-0.025111361846316814,-0.008635830986163632,0.009458775161863511
18.835,1086,18,835000000,,-0.029519082727763275,0.0012346591886436644,0.008728028937726753
18.842,1087,18,836000000,,-0.0451248201871452,-0.029874097254603153,0.007719177691846935
18.842,1088,18,842000000,,-0.0523453845189706,-0.002326509724791306,0.0005156631209808095
18.855,1089,18,855000000,,-0.037085828549277736,0.05380869077400639,-0.0012530966861954308
18.865,1090,18,864000000,,-0.03453505546430582,0.052766793706953634,-0.008887427217845021
18.874,1091,18,874000000,,-0.020016133660511866,0.06577262561221972,-0.012896701989165288
18.895,1092,18,894000000,,0.0033314083390017773,0.08492854068218869,-0.012845853245216992
18.905,1093,18,903000000,,0.054789154040839366,0.023121338699128625,-0.0008638877214763115
18.92,1094,18,920000000,,0.06684832994715893,0.007430774141869569,0.004210434949582413
18.922,1095,18,922000000,,0.07223879550237573,-0.021232512782217314,0.006912304571596006
18.928,1096,18,928000000,,0.07515061200827593,-0.010693648748555877,0.006393177934664396
18.933,1097,18,931000000,,0.06006537223955151,-0.06805922311626647,0.005035825366244346
18.936,1098,18,936000000,,0.06714956146476536,-0.036500626354498175,0.004364115645834265
18.984,1099,18,983000000,,0.06678218203148237,-0.0345913640351707,0.0035694967936023667
18.985,1100,18,985000000,,-0.045000094855590284,-0.021056117320426053,0.006365044412472726
18.987000000000002,1101,18,987000000,,-0.041244671734337116,-0.0063649274873419405,0.0063421050228780725
18.996,1102,18,994000000,,-0.038271183735475375,0.005357480867760666,0.0063075799430894084
19.002,1103,18,998000000,,-0.10232342016205363,-0.09862459021010699,-0.005443129672944611
19.024,1104,19,23000000,,-0.07395290981514158,0.020971405024215725,-0.005282040267877308
19.035,1105,19,34000000,,-0.0447310523555013,0.05826285244190673,-0.013948065038856577
19.042,1106,19,41000000,,-0.010826572032760964,0.11231704119773532,-0.012858283437693374
19.057,1107,19,57000000,,0.014577395680129118,0.15261885890433147,-0.010088873140254752
19.093,1108,19,92000000,,0.04854053367849587,0.14345888858663397,-0.0024075747548916115
19.094,1109,19,94000000,,0.07734309763797437,0.10999123264192685,0.0037129048672984465
19.095,1110,19,95000000,,0.07532775832502346,0.10092887112839351,0.00395582697642459
19.108,1111,19,108000000,,0.07441356959233118,0.09777977045120667,0.004102921214457843
19.111,1112,19,111000000,,0.07567709139764867,-0.0162041223349466,-0.00025022953531258834
19.114,1113,19,114000000,,0.0746254333756077,-0.019430069713029664,-0.00030945005049124027
19.116,1114,19,116000000,,0.07553486712200236,-0.036366654189608556,-0.0023267689874685834
19.119,1115,19,119000000,,0.07138327535624585,-0.06128304097973549,-0.002970418615326112
19.124,1116,19,124000000,,0.07887008575206003,-0.046189554126721016,-0.0038860497846263157
19.129,1117,19,128000000,,0.07898811735622997,-0.05024907550017643,-0.0040141740144331505
19.142,1118,19,141000000,,0.07936933815608362,-0.111339943720699,-0.001877517420950312
19.148,1119,19,147000000,,0.08196514485120546,-0.16844998482572415,0.006532702392244172
19.154,1120,19,154000000,,0.07809197636471212,-0.16392428067644477,0.008938411298039886
19.161,1121,19,160000000,,0.06338710094708119,-0.20786942407942852,0.010092612224666512
19.18,1122,19,180000000,,0.0613397610086807,-0.1839027484838672,0.011739924734160315
19.195,1123,19,194000000,,0.028614336345543973,-0.1487389567883765,0.01217417926356894
19.198,1124,19,198000000,,-0.02515655476030034,-0.11290244015758544,0.008426586452974477
19.21,1125,19,210000000,,-0.04481679681336762,-0.06609501381031535,0.005615767336343389
19.226,1126,19,226000000,,-0.0635705415308783,-0.05193856857530673,0.0037340131121742755
19.251,1127,19,242000000,,-0.0878740469678986,0.050595547166271924,0.0001919112823974842
19.253,1128,19,252000000,,-0.10624254120582009,0.08396258038045216,-0.0008253340149695678
19.255,1129,19,253000000,,-0.11179719598029134,0.14768616034648038,-0.00038506732952971624
19.256,1130,19,256000000,,-0.11232026379349348,0.1445633123409269,-0.0004976378062015619
19.262,1131,19,258000000,,-0.11367491959133019,0.15847690895281227,-0.00018912633094539518
19.268,1132,19,265000000,,-0.11665791195099351,0.16967861453249541,0.0003514043083555937
19.27,1133,19,270000000,,-0.11891522097750311,0.1746793974448845,0.0007366759944090902
19.278,1134,19,276000000,,-0.11847535763071824,0.18754486929429875,0.000879105823717813
19.282,1135,19,280000000,,-0.12178481187487497,0.19450486163417682,0.0014094148711143958
19.287,1136,19,286000000,,-0.12044796125971897,0.20386465479013313,0.0013955249106973383
19.296,1137,19,296000000,,-0.12911564052629654,0.20731551567541517,0.0017519685265460386
19.309,1138,19,308000000,,-0.13484545213006138,0.21358114310486226,0.0008457112565383347
19.316,1139,19,316000000,,-0.14165323768776272,0.21820230202858096,-0.002200603417005454
19.327,1140,19,327000000,,-0.13421459988448248,0.2258866877061702,-0.0084111956121114
19.344,1141,19,344000000,,-0.11425185915478807,0.2329910507467848,-0.015980541336450927
19.355,1142,19,355000000,,-0.08856179603009312,0.23729248573166287,-0.022238466146752206
19.362,1143,19,362000000,,-0.0663480964356712,0.2433167781986445,-0.025740008816207617
19.367,1144,19,367000000,,-0.04820031620843794,0.24636035868359485,-0.02750986165334372
19.387,1145,19,385000000,,-0.023940930124930267,0.22621897608000877,-0.027340555689683133
19.393,1146,19,393000000,,0.02128156368528051,0.1675231321630651,-0.023770809457759026
19.394,1147,19,394000000,,0.047890773260195356,0.14712887368359598,-0.02180950841899086
19.436,1148,19,435000000,,0.11956681147036696,-0.016018600849571407,-0.014521972572041252
19.446,1149,19,444000000,,0.21887713132936445,-0.16663252038984191,-0.028334710885364548
19.475,1150,19,475000000,,0.2526760739566681,-0.1356015367064079,-0.02442321349021783
19.484,1151,19,483000000,,0.2937734595061097,-0.18339321360867591,0.0026815392991273047
19.489,1152,19,486000000,,0.2625821394373159,-0.24763697352942482,0.0069956023915126965
19.501,1153,19,501000000,,0.2600668165857142,-0.25450155598071533,0.007229149410292059
19.504,1154,19,504000000,,0.23052465612575265,-0.2839924038550942,0.02064042953643409
19.512,1155,19,512000000,,0.2323228008535112,-0.2768056592773544,0.020561412046606848
19.525,1156,19,524000000,,0.20679524032703647,-0.29312358550083484,0.02334877489623665
19.532,1157,19,531000000,,0.1655748803693405,-0.25859626553104836,0.035499686636424437
19.548000000000002,1158,19,548000000,,0.14286508931828495,-0.26387123122454476,0.040384532031017585
19.552,1159,19,550000000,,0.08239899506843339,-0.2128370180945582,0.04388740794388394
19.561,1160,19,561000000,,0.054462270703305476,-0.22014786040286752,0.045702381439290875
19.569,1161,19,568000000,,-0.04628944640420729,-0.14918194745326158,0.05062658131139415
19.572,1162,19,572000000,,-0.10378540081437126,-0.10121356048721976,0.053855758604162945
19.574,1163,19,574000000,,-0.14032920999098672,-0.06235268101529759,0.05677238486128837
19.576,1164,19,576000000,,-0.14884842498784456,-0.061219801111293354,0.057462589314090595
19.583,1165,19,583000000,,-0.16718690677505332,-0.05211615626611258,0.059262026000172253
19.583,1166,19,587000000,,-0.26072806036745977,0.008069928284858426,0.058775248542557536
19.643,1167,19,642000000,,-0.3045684279389966,0.1021860458125608,0.05517397437335433
19.648,1168,19,648000000,,-0.36148103646661706,0.30979997839978657,0.01575506825322438
19.656,1169,19,655000000,,-0.33433104392978885,0.3457998808755494,0.00509647553442639
19.661,1170,19,661000000,,-0.3072899631145456,0.34407011409384947,-0.00870348201841908
19.666,1171,19,665000000,,-0.2377521959226673,0.31915835568551154,-0.02536968918918396
19.669,1172,19,668000000,,-0.19956439680701096,0.31153840484374107,-0.03329449862607837
19.692,1173,19,692000000,,-0.08833700580609818,0.3019021684597634,-0.05411737808816207
19.699,1174,19,695000000,,0.0442905461933892,0.32244198059514895,-0.08687892054115243
19.706,1175,19,703000000,,0.09362908216363121,0.335771400353163,-0.11052141849789415
19.729,1176,19,720000000,,0.13628955475398902,0.315907038029936,-0.12300267705079429
19.729,1177,19,727000000,,0.202151036380893,0.2355352241141701,-0.12450399126663007
19.73,1178,19,729000000,,0.27433975914245157,0.15308610012317864,-0.10585854041117089
19.736,1179,19,736000000,,0.2826890882453279,0.14901702489508947,-0.10410611473916087
19.761,1180,19,754000000,,0.3623252962408135,0.04892959256398938,-0.07915030805809169
19.784,1181,19,783000000,,0.3943696359495595,-0.08334961789328568,-0.06729206696822465
19.794,1182,19,794000000,,0.2788318446989016,-0.313404774310214,0.03870459062298137
19.806,1183,19,806000000,,0.11568167105126362,-0.3726972332745467,0.07569288162017239
19.811,1184,19,811000000,,0.026793648772912754,-0.38969169612913357,0.07400368101918618
19.819,1185,19,819000000,,0.02743160111337821,-0.388648979690231,0.06799615155062895
19.83,1186,19,830000000,,-0.07784127177547642,-0.4126783479547368,0.07925043574189587
19.848,1187,19,843000000,,-0.19674693131464785,-0.4285769862015207,0.1048735227004446
19.853,1188,19,853000000,,-0.28692664343398033,-0.38894113554075066,0.11955651144678266
19.873,1189,19,873000000,,-0.36407513687855425,-0.2570276449646375,0.11215334064321587
19.877,1190,19,875000000,,-0.34226150618396384,0.11386993648650577,0.08934053985052423
19.911,1191,19,909000000,,-0.3126375521254978,0.3150175614463999,0.06346460676450247
19.92,1192,19,920000000,,-0.19278621569116247,0.8550905307856906,-0.029256658623945202
19.923000000000002,1193,19,923000000,,-0.09412625808938781,0.8252292956508405,-0.08034561719464377
19.934,1194,19,933000000,,-0.05984784810394567,0.7854650549213723,-0.11257831041105451
19.939,1195,19,938000000,,-0.03233033616396102,0.7290381059873416,-0.13038047481243342
19.948,1196,19,945000000,,-0.0109187688208378,0.6774432488510773,-0.1415912711691305
19.952,1197,19,950000000,,0.002948792891421332,0.6851475999061001,-0.15538026350009063
19.963,1198,19,963000000,,0.0385505014473359,0.615779144713481,-0.16321249986857492
19.971,1199,19,970000000,,0.08835907456969158,0.5743794471841676,-0.16854387310715893
19.975,1200,19,975000000,,0.09556848489062103,0.5244119326963493,-0.1644934222651786
19.992,1201,19,980000000,,0.1273117559870496,0.530052372454601,-0.16922601520247477
20.024,1202,20,23000000,,0.2554543812734984,0.3123987109949228,-0.17016153767942716
20.025,1203,20,24000000,,0.29250301126560757,0.22006986261529188,-0.1528714480607514
20.034,1204,20,34000000,,0.37769641409414545,-0.07456640630498144,-0.12044858724990117
20.036,1205,20,34000000,,0.4018951430548916,-0.13997457318397394,-0.11090069988869665
20.037,1206,20,34000000,,0.4295443579528732,-0.26776180066939737,-0.09542176432050384
20.05,1207,20,50000000,,0.4524231235908205,-0.32469520658460577,-0.08047078793537152
20.065,1208,20,54000000,,0.47312776261365946,-0.3999548939131634,-0.05606911353488612
20.069,1209,20,68000000,,0.4802603262059947,-0.4186959630024304,-0.03945064000926376
20.087,1210,20,86000000,,0.4922573670424877,-0.45933459736745574,-0.021557949257412293
20.102,1211,20,101000000,,0.503687388827013,-0.49006193215512817,0.010798928868002844
20.107,1212,20,107000000,,0.49274254013955365,-0.4535456504564106,0.03645847620596464
20.112,1213,20,111000000,,0.4947938492670921,-0.42569749934599044,0.05608027125380144
20.133,1214,20,131000000,,0.49583642115882187,-0.4152912773719282,0.05933497961626849
20.142,1215,20,142000000,,0.5070848685258188,-0.3964532507521458,0.1078243201107322
20.149,1216,20,146000000,,0.5139506070469817,-0.3817533993806027,0.13304007400640178
20.154,1217,20,154000000,,0.5154969430107045,-0.3768478906220288,0.13086933482243998
20.162,1218,20,162000000,,0.5174452044211959,-0.36762604607766197,0.1394079840277047
20.174,1219,20,170000000,,0.4735465614505171,-0.3113032132203217,0.15699225967143457
20.208,1220,20,208000000,,0.3074977366281551,-0.23526379834414549,0.17129909685126463
20.223,1221,20,223000000,,-0.1631902168382736,-0.04258366278380914,0.1974575391414509
20.242,1222,20,234000000,,-0.3415979018715162,0.07415669099553963,0.20717887468052948
20.245,1223,20,242000000,,-0.5858194036110719,0.24113183187051035,0.18574720671958592
20.252,1224,20,252000000,,-0.6111335898036196,0.2794109577520386,0.16840228501831328
20.253,1225,20,253000000,,-0.6625311579700109,0.3866803348280157,0.13577374903072376
20.255,1226,20,254000000,,-0.6714253639129043,0.41266794785192096,0.13337334361292333
20.267,1227,20,267000000,,-0.6746108766323816,0.4189536231970208,0.1294900070834349
20.278,1228,20,278000000,,-0.6973965412275759,0.4886361962377586,0.08289310984999357
20.287,1229,20,286000000,,-0.6783909037670286,0.4535118740897327,0.002050957495173044
20.296,1230,20,296000000,,-0.6635542656299172,0.42547643334358076,-0.03157079079762194
20.309,1231,20,308000000,,-0.6334079586294769,0.376594215806595,-0.06422228883659555
20.314,1232,20,310000000,,-0.6041430413456788,0.3306471014580441,-0.09793880702006896
20.341,1233,20,334000000,,-0.5742354496296873,0.2690908955104346,-0.1160614856540582
20.342,1234,20,342000000,,-0.562056018646901,0.2592740809941857,-0.1485297972021652
20.378,1235,20,378000000,,-0.5242899027977782,0.2719815066202181,-0.1660439187854298
20.392,1236,20,389000000,,-0.08665337116743964,0.4580901077545224,-0.2340135766737913
20.411,1237,20,411000000,,0.47146043967864876,0.28268787071354384,-0.25874826306217386
20.413,1238,20,411000000,,0.7938929448294763,0.23166345127993654,-0.1419775651388631
20.423000000000002,1239,20,423000000,,0.8223018486602924,0.2286544472024319,-0.12903236804258528
20.435,1240,20,430000000,,0.8551862979512893,0.26936605743811415,-0.10272329762851497
20.444,1241,20,444000000,,0.8728498731074785,0.27008311032007676,-0.09299545495282562
20.468,1242,20,468000000,,0.8782357533945478,0.27949179464170854,-0.08601919377968649
20.489,1243,20,489000000,,0.7110583018645275,0.17662218331922336,0.009511138838309858
20.504,1244,20,503000000,,0.470347470497687,-0.058329340461477835,0.10952002880028096
20.515,1245,20,515000000,,0.41838159518964035,-0.16181036599696166,0.1561872411340451
20.522,1246,20,522000000,,0.07930471926098918,-0.3455251070087757,0.15747060333071147
20.525,1247,20,524000000,,-0.1330316776794146,-0.5148052140770133,0.15777055254565778
20.532,1248,20,532000000,,-0.27203909265235654,-0.617522088010057,0.17471203748942715
20.533,1249,20,533000000,,-0.47981892707502216,-0.7432013448001954,0.18358214695223346
20.543,1250,20,542000000,,-0.475618332142819,-0.7462186347393803,0.18481005860499602
20.543,1251,20,543000000,,-0.45288731426120304,-0.6867251242061952,0.16706429201384185
20.557,1252,20,552000000,,-0.43368009932367213,-0.6461733893753765,0.16049555265554916
20.601,1253,20,600000000,,-0.41473457361985655,-0.5522256609715764,0.13613566376466898
20.616,1254,20,615000000,,-0.2042706117112115,-0.27326139495061014,0.09082663631387275
20.63,1255,20,630000000,,-0.05462204287317303,-0.15209613711969758,0.06768699899406505
20.637,1256,20,637000000,,0.16194538459446262,0.0924518064172444,0.012553576255124687
20.644,1257,20,644000000,,0.20145035076230955,0.14923532730093478,-0.00922431338016984
20.648,1258,20,648000000,,0.21941262976307316,0.17879343242011325,-0.025014593665023562
20.656,1259,20,655000000,,0.22727584171719756,0.19902601313084908,-0.030820545867502193
20.663,1260,20,663000000,,0.2489901716692743,0.22644089224668262,-0.0457901399969538
20.668,1261,20,668000000,,0.29521974706720205,0.30346649680886906,-0.07330253285631795
20.674,1262,20,674000000,,0.2792340550408474,0.2992747156998403,-0.09044822953801801
20.686,1263,20,685000000,,0.2810752079708057,0.35348382616441465,-0.11646258402335496
20.716,1264,20,716000000,,0.15935664506479758,0.44469851067932636,-0.16818379777617137
20.72,1265,20,720000000,,0.007864385816235171,-0.07050145072963133,-0.08987589495730393
20.727,1266,20,726000000,,-0.009377983169314964,-0.1591339040684419,-0.07064887113274042
20.73,1267,20,730000000,,-0.028703026771164743,-0.21104942612956143,-0.0596865435394182
20.745,1268,20,744000000,,-0.03954599104533161,-0.25066744035859345,-0.052931007811026144
20.747,1269,20,746000000,,-0.06794865771703232,-0.364230317907327,-0.02243493964149076
20.749,1270,20,748000000,,-0.06888264001647709,-0.36433777892426555,-0.023537140168121754
20.753,1271,20,753000000,,-0.06472747446002276,-0.3572513926154657,-0.02787844223128267
20.762,1272,20,762000000,,-0.07043105130685347,-0.36492517751769443,-0.027852403992088662
20.764,1273,20,764000000,,-0.07280266216704756,-0.3683880649378487,-0.027420493929958604
20.77,1274,20,770000000,,-0.06952667129267717,-0.3621848072848708,-0.02766354919572315
20.772,1275,20,772000000,,-0.06922408094329137,-0.3616338408227663,-0.027907635824322388
20.774,1276,20,774000000,,-0.06774925005840982,-0.36209994573241916,-0.02804637130914054
20.78,1277,20,780000000,,-0.06940654577783877,-0.36655688081418936,-0.02815601849096402
20.783,1278,20,783000000,,-0.07309271025660857,-0.387950189954213,-0.022327408828687664
20.789,1279,20,789000000,,-0.09703447817075359,-0.47897899105382025,0.006118980088781082
20.796,1280,20,796000000,,-0.10579836286060802,-0.489773709079847,0.008842493270042126
20.8,1281,20,800000000,,-0.13843706205800457,-0.5668607660140644,0.04778124199558659
20.807,1282,20,807000000,,-0.12697224360993137,-0.5671027770203727,0.05311409671593263
20.817,1283,20,816000000,,-0.13467231228046322,-0.33542635062197995,0.04774860041785515
20.822,1284,20,821000000,,-0.130131553827184,0.0013101791188693053,0.060059240863522774
20.824,1285,20,824000000,,-0.1281137732313951,0.10287029165452487,0.06410501980638882
20.828,1286,20,828000000,,-0.12456180813592278,0.13465436412250578,0.06579240964490973
20.831,1287,20,831000000,,-0.11406858894675259,0.19474870556519897,0.06923927475703363
20.836,1288,20,836000000,,-0.10918197504279238,0.22234186359770633,0.07084979942678694
20.838,1289,20,838000000,,-0.10048701545062069,0.271458584517609,0.0746059306931664
20.839,1290,20,839000000,,-0.10675949798995209,0.2752926945320796,0.07505464189582159
20.843,1291,20,842000000,,-0.11393332567732078,0.2734166317271278,0.07523927752732948
20.845,1292,20,846000000,,-0.1172782804173402,0.2735258600290541,0.07509786830357544
20.854,1293,20,854000000,,-0.11315059918223105,0.32263182417036074,0.07850587910683
20.869,1294,20,868000000,,-0.10904091675186718,0.37350860816262615,0.0825922781660217
20.875,1295,20,874000000,,-0.10889506659873424,0.4048718211172325,0.08393650631548621
20.924,1296,20,924000000,,-0.10461923429796625,0.41360874802163,0.08507902217838918
20.931,1297,20,931000000,,-0.14752085618740415,0.7554872165422442,0.0479829491845897
20.939,1298,20,938000000,,-0.14652063240407276,0.7735145549971184,0.03653939486825476
20.947,1299,20,947000000,,-0.1305925715499086,0.7513287959388746,0.026465711790387658
20.951,1300,20,950000000,,-0.070971372332011,0.6003133466726239,0.006345699748170661
20.956,1301,20,955000000,,-0.04476618168711276,0.5183428380175499,-0.0029774461593384278
20.96,1302,20,960000000,,-0.01627645357019899,0.43913484677595704,-0.01298582404335576
20.964,1303,20,964000000,,0.003546134700175417,0.3842008720215582,-0.019002851202624776
20.975,1304,20,975000000,,0.02245173050937195,0.32883070149370497,-0.02430943021748037
20.989,1305,20,989000000,,0.06180057365268714,0.2117018706265375,-0.03408685046656954
21.005,1306,21,5000000,,0.2543240401766784,-0.3014103663578158,-0.09135609139890744
21.045,1307,21,45000000,,0.31306854414508223,-0.4820145869296288,-0.12251881351130683
21.057,1308,21,57000000,,0.2356193259877919,-0.5135068182084188,-0.11063365859121996
21.063,1309,21,63000000,,0.109591828778176,-0.30487122760639995,-0.09187678533718793
21.065,1310,21,64000000,,0.04987692762192074,-0.27191194309454353,-0.08814268252243163
21.066,1311,21,67000000,,0.032793474612298014,-0.22951210143891568,-0.08629932600089288
21.069,1312,21,69000000,,0.02867007751702124,-0.2434495370715811,-0.0863528771729623
21.102,1313,21,101000000,,0.024992792429357084,-0.24912341607137706,-0.08663195443796239
21.107,1314,21,107000000,,-0.2933195400323447,0.05962047483094269,0.01588164775653077
21.114,1315,21,113000000,,-0.3235088671592164,0.15001220986136946,0.031880199153296
21.119,1316,21,116000000,,-0.29183223273632086,0.1751365825196557,0.045382586982128326
21.131,1317,21,131000000,,-0.23579407698668658,0.18977406466279825,0.06478972446229105
21.139,1318,21,139000000,,-0.20763929553871802,0.20078073130681667,0.07816248074147002
21.16,1319,21,159000000,,-0.08577301188559681,0.18305630786320623,0.0534979003226671
21.173,1320,21,171000000,,-0.0009651537655322624,0.15943990955161708,0.03655354222087294
21.175,1321,21,175000000,,0.11793855542051575,0.09658982040955871,0.009216255912432289
21.181,1322,21,180000000,,0.12349412776302267,0.09518440110464309,0.005351461894194387
21.211,1323,21,210000000,,0.12904508905575585,0.0967796681691958,-0.0016952349548135376
21.217,1324,21,216000000,,0.17903955436279384,0.0051500030806464064,-0.020464293359310708
21.219,1325,21,219000000,,0.18380409680853477,-0.006392011448047817,-0.027989643379779897
21.224,1326,21,224000000,,0.18663803195563136,-0.013529545080448551,-0.030066006474866354
21.229,1327,21,229000000,,0.19320980306491664,-0.029533993787650516,-0.037968522141530237
21.234,1328,21,234000000,,0.17398298014419677,-0.10761384593663914,-0.0477294360549748
21.234,1329,21,234000000,,0.17436191519966654,-0.12034854147059099,-0.044897335994018364
21.246,1330,21,245000000,,0.17335205548631039,-0.11849529213554025,-0.045272105862964436
21.247,1331,21,246000000,,0.17808334867108663,-0.15162100386885208,-0.04422830084417579
21.252,1332,21,252000000,,0.16240263492107668,-0.11495032672313332,-0.04508872974253332
21.261,1333,21,261000000,,0.10171990757823968,-0.1722812929892105,-0.03582130732524891
21.284,1334,21,275000000,,0.06923694447489201,-0.20926414246669592,-0.03177193694135613
21.333,1335,21,326000000,,-0.004735094846113324,-0.18881348701718298,-0.027241548107936116
21.333,1336,21,329000000,,-0.1374850117500836,-0.0288555932723875,0.008327694989987682
21.335,1337,21,335000000,,-0.14819479077365344,0.008159009296678885,0.0100957576696715
21.346,1338,21,345000000,,-0.15640104309686217,0.03360874287651902,0.011414997457237053
21.348,1339,21,348000000,,-0.14382632449775712,0.01798643259698454,0.01879117866912014
21.353,1340,21,352000000,,-0.16070993190052066,0.05670520836930086,0.020260825951991086
21.358,1341,21,358000000,,-0.16684950755948966,0.08276974699254644,0.028602499906063898
21.362,1342,21,361000000,,-0.18117603338394192,0.11963396609407144,0.03606637103529098
21.366,1343,21,364000000,,-0.18742916502651388,0.13943813038570455,0.04029434513164223
21.369,1344,21,369000000,,-0.17164720165444672,0.10587189761344569,0.0385555074788715
21.376,1345,21,376000000,,-0.10096713539166426,0.11321305746073214,0.013037937795903402
21.385,1346,21,385000000,,0.029174089906292795,0.10847618939584427,-7.902044591113003e-05
21.398,1347,21,398000000,,0.09116025054214177,0.02316485197536598,-0.01059879840563513
21.403,1348,21,403000000,,0.09369551256225445,-0.0493372701907415,-0.023345483440764776
21.419,1349,21,419000000,,0.07760494719962134,0.006860474382058586,-0.023983747974570813
21.425,1350,21,425000000,,0.075659661692813,-0.05514628827904425,-0.030200658810970657
21.437,1351,21,437000000,,0.04749878344391031,-0.04645562005805337,-0.02764183613365903
21.452,1352,21,452000000,,0.002255725692337316,-0.04672592205391164,-0.004203563601073079
21.454,1353,21,453000000,,-0.02151188359679386,0.00200764633771653,0.0017605165828569781
21.466,1354,21,466000000,,-0.024934868854820255,0.013202079354275965,0.0017584528973621123
21.482,1355,21,477000000,,-0.0435094264042441,-0.01112518592403317,0.016051344298139456
21.482,1356,21,482000000,,-0.05569938634639766,0.0071448710688632195,0.01920393966815395
21.499,1357,21,499000000,,-0.043311174657238175,-0.04857714172239613,0.00877097816445773
21.505,1358,21,504000000,,-0.00693977844081344,-0.0071739897516792965,-0.015356876397656467
21.524,1359,21,523000000,,0.019807435127673523,-0.0038998810683495925,-0.011195982848209461
21.525,1360,21,525000000,,0.013061538487135082,0.016425552749042564,-0.001265766099877953
21.549,1361,21,549000000,,0.0025078013989531713,0.010051165311885171,0.010559041861886796
21.556,1362,21,552000000,,0.031013531622289498,-0.05550404910942516,-0.025990661530276724
21.558,1363,21,558000000,,0.016756676872131736,0.003720420339309265,-0.026522459611943043
21.564,1364,21,564000000,,0.014549542330556437,0.011662438267901934,-0.023206909403157526
21.579,1365,21,578000000,,0.0033489767774707822,-0.005950183221636734,0.00538191987720588
21.588,1366,21,588000000,,-0.00799444569096697,-0.019242431407385248,0.019604550681381942
21.596,1367,21,596000000,,-0.015556529385256174,-0.02033251360678086,0.014558283560172247
21.607,1368,21,607000000,,-0.01933895272839614,-0.006835039838519159,0.005078627003270688
21.622,1369,21,622000000,,-0.01600344953830097,-0.002415814339616986,-0.006577905052822968
21.629,1370,21,629000000,,-0.015460335399911554,0.017968290957054683,-0.015976431370150042
21.637,1371,21,636000000,,-0.009170814122084666,0.02446416753956419,-0.0252057839646984
21.65,1372,21,647000000,,-0.006417665662868452,0.036251845505520824,-0.031468637387959186
21.664,1373,21,657000000,,0.0022109873942404053,0.04073533135834015,-0.03770892786703647
21.664,1374,21,666000000,,0.015070447197786227,0.03930384332809388,-0.03863341261973924
21.679,1375,21,677000000,,0.011627964600392268,0.05486170886572238,-0.031464219979358186
21.684,1376,21,684000000,,0.009061078900010261,0.050437591550097555,-0.019287641386696742
21.702,1377,21,700000000,,0.007360545291258653,0.017113412706143423,-0.0003543092641644062
21.707,1378,21,706000000,,0.0035940581086850356,-0.004583012911290412,0.009131166644648477
21.714,1379,21,714000000,,0.009164357420605472,-0.026516008612235714,0.007392395246466914
21.725,1380,21,725000000,,0.013516661595622781,-0.025360744796992435,-0.0004570058149108557
21.744,1381,21,743000000,,0.04975386373405946,-0.08680620959061638,-0.005712934294378991
21.747,1382,21,747000000,,0.03725369093500897,-0.15063971906940074,-0.005127835128504781
21.761,1383,21,761000000,,-0.010992247582986057,0.018902256240656366,-0.011555507026141712
21.788,1384,21,786000000,,-0.02027403157724529,0.04840112367243423,-0.01711494673459578
21.788,1385,21,788000000,,-0.018055363211333234,0.030777007958095397,0.012465789289167403
21.796,1386,21,795000000,,-0.032259999789393444,0.07736679748707417,0.011918229866162422
21.801,1387,21,800000000,,0.0005511435381475409,-0.03927677250652386,0.023247408949351706
21.809,1388,21,809000000,,-0.012165938033985291,0.006736252763974663,0.020241521382312305
21.816,1389,21,816000000,,-0.0045575376459115555,-0.0030842980929534324,0.005396246370588505
21.855,1390,21,855000000,,0.017543999666254986,-0.016190227098646412,-0.022850973001754385
21.856,1391,21,856000000,,0.01401228022986916,0.032680660332053524,-0.03433143583543698
21.86,1392,21,859000000,,0.007601330055055821,0.05376357088421336,-0.03385534230816365
21.867,1393,21,866000000,,0.0026818105127164316,0.0491962603867716,-0.017021940683725836
21.873,1394,21,873000000,,0.016585782877210527,-0.057874496266188784,0.0026534696177687375
21.878,1395,21,878000000,,0.0024381834970618726,-0.02647495787379365,0.005082144995523525
21.892,1396,21,891000000,,0.017192813137453758,-0.060222319150871555,-0.010648860152967933
21.893,1397,21,893000000,,0.013625291038190086,0.004404135259062442,-0.036481273611911544
21.906,1398,21,906000000,,-0.001837246731722593,0.05344751274340252,-0.027671202815946053
21.932,1399,21,930000000,,-0.003248712728158595,0.053510331492277824,-0.020894617289941325
21.933,1400,21,933000000,,0.023230249396563506,-0.07737566599618811,0.02451320733716387
21.936,1401,21,936000000,,0.017294082180874863,-0.058639175487853946,0.023995662373295486
21.944,1402,21,944000000,,0.011144943879268858,-0.03904841575461845,0.022010082107095603
21.962,1403,21,961000000,,0.02141496985274995,-0.06273566242288518,0.014366389620327614
21.968,1404,21,965000000,,-0.0035655994934578484,0.005902414813859858,-0.01959060720442682
21.991,1405,21,991000000,,-0.014853945724112666,0.05915843199916686,-0.03299278348781677
21.996,1406,21,996000000,,-0.007342596411425968,0.026452488107302767,-0.011926243861020397
22.003,1407,22,3000000,,-0.009484152327466685,0.01857752222113567,0.004148529068494576
22.011,1408,22,10000000,,0.0007506896556210563,-0.022476355851718213,0.012920361567731615
22.02,1409,22,17000000,,0.0044513085016484166,-0.025858958968093176,0.010541195497406106
22.054,1410,22,53000000,,0.010871825542768946,-0.015454727591178238,-0.011420580712309378
22.067,1411,22,66000000,,-0.003514795005201781,0.004014603637333062,-0.004581408199154433
22.076,1412,22,76000000,,-0.006633901895498175,-0.017852511439022667,-0.004434735462295567
22.085,1413,22,84000000,,-0.006524048035402252,-0.00016774479972811278,-0.019906571262740556
22.102,1414,22,99000000,,-0.005512122337901392,0.0339421957701636,-0.03443467404919627
22.121,1415,22,121000000,,0.004187920466452607,0.04358739551293053,-0.03245568870568265
22.129,1416,22,129000000,,0.01071843677941761,0.018410843301582873,-0.0050793103248631365
22.137,1417,22,133000000,,0.010652558569412402,0.01854537441726515,-0.00531800684873007
22.162,1418,22,162000000,,0.020426756105979466,-0.030763324832401615,0.021272311033595066
22.165,1419,22,164000000,,0.012872199946707978,-0.022595731315400755,-0.0033079245901820493
22.172,1420,22,169000000,,0.004101570107825239,0.00023414528940078096,-0.003651035504829844
22.179,1421,22,177000000,,0.00684156564936839,-0.0019783235509802394,-0.01502267715739127
22.187,1422,22,186000000,,0.007485004401116597,-0.018213488981752218,-0.0009469873011876528
22.192,1423,22,191000000,,0.0006479849095549876,-0.011728615764941094,0.012532344157069442
22.192,1424,22,192000000,,-0.008743846644450645,0.006345448789906996,0.014128100667328254
22.206,1425,22,205000000,,0.004549421265583872,-0.028545017408968514,0.014027192958470153
22.22,1426,22,220000000,,0.017799566298321905,-0.05682184809092205,-0.00193328726330462
22.238,1427,22,238000000,,-0.0040378845604135405,0.015581177983757596,-0.02503083618302629
22.254,1428,22,250000000,,-0.0071084491339400944,0.03516787074853258,-0.03230863040142749
22.278,1429,22,269000000,,-0.014284337944506799,0.05801697263862149,-0.033531875827130866
22.279,1430,22,279000000,,-0.025356650914004204,0.0687614828287478,-0.0204841445551147
22.284,1431,22,284000000,,-0.028350110496734963,0.06454970955135192,-0.010810264495667942
22.321,1432,22,321000000,,-0.03197713017163573,0.07023944234351143,-0.007418941631737802
22.335,1433,22,335000000,,0.03031548037209726,-0.018630547312886058,0.0035956650187034776
22.343,1434,22,343000000,,0.05197327667619932,-0.05779791468893811,0.023415424114031178
22.346,1435,22,345000000,,0.0604708835901932,-0.07623686579006227,0.021064535239931854
22.361,1436,22,361000000,,0.059138273293892506,-0.07296993739469222,0.020248450933938737
22.369,1437,22,369000000,,0.04581306431597165,-0.0758279369502427,0.00227124660321902
22.376,1438,22,376000000,,0.007603784544405575,-0.016159147888396744,-0.007178779170945707
22.387,1439,22,387000000,,0.004717148512106065,-0.0168591393871243,-0.010418296525570168
22.406,1440,22,398000000,,-0.015237507512519963,-0.005144224947402812,-0.01933600225383631
22.41,1441,22,408000000,,-0.05131633745850156,0.05633988798444718,-0.010028043913695847
22.434,1442,22,432000000,,-0.03684987641487,0.02914625970582766,-0.002883534241465641
22.439,1443,22,439000000,,0.0028559664920066157,0.04125099666846886,-0.01738785297163278
22.447,1444,22,446000000,,0.022557693704479992,0.018781092625124368,-0.015277333331437461
22.477,1445,22,476000000,,0.02741841244293305,0.001055268018774101,-0.0038131673197135765
22.486,1446,22,486000000,,0.016758759379779983,-0.037671762928830496,0.007681427955140844
22.495,1447,22,494000000,,0.006628615226351503,-0.02932259462485591,-0.00010293970031359512
22.502,1448,22,500000000,,-0.004533106005084546,-0.013944553228179932,-0.005599589762781206
22.519,1449,22,519000000,,-0.01050762735691471,-0.0033916626984525525,-0.009371599145845923
22.537,1450,22,537000000,,0.004348357066347352,-0.025120581051613734,-0.012889379147752116
22.542,1451,22,542000000,,0.011307656375233772,-0.010472198308040848,0.003994586947937537
22.544,1452,22,543000000,,0.007552489854541798,-0.003097276655565942,0.0034377590744131886
22.569,1453,22,569000000,,0.005121579466419676,0.0018058160650702626,0.002967799466169023
22.573,1454,22,573000000,,-0.009380821053754857,0.025349310631406403,-0.017672662411462096
22.577,1455,22,577000000,,-0.015091070618557058,0.03573434599899117,-0.017732093243573582
22.581,1456,22,579000000,,-0.014245345643064504,0.03232142228986369,-0.017160483452532085
22.583,1457,22,581000000,,-0.01320189436428054,0.030208069593875533,-0.017678138316574984
22.585,1458,22,585000000,,-0.01791513965017781,0.03899595581826272,-0.018265981259699585
22.586,1459,22,586000000,,-0.0157565342717833,0.03452802276887248,-0.018790109745333475
22.588,1460,22,588000000,,-0.015518296802116319,0.03317452616393855,-0.018875050382617255
22.6,1461,22,599000000,,0.005304318451371334,-0.007540973498259605,-0.018688844072091173
22.606,1462,22,606000000,,-0.0062546235346435716,0.016009613257280165,-0.00841507223726219
22.614,1463,22,613000000,,0.02193491802758383,-0.026649423126800957,-0.0017177661804381444
22.625,1464,22,623000000,,0.02425608089139903,-0.028854484025961934,-0.0026608925936515435
22.666,1465,22,654000000,,0.02150119835515253,-0.023043915244410823,-0.007093777683677512
22.666,1466,22,660000000,,-0.026028526699899295,0.03133874788808001,-0.009741031520216189
22.666,1467,22,664000000,,-0.028744286772033528,0.03441702022856948,-0.009078974759389805
22.682,1468,22,682000000,,-0.004549249293376046,-0.01188564446634862,-0.007428942910187414
22.686,1469,22,685000000,,-0.017009116068231675,0.016629968469836994,-0.006289465465752202
22.694,1470,22,694000000,,-0.009791390231247482,0.005607893096546641,-0.0067906310002650155
22.699,1471,22,699000000,,0.0029898753516838265,-0.011195122696360197,-0.007643895974658318
22.71,1472,22,709000000,,0.00322804411168536,-0.00431266305877181,-0.009144112157145452
22.71,1473,22,710000000,,0.006003084382356075,0.01089604590460098,-0.01688148432826386
22.733,1474,22,733000000,,0.0004288692463677076,0.02210435901888889,-0.017890442777719586
22.748,1475,22,748000000,,-0.00289405823800337,0.023388855241413438,-0.013941105544364053
22.757,1476,22,757000000,,0.0015745851350469856,0.011409439224733182,-0.00923732073600253
22.773,1477,22,773000000,,0.005547605414664766,-0.0009455098895859897,-0.0046416076129771194
22.783,1478,22,780000000,,-0.0032888274003256158,-0.00127742328697069,-0.005932875933849992
22.793,1479,22,793000000,,0.01314457505729526,-0.030027960951833015,-0.004924329219843862
22.805,1480,22,805000000,,2.6445260047178176e-05,6.003649643654494e-05,-0.0042351008381740565
22.818,1481,22,817000000,,0.0011146312681772127,0.005878155234651718,-0.004774039221094545
22.832,1482,22,831000000,,-0.005745923778640964,0.01621457386146738,-0.00650897799177994
22.84,1483,22,840000000,,-0.005652180965008333,0.00968407360014566,-0.009144708383850557
22.864,1484,22,864000000,,-0.013881383364178107,0.01966300279344302,-0.010485638394934486
22.889,1485,22,889000000,,0.0028627474639316038,-0.010938589312718117,-0.01099120874693391
22.897,1486,22,896000000,,-0.0049188643971117794,0.0029233731145675897,-0.011152513497164984
22.903,1487,22,903000000,,-0.0013863532233420565,0.007319386649153407,-0.009680120607852975
22.915,1488,22,914000000,,0.016565911862860674,-0.010199397233300357,-0.008686143074766998
22.924,1489,22,920000000,,0.008655511267952928,-0.002615448400668324,-0.00791631136927848
22.93,1490,22,930000000,,-0.0035080564485231083,0.011147060178730565,-0.007347112795085579
23.007,1491,22,952000000,,-0.0010414157577513308,0.006501432328922422,-0.007725478362580033
23.007,1492,22,960000000,,0.0002995402362966932,0.0029647020837885087,-0.007049261625780257
23.007,1493,22,960000000,,-0.004363248601266623,0.01024606459122468,-0.007696681788488665
23.007,1494,22,960000000,,-0.010676068025674139,0.014652469318007226,-0.007443846441959654
23.007,1495,22,970000000,,-0.012696668450485265,0.017553727961241966,-0.008092044006272633
23.007,1496,22,970000000,,-0.011108823653890388,0.014697232224041195,-0.008730901073013773
23.007,1497,22,970000000,,-0.012011514886392105,0.010117780949993063,-0.008899423352857063
23.007,1498,22,970000000,,0.007355633277343026,-0.020327752634306234,-0.009459850213726655
23.007,1499,22,984000000,,-0.002834307192671486,-0.004289530602440336,-0.010156841188008569
23.007,1500,22,993000000,,0.0026826570000045317,-0.01059127987913367,-0.01193808519670054
23.007,1501,22,993000000,,0.00010277193878809737,-0.006501744364174418,-0.012607844241223711
23.007,1502,22,993000000,,0.007033968390130126,-0.0075414095169366695,-0.01410000011346833
23.007,1503,23,1000000,,0.0059800895904350195,-0.006068341219606912,-0.014765954016686983
23.007,1504,23,7000000,,0.016338734019252524,-0.013791139050353,-0.015673512742726263
23.007,1505,23,7000000,,0.011379888901104359,-0.006332282717547301,-0.016372276287972214
23.007,1506,23,13000000,,0.002117296304136232,0.010359133426070347,-0.016042971338806163
23.007,1507,23,13000000,,0.012130649386563856,-0.004604575219583115,-0.016156374087915662
23.007,1508,23,13000000,,0.011737308391178907,-0.0042494405158656325,-0.015823689624520416
23.007,1509,23,22000000,,0.0029816567907263707,0.008627324613027508,-0.01655737755228839
23.007,1510,23,27000000,,-0.007885458818175935,0.014985541769751629,-0.013434627868528164
23.007,1511,23,34000000,,-0.010291620734123538,0.004603047548515168,-0.0103494630684956
23.063,1512,23,55000000,,-0.01739708492732071,0.011196500899287316,-0.0101418148246728
23.066,1513,23,66000000,,-0.004712385500087339,0.004282321624113501,-0.013016593123933896
23.094,1514,23,94000000,,0.0026706693504172,0.004686468115963636,-0.015329771184465806
23.104,1515,23,96000000,,0.0022393066407644545,0.017615585989486746,-0.014397487151877808
23.141,1516,23,141000000,,0.006910324593051299,0.0069263048822385855,-0.012475937733574551
23.152,1517,23,152000000,,-0.0014482954476739201,-0.0016764894296547467,-0.009971427150844293
23.154,1518,23,154000000,,0.004007036812173374,-0.005901582968846256,-0.009007627068726116
23.175,1519,23,171000000,,-0.0004371864598375812,-0.0019228102622765733,-0.007809504437798728
23.186,1520,23,180000000,,-0.009571813452523767,0.0035332756475247363,-0.004302381771992623
23.212,1521,23,209000000,,-0.004045615026340965,-0.009762001297575843,-0.006261616949820528
23.264,1522,23,263000000,,0.009479309995225617,-0.0024800947945919183,-0.013619689173851054
23.272,1523,23,271000000,,-0.013598542678959148,0.02746963551572688,-0.011461478824239764
23.278,1524,23,277000000,,0.007681031104817182,0.007241476132735113,-0.015472321892449108
23.344,1525,23,344000000,,-0.005720227012521501,0.025832518660398332,-0.016396819299658576
23.368,1526,23,368000000,,-0.004720871788580665,-0.01391199908996234,-0.0035654322840808195
23.375,1527,23,374000000,,-0.007630344253613098,-0.0011417057336338809,-0.0011708137168906058
23.389,1528,23,389000000,,-0.011707493644443566,0.003442883363943902,-0.0005394151513566452
23.427,1529,23,425000000,,-5.844174530842891e-05,-0.022300961440901053,0.0064316427034036925
23.43,1530,23,430000000,,-0.006778242315900332,-0.007598689737442416,0.0021993312094791776
23.456,1531,23,455000000,,-0.007023668467659421,-0.004102956649458306,-0.0005155850663794226
23.468,1532,23,468000000,,0.005383497833397291,-0.006474444502666607,-0.009231623706108884
23.486,1533,23,478000000,,0.003989078474311906,0.003723320684840878,-0.012704956977889667
23.486,1534,23,486000000,,0.0022934298355701613,0.011220027574938788,-0.013348530147774361
23.499,1535,23,499000000,,0.0034262464988125464,0.007643329967790036,-0.011374681930058172
23.505,1536,23,505000000,,-0.004794072037688168,0.013730642638616003,-0.010343718999090902
23.516,1537,23,515000000,,-0.004409294796167462,0.012887201483298482,-0.011025912910893103
23.544,1538,23,544000000,,-0.008544577957176183,0.015454161607888135,-0.011662250776385049
23.553,1539,23,553000000,,-0.0011157460348826627,0.007053242986275812,-0.018566967889062917
23.563,1540,23,563000000,,-0.0040077079796072956,-0.008447606874144576,-0.011573269889086888
23.566,1541,23,565000000,,-0.006542365788414013,-0.001984383807288836,-0.014774024210041916
23.585,1542,23,583000000,,-0.009464072975629265,0.0031124228908000397,-0.01629519547338609
23.608,1543,23,608000000,,0.009935734559921977,-0.013168766880493378,-0.01906152584110505
23.633,1544,23,633000000,,-0.006045512571744217,0.002944120383896305,-0.005347653944070621
23.656,1545,23,653000000,,-0.0027371761104351563,0.008260098234586078,-0.0075547635210581575
23.667,1546,23,667000000,,-0.013478360277785524,0.017394881684602927,0.003140117875496376
23.673000000000002,1547,23,673000000,,-0.008563787399127217,0.008184367166087782,0.0030205344046426046
23.678,1548,23,678000000,,-0.010009147159278944,0.010462209672408027,0.0018721697634916132
23.686,1549,23,685000000,,-0.008143363495317444,0.00907264633804768,-0.0006339418566747755
23.691,1550,23,690000000,,-0.007230820323787765,0.009500493322766847,-0.005753764998248314
23.717,1551,23,714000000,,-0.007371990131415262,0.010072653190935947,-0.008712146897684927
23.726,1552,23,724000000,,-0.0023273537756047353,0.002422168508113479,-0.008463089881796712
23.764,1553,23,762000000,,-0.0004936184426974884,-0.002522018791067178,-0.007926946112204855
23.776,1554,23,776000000,,-0.0033202489631901917,0.006413167313605227,-0.014866397246134928
23.784,1555,23,781000000,,-0.004766839678551769,0.009584969111981647,-0.01621058105729407
23.786,1556,23,785000000,,-0.0006266829026263078,0.0030506258358833586,-0.016576144396636308
23.79,1557,23,790000000,,-0.004890151946785335,0.008935835709074965,-0.01691056013974605
23.799,1558,23,799000000,,-0.006394680777639871,0.010171635485020453,-0.016440940629074304
23.804,1559,23,803000000,,-0.007442237179725153,0.008682746226321024,-0.013754183742320712
23.815,1560,23,815000000,,0.003436324991083826,-0.008352747227904925,-0.013987199459098232
23.819,1561,23,819000000,,-0.0048818600328349795,0.0015513581113671575,-0.010929652767875114
23.845,1562,23,845000000,,-0.004699969604445392,0.0005531012983104602,-0.010698501913859727
23.848,1563,23,848000000,,-0.002860187052885389,-0.0007002769885792268,-0.0115080763968443
23.854,1564,23,853000000,,0.002253808522723517,-0.008331492585976895,-0.012227063593000345
23.857,1565,23,855000000,,-0.0035035269316249854,0.0006529079549348496,-0.013055667710335814
23.883,1566,23,876000000,,-0.0036953754593882235,0.0009246651900206443,-0.013947111934373348
23.893,1567,23,888000000,,-0.0026575152438187985,0.001959475099324622,-0.015638920377320162
23.893,1568,23,893000000,,-0.00699028172788422,0.008380565604359173,-0.01448610759457197
23.914,1569,23,914000000,,-0.00632202899691345,0.0070225560937706944,-0.014879898250963754
23.923000000000002,1570,23,922000000,,-0.0046885527836854676,0.003822493126814967,-0.009987273699916921
23.927,1571,23,926000000,,-0.0024975453533573936,0.0009449591454501571,-0.00949449022460595
23.934,1572,23,934000000,,-0.004183378167967941,0.003982129066433368,-0.009834948540232018
23.938,1573,23,937000000,,0.004193406318402906,-0.008669056875284903,-0.010787623476816822
23.941,1574,23,941000000,,-0.004364758896799017,0.005362298579950508,-0.011761978294598683
23.944,1575,23,944000000,,-0.006154238856559199,0.008831474354037385,-0.013863633521765492
23.948,1576,23,948000000,,-0.005408177776994172,0.00745012941477478,-0.014685750727564428
23.953,1577,23,953000000,,-0.006004588410386314,0.008094261698528176,-0.0160547613657632
23.957,1578,23,957000000,,-0.008711414025735253,0.011439903007647504,-0.016635929565226266
23.964,1579,23,964000000,,-0.007617932094642585,0.00920396361558237,-0.0171953749695062
23.97,1580,23,970000000,,-0.006862661532335766,0.0075562452437899445,-0.017782624814941927
23.976,1581,23,976000000,,-0.008562777553428878,0.009200762512253649,-0.017371047515772377
23.978,1582,23,978000000,,-0.006352361828035154,0.0037654434952845463,-0.014664028993923975
23.988,1583,23,988000000,,-0.009413334610962283,0.00893473841747129,-0.012883579964158676
24.004,1584,24,4000000,,-0.006187821952802275,0.004963622741754842,-0.011511180044097423
24.004,1585,24,4000000,,-0.009553518247985698,0.008367238072492874,-0.013862721123791036
24.02,1586,24,20000000,,-0.009970635326995707,0.007629716555535576,-0.013863552914237132
24.048,1587,24,48000000,,-0.009184150215298805,0.005318708375389587,-0.013585796357643008
24.063,1588,24,63000000,,-0.003073840729025518,-0.00020752528605681036,-0.007297625653082986
24.067,1589,24,67000000,,-0.0008108201683872875,0.00010499438290440606,-0.006879578583154326
24.125,1590,24,123000000,,0.0003351939938679374,-0.001554997246084405,-0.007601568051304708
24.138,1591,24,137000000,,-0.013059963953143619,0.010291634526922739,-0.007366169612199433
24.141,1592,24,141000000,,-0.006606298515602798,0.0031968537017920073,-0.0083216617044154
24.159,1593,24,147000000,,-0.009075133385942737,0.006988620875534325,-0.009058282718060109
24.172,1594,24,172000000,,-0.010565466492147945,0.010818821637103076,-0.010023945761614233
24.214,1595,24,214000000,,-0.008411764428689454,0.004251895157742226,-0.01085834412112985
24.222,1596,24,221000000,,0.000726045066466363,-0.00011831506951272806,-0.010628682811362065
24.239,1597,24,239000000,,0.0002578273251572366,0.003071062528579147,-0.010890961771287021
24.255,1598,24,253000000,,-0.00019702075084924173,-0.002492145976111404,-0.009262001765505897
24.277,1599,24,277000000,,-0.008692433438018187,0.004120757887717354,-0.009775691394576725
24.281,1600,24,281000000,,-0.006270169160112177,0.004144603086060008,-0.01055658652502563
24.287,1601,24,286000000,,-0.005361394362541737,0.00544502574633674,-0.010722825123242487
24.292,1602,24,292000000,,-0.004982476258407407,0.004711741159853113,-0.011347734428817379
24.34,1603,24,340000000,,-0.005900402006877786,0.006023967055267545,-0.012023224852173662
24.346,1604,24,346000000,,-0.008501492596279735,0.0035446133409862933,-0.009897221002072952
24.357,1605,24,356000000,,-0.006609964970341163,0.003459779162837303,-0.010864005408382092
24.383,1606,24,383000000,,-0.001524100614636784,-0.0012435515616786776,-0.01144155114768526
24.394,1607,24,394000000,,-0.0014844687227999677,-0.0003046008607501141,-0.008687294943389325
24.399,1608,24,399000000,,-0.004347201192287202,0.0032581101551262767,-0.008633020735021719
24.399,1609,24,399000000,,-0.0019041088760473404,-0.002318311115386005,-0.008657300699005839
24.403,1610,24,400000000,,-0.007103688688133771,0.005633839143725608,-0.009163755285160577
24.409,1611,24,403000000,,-0.006261576347026926,0.004084251982475376,-0.009773611443996764
24.41,1612,24,409000000,,-0.007417705249401424,0.0038203003641817516,-0.010084584850209577
24.412,1613,24,411000000,,-0.008801169950409297,0.00579833825278899,-0.010816602370432641
24.449,1614,24,448000000,,-0.00838243993656622,0.003675439134082525,-0.011303089937863598
24.45,1615,24,450000000,,-0.004577841567494219,0.0006075365239602577,-0.013840723339361403
24.452,1616,24,451000000,,0.0053119824626486935,-0.01522385108131105,-0.014506167152114098
24.454,1617,24,453000000,,-0.004872387142970288,0.0009626024408094532,-0.015291840109441557
24.456,1618,24,456000000,,-0.007488400673583447,0.004818212022486405,-0.01597886370406182
24.458,1619,24,458000000,,-0.005587633451645973,0.002968599706029483,-0.016958533589036
24.463,1620,24,463000000,,0.00013570682452204393,-0.0051758412452119545,-0.01781705752427173
24.468,1621,24,467000000,,-0.005059837643874792,0.004186611865042643,-0.01858780904670965
24.47,1622,24,470000000,,-0.004097215851751902,0.0034763959915351857,-0.019317179246886463
24.475,1623,24,475000000,,-0.0018726983100513558,0.0007830570189884746,-0.019902478550631663
24.479,1624,24,478000000,,-0.0023343014761708306,0.0018946375993803034,-0.020385193822900174
24.483,1625,24,483000000,,-0.006133418540087836,0.007828411140091614,-0.021266131121725308
24.487,1626,24,487000000,,-0.007232840251162121,0.009702148781001708,-0.021632751566705716
24.49,1627,24,490000000,,-0.0061191940899847745,0.008056607443776518,-0.022139698220696342
24.496,1628,24,493000000,,-0.00871739967679662,0.01157250942309097,-0.02244507260373306
24.499,1629,24,498000000,,-0.006944620062859437,0.008430055018705359,-0.022256381005974935
24.507,1630,24,502000000,,-0.008111066808264992,0.009293848778064748,-0.022006256011949787
24.508,1631,24,508000000,,-0.005241695391078711,0.004358801051059272,-0.021452974739074364
24.513,1632,24,511000000,,-0.006121370645066239,0.002068302038630854,-0.020619022806203136
24.515,1633,24,514000000,,-0.008249888435945754,0.0018904183128605136,-0.02049177316004784
24.518,1634,24,517000000,,-0.007290217368566266,-0.00022616216127350553,-0.02122958879735131
24.522,1635,24,521000000,,-0.007127860739789694,-0.00030119340534335974,-0.022704371580146432
24.524,1636,24,524000000,,-0.002789989580887883,-0.0036773400812192703,-0.024642081216113786
24.529,1637,24,528000000,,-0.006447217874029329,0.004251579171196755,-0.026439268751473934
24.537,1638,24,536000000,,-0.002523807237306322,0.0032022831023795877,-0.02682046362777494
24.541,1639,24,541000000,,-0.00477370910860734,0.00765979881714113,-0.024383996935120042
24.543,1640,24,543000000,,-0.006683893604151019,0.00899522507174591,-0.022760942709047424
24.549,1641,24,546000000,,-0.006966119975183413,0.007700537461669402,-0.021109969271746756
24.55,1642,24,550000000,,-0.004453133618574134,-8.215861315997368e-06,-0.017334530386833025
24.553,1643,24,553000000,,-0.008690421267750034,0.0038572148484443216,-0.016988732580901878
24.585,1644,24,584000000,,-0.006759085720175105,-0.003325397002378886,-0.014298015367625585
24.609,1645,24,609000000,,-0.005141824565766992,0.0015195993204582124,-0.002380659873522706
24.61,1646,24,610000000,,-0.005142118657315321,0.01044869279960341,-0.00722536600442383
24.625,1647,24,624000000,,-0.006622767126106066,0.012838388010460836,-0.007977543838597806
24.628,1648,24,628000000,,-0.006999000315443573,0.012192847275225183,-0.007737864709794305
24.633,1649,24,633000000,,-0.007624537803639255,0.010737353563703226,-0.007431624608399298
24.639,1650,24,638000000,,-0.007269220022151405,0.006533893702964779,-0.006298662645449079
24.641,1651,24,640000000,,-0.004156763326582796,-0.000550912573213498,-0.005225789974734325
24.648,1652,24,647000000,,-0.008724585868738699,0.003855459050179856,-0.005687357842209716
24.652,1653,24,652000000,,-0.008749453637466627,0.0008380169228066856,-0.005668381338631772
24.654,1654,24,654000000,,-0.005722344661585298,-0.0026559251838997886,-0.00637028479073683
24.658,1655,24,655000000,,-0.006957542007913467,-0.0014088697944361968,-0.00708021532663534
24.667,1656,24,667000000,,-0.007034377063079771,-0.0014562724624500615,-0.007786944342241306
24.674,1657,24,674000000,,-0.00645983635974794,-0.0028445407876437592,-0.009256144717787376
24.676,1658,24,676000000,,-0.0047580390098209855,-0.0031553398289056447,-0.012922838423833533
24.707,1659,24,707000000,,-0.0016000007774167233,-0.005740891058821847,-0.014682599010063399
24.712,1660,24,712000000,,-0.0047250782831417225,0.00865047394370701,-0.02071568885287227
24.718,1661,24,718000000,,-0.002706369537867969,0.006489776694989531,-0.020179387549988225
24.726,1662,24,725000000,,-0.008412610752544266,0.0108845877737143,-0.017248215077031028
24.732,1663,24,732000000,,-0.005238848352841184,0.006893179520968566,-0.016413394949732367
24.746,1664,24,746000000,,0.002183883913519457,-0.00019620887274665675,-0.016082968873744805
24.75,1665,24,750000000,,0.0006394232938398544,-0.002922599269168182,-0.011743049770809262
24.759,1666,24,759000000,,-0.005099212068126992,0.0007627964147539068,-0.012582560767892294
24.762,1667,24,762000000,,-0.010016401950664439,0.005035126733818286,-0.013294676231287876
24.767,1668,24,767000000,,0.0022680298302742057,-0.005698650554178774,-0.013992485812991222
24.809,1669,24,809000000,,-0.006038497898128209,0.0012188201734029064,-0.014935710528530119
24.81,1670,24,810000000,,-0.008590212202294127,0.0030879668402998555,-0.011975722930067326
24.816,1671,24,816000000,,-0.007282653079650589,0.0015667155137216262,-0.011177078376827125
24.821,1672,24,821000000,,-0.009185582157982791,0.002612519952260698,-0.009932995851444281
24.826,1673,24,826000000,,-0.010752368898715307,0.0036998331342180234,-0.00990977490977851
24.832,1674,24,829000000,,-0.01319996387995849,0.005537761820655243,-0.010373723081181098
24.835,1675,24,832000000,,-0.006178364166921891,8.858974795121347e-05,-0.010868372281455043
24.838,1676,24,838000000,,-0.011903386614209286,0.004501331575945182,-0.01162864590859413
24.858,1677,24,857000000,,-0.0018579443614234023,-0.00286575151836738,-0.012374722315292592
24.865,1678,24,865000000,,-0.011653181325895037,0.005132108139246858,-0.01393232865945721
24.915,1679,24,912000000,,-0.013518087037990184,0.009401732683670382,-0.019234395787884457
24.919,1680,24,917000000,,-0.011521262884838512,0.010558708847287705,-0.022831165910730207
24.928,1681,24,925000000,,-0.014410321588803456,0.012660008051161223,-0.023488017148665982
24.931,1682,24,931000000,,-0.011418211911834139,0.009981468418987663,-0.022258043017434722
24.932,1683,24,931000000,,-0.008006258993570582,0.006219724330331662,-0.019080974771142883
24.935,1684,24,935000000,,-0.01153563096535123,0.008036588076765367,-0.017825257459540556
24.938,1685,24,935000000,,-0.00775365794846382,0.004786618779522038,-0.01569036620274014
24.945,1686,24,945000000,,8.948027146259748e-05,-0.00014941574155537913,-0.01573619157687191
24.946,1687,24,946000000,,0.0027598301490441846,0.00245297834162956,-0.024137683974241975
24.948,1688,24,947000000,,-0.0054112820837292795,0.007554310558598976,-0.02462177686859427
24.95,1689,24,950000000,,-0.004298786830925912,0.005738306147787803,-0.022301090469913156
24.973,1690,24,953000000,,-0.003755251402514993,0.004458442222873958,-0.02036044163261304
24.992,1691,24,979000000,,-0.003043908710567035,0.0026639759023687893,-0.014877922552970697
24.992,1692,24,985000000,,-0.008432292629969591,-0.00038328880788279275,-0.00658229978770423
24.992,1693,24,992000000,,-0.007969656707649996,-0.0007334119702396001,-0.0036159690221370284
24.995,1694,24,995000000,,-0.0053268510859332055,-0.002300946761184722,-0.004283031165826028
25.011,1695,25,10000000,,-0.006406674544794451,-0.0016972416023865223,-0.004954599323027059
25.024,1696,25,23000000,,-0.006802753154644106,0.006084239747138973,-0.008872749094825914
25.03,1697,25,29000000,,-0.0067329218330219095,0.0073877240673855,-0.014736404250428955
25.031,1698,25,31000000,,-0.009718572980747766,0.009016784703724006,-0.016454928321171684
25.032,1699,25,32000000,,-0.007860080888164455,0.00793251624896408,-0.017449896107505913
25.051,1700,25,37000000,,-0.010311322238517443,0.009193978958508013,-0.018479902762991184
25.057,1701,25,56000000,,-6.602437905782466e-05,-0.0020969018076757696,-0.015666660386509858
25.06,1702,25,60000000,,0.00016247511471386908,-0.0017731696048149028,-0.01633010725567194
25.062,1703,25,62000000,,0.015619346780837217,-0.009675197148872541,-0.015201696951654
25.07,1704,25,68000000,,0.011580709838583472,-0.006669657388304067,-0.015347533315053499
25.073,1705,25,70000000,,-0.0013931688671039925,-0.0020929598284274995,-0.014270909002537822
25.079,1706,25,73000000,,-0.0035823367040918627,-0.0012020988999272807,-0.01478071229689976
25.079,1707,25,79000000,,-0.004711398300928956,-0.001219247981531083,-0.013783686729688778
25.081,1708,25,80000000,,0.0034984769676881344,-0.0039720013678924415,-0.012853964893894475
25.082,1709,25,82000000,,-7.106399898238434e-07,-0.002553442306905749,-0.013023174988274626
25.082,1710,25,82000000,,1.62176633901113e-05,-0.0021665154451981357,-0.013237827886335651
25.082,1711,25,82000000,,-0.004453886020018752,0.003495266925137926,-0.013483817866354292
25.083,1712,25,83000000,,-0.005551931150619265,0.006198889028724338,-0.01580726780966656
25.083,1713,25,83000000,,-0.006126049586185293,0.006391683954112015,-0.01645396440039104
25.09,1714,25,83000000,,-0.007473150081144048,0.006997872481047544,-0.017324434280426276
25.09,1715,25,90000000,,-0.006854443804106049,0.006824130041442651,-0.017967987200030476
25.123,1716,25,101000000,,-0.003723956771571686,0.00602403122935405,-0.018604107339420792
25.123,1717,25,114000000,,0.0039477847246374015,0.004724735685121141,-0.020709353296930463
25.15,1718,25,149000000,,-0.00886873854050728,0.0033464130767752566,-0.02019198894137715
25.15,1719,25,159000000,,-0.011785085230892028,0.00034973139842618955,-0.01638905204920887
25.174,1720,25,173000000,,-0.005886584710599111,-0.0007782964647438633,-0.012923003294004809
25.183,1721,25,183000000,,-0.01203334121127746,0.0021123096512670483,-0.010996841777596562
25.19,1722,25,189000000,,-0.012222456884348048,0.002404742909582365,-0.011138860026573535
25.194,1723,25,194000000,,-0.011900159479373191,0.0022025814847677965,-0.011557774893742042
25.198,1724,25,197000000,,-6.420053013501958e-05,4.1422470371289875e-05,-0.012214813444869606
25.208,1725,25,202000000,,-0.010888036601282972,0.0020746384864370688,-0.012797043975128415
25.208,1726,25,206000000,,-0.007634163094976115,0.001268665109510931,-0.013364339466551257
25.229,1727,25,227000000,,-0.0070631643484111075,0.0008124427952490379,-0.013313237946645615
25.255,1728,25,255000000,,-0.008665230145449013,0.0011908127830838999,-0.013695461526126636
25.267,1729,25,260000000,,0.0011419343176559283,0.007988561612320838,-0.01332858827614339
25.276,1730,25,269000000,,-0.006171909703920096,0.006885890522509541,-0.013359103639222577
25.283,1731,25,283000000,,-0.01023520205171877,0.0034109702653926754,-0.013702641678845232
25.287,1732,25,287000000,,0.005992973016651896,0.0006778208036910861,-0.014328381006426702
25.295,1733,25,295000000,,-0.0015279449552525596,0.0022547850719241832,-0.015210616839384565
25.297,1734,25,295000000,,0.004615756496534522,0.004728360091925924,-0.015615322781097531
25.3,1735,25,300000000,,0.0037325082275296902,0.005630982661887364,-0.016142114521111885
25.3,1736,25,300000000,,-0.001333832383398961,0.006869232657323998,-0.01660374427540616
25.343,1737,25,343000000,,0.005427567393563674,0.006424792675064107,-0.017123880743540026
25.343,1738,25,343000000,,-0.009352860971312688,-0.002622108267030494,-0.012266345297943316
25.355,1739,25,343000000,,-0.010897554448387267,-0.003939968577879536,-0.012868057450094148
25.362,1740,25,362000000,,-0.004129023694687736,-0.003528901187668786,-0.014560207971573187
25.368,1741,25,362000000,,-0.005432580182774368,-0.00026650933844351167,-0.010969726785865684
25.394,1742,25,393000000,,-0.005991808991957453,-0.00017399377733984345,-0.011567640255389386
25.406,1743,25,405000000,,0.005235635398522281,0.003015541151269534,-0.008618176209997708
25.451,1744,25,451000000,,-0.008939799510051095,0.0008760312562217157,-0.010594642452774625
25.461,1745,25,461000000,,0.0038951279232885476,0.005000142955892582,-0.01681463437445995
25.468,1746,25,468000000,,-0.01579325805600591,0.0022736090983986124,-0.012709657481404348
25.478,1747,25,473000000,,-0.014756522918080425,-0.0005854401555612486,-0.012222830339455593
25.49,1748,25,490000000,,-0.012498350446716822,-0.0018297279244626448,-0.014763164717043947
25.502,1749,25,501000000,,-0.006175457443389966,-0.0012722564623974654,-0.018077731525218788
25.528,1750,25,527000000,,-0.008367833591906371,0.0032105368775626904,-0.02060157738609241
25.536,1751,25,531000000,,-0.003004921870585152,0.009439875773707735,-0.010758723906102101
25.536,1752,25,533000000,,-0.00367070103519662,0.00942880174106766,-0.0112424971150254
25.536,1753,25,535000000,,0.006122504084188805,0.010010522182635534,-0.011822474286008806
25.539,1754,25,537000000,,0.0028655195575133623,0.009880873992598726,-0.012398111111575991
25.543,1755,25,541000000,,0.004965810571583359,0.009803642346331938,-0.01189057415992651
25.551,1756,25,545000000,,0.0018391093880522455,0.006357559464128717,-0.008586657499894092
25.552,1757,25,552000000,,-0.004410558158857133,0.004868280175596309,-0.010080203560212764
25.559,1758,25,559000000,,0.00047235960366148657,0.005373071600685092,-0.010650284976813789
25.575,1759,25,575000000,,-0.00539066526281696,-0.0010598035008421594,-0.020032767731204458
25.603,1760,25,602000000,,-0.007601215400203837,-0.0001631189430607273,-0.019523681647503618
25.647,1761,25,647000000,,-0.006313558676909167,0.00040411637085443727,-0.01049431157112075
25.651,1762,25,651000000,,-0.008723763469784403,0.00030114300616250933,-0.0057663865533274135
25.654,1763,25,654000000,,0.004429287684313525,0.002176738759316918,-0.00692391252801099
25.661,1764,25,661000000,,0.008570399410521725,0.0035360984972273475,-0.008342370555586943
25.671,1765,25,671000000,,-0.005341381452406836,0.006692574589115801,-0.013466101223072596
25.697,1766,25,697000000,,-0.005560592606905421,0.008449199929727534,-0.011365954543730596
25.707,1767,25,706000000,,-0.0068771849949600785,0.002577515065175808,-0.0006091498861108477
25.713,1768,25,713000000,,-0.0003238249877638923,0.0026910165363347423,-0.0025111495157799195
25.747,1769,25,747000000,,-0.005809853153628764,0.0006714466457650381,-0.005119272200750509
25.754,1770,25,754000000,,-0.009229743408046324,-0.0008524976346481087,-0.012836063563639429
25.761,1771,25,761000000,,-0.007640703050585608,-0.0009488824012508028,-0.010777626194365715
25.77,1772,25,770000000,,-0.005051560837382127,-0.00040003328987043467,-0.010005413705173636
25.773,1773,25,770000000,,-0.007014298336946562,-0.0006392116555492528,-0.00940474159904019
25.798000000000002,1774,25,797000000,,0.006937641598664624,0.002225774822992508,-0.009640466029062801
25.803,1775,25,803000000,,-0.008548098641314127,-0.001180758542588971,-0.007891520337958126
25.807,1776,25,807000000,,0.006604536505604624,0.0017393493108076906,-0.007824704363545817
25.833,1777,25,831000000,,-0.002134461212112397,-0.0002613450711173019,-0.008107146537563661
25.847,1778,25,847000000,,-0.0033484986313831516,0.00016984215262272378,-0.020612720833199483
25.854,1779,25,854000000,,-0.005750807651631718,0.0007682259032706755,-0.021827364202804865
25.871,1780,25,871000000,,-0.005501109276744362,0.005743424412837579,-0.02087932644103551
25.875,1781,25,875000000,,-0.0020966759008881697,0.004785151339444326,-0.012524970435554714
25.875,1782,25,875000000,,-0.004713761525643696,0.003909761495612865,-0.014930497887964644
25.892,1783,25,891000000,,-0.0019321863231017368,0.004620079773807733,-0.015439759348995327
25.921,1784,25,920000000,,-0.009549590998476652,0.003999980161075106,-0.02599217094711124
25.932,1785,25,932000000,,-0.011241071929981195,0.004015347360992311,-0.009663980633336922
25.937,1786,25,937000000,,-0.006054541305752022,0.0019353172684229974,-0.01297096786619141
25.947,1787,25,947000000,,-0.009975949379149864,-0.0001327729355934124,-0.013150012848214598
25.959,1788,25,959000000,,-0.0050609315746732945,8.595894376504389e-05,0.0013870250440218192
25.962,1789,25,962000000,,0.0005765359626748873,0.003854936433276961,-0.001340071701080997
25.966,1790,25,965000000,,0.005620532508772682,0.005749373757859901,-0.0026126449511422144
25.997,1791,25,997000000,,0.0016579268639441017,0.004787613667878783,-0.006890208555412863
26.005,1792,26,5000000,,-0.004445719053066055,2.2774166241810827e-05,-0.015248866862622602
26.008,1793,26,6000000,,-0.01196127474406625,-0.003239307391096166,-0.01492125715581364
26.017,1794,26,17000000,,-0.009453186829884105,-0.002613046523444798,-0.015168449577374414
26.029,1795,26,27000000,,0.0030637580111048295,0.0005360745213659475,-0.013062501252753309
26.041,1796,26,41000000,,-0.0023487611560866666,0.001341053212822882,-0.007024225485132723
26.041,1797,26,41000000,,-0.0016340582175289353,0.0031000862124999744,-0.006866885122203368
26.041,1798,26,41000000,,-0.00833326413649215,0.0008218161534730135,-0.007331921590706588
26.044,1799,26,44000000,,-0.010363887931859026,0.00012067542481995742,-0.007801221340273088
26.046,1800,26,46000000,,0.0052063587099262015,0.005500798162698893,-0.008282628417093277
26.048,1801,26,48000000,,0.009309774385697033,0.007267538946063291,-0.008753429937709984
26.05,1802,26,50000000,,0.01734370007795245,0.010639255116543858,-0.009226615991297819
26.051,1803,26,51000000,,-0.003603314078210637,0.002662505573724822,-0.009664459900584274
26.057,1804,26,56000000,,-0.0002897420219547184,0.004032080327291492,-0.010126535332839151
26.063,1805,26,61000000,,0.001965524994512889,0.006983262170656061,-0.011001223303480032
26.063,1806,26,63000000,,-0.004217548001766876,0.004692277843808436,-0.011518096373245884
26.065,1807,26,63000000,,-0.004540000550735586,0.005395905966044104,-0.013352764496629735
26.067,1808,26,66000000,,-0.002188963392857607,0.006503846789824711,-0.014135944099289723
26.067,1809,26,67000000,,-0.002300107149204524,0.006993341789561421,-0.016335107677862126
26.089,1810,26,89000000,,-0.005169073064335184,0.005886879245357112,-0.017043215487268396
26.104,1811,26,102000000,,-0.004723032657217293,0.004418339974853716,-0.02081280121522089
26.112,1812,26,110000000,,-0.009205395920945469,-0.00099476591665974,-0.014863205581229149
26.122,1813,26,122000000,,-0.008713879914780138,-0.002461270144002008,-0.008841374682424078
26.124,1814,26,124000000,,0.0002888082555243042,0.0018903800608993165,-0.010307937248237446
26.138,1815,26,138000000,,-0.0023253363456411024,0.0007761118191595863,-0.01076113354914287
26.138,1816,26,138000000,,-0.007462817296453642,-0.0005716317498849512,-0.011375518750767255
26.138,1817,26,138000000,,0.005066707179535121,0.00490116739828241,-0.010097729230968331
26.153,1818,26,150000000,,-0.001185743504077298,0.0021351421325408373,-0.010506595204734074
26.175,1819,26,175000000,,0.0059949085737349035,0.005503831179422476,-0.008757577573171253
26.193,1820,26,193000000,,-0.003926966663743973,0.0025467544055390737,-0.0065917390568991235
26.196,1821,26,196000000,,-0.00396463864685084,0.003322013562009826,-0.01229774650718875
26.198,1822,26,198000000,,-0.0022374044924488874,0.0034366171698891174,-0.012973278397839991
26.202,1823,26,202000000,,-0.00831164920732819,0.0005574694313110589,-0.01336779145261683
26.218,1824,26,218000000,,-0.007639142061247731,0.0009135693957872969,-0.013770665835048691
26.222,1825,26,225000000,,-0.013573152119619101,-0.004635795615838543,-0.012849030084599939
26.227,1826,26,227000000,,0.0028309755659355076,0.003224565473526108,-0.01157310957311867
26.232,1827,26,231000000,,-0.007438702539490296,-0.0019266742521207015,-0.011943149148299692
26.236,1828,26,236000000,,-0.008283893918669518,-0.002122809425411817,-0.011133197201531518
26.24,1829,26,239000000,,-0.004915562367625211,-0.0003469384936892869,-0.011339175670402452
26.241,1830,26,241000000,,-0.0006981982502049077,0.00235784947300198,-0.010757541947400528
26.269,1831,26,259000000,,-0.006148671330149277,-3.17328302862057e-05,-0.010799402163099048
26.296,1832,26,296000000,,-0.0026160815741126785,0.0028865374035159826,-0.010237951894225515
26.344,1833,26,344000000,,-0.0060616252881291344,0.00045589244593918494,-0.011077308989181347
26.368,1834,26,354000000,,-0.008226257910110609,-0.0021618748934005504,-0.008565143122830519
26.368,1835,26,370000000,,-0.003036091642180271,-9.211509821376658e-05,-0.008539283219606977
26.384,1836,26,384000000,,0.0009541204050837132,0.006315998862893265,-0.009325291224690516
26.388,1837,26,394000000,,0.000955336335302434,0.009844578000021127,-0.009479207448758388
26.388,1838,26,394000000,,0.004754798189938661,0.012205423341943496,-0.00969592542729937
26.398,1839,26,398000000,,0.0059325534601886755,0.012938217461716426,-0.010055067317968508
26.398,1840,26,398000000,,0.003610186704953024,0.00838583350509568,-0.00932933512664617
26.398,1841,26,398000000,,-0.002578296803757363,0.005003168189625217,-0.009668459053026077
26.441,1842,26,441000000,,-0.0025303604050779496,0.005024318607219328,-0.010015020786780581
26.444,1843,26,444000000,,-0.0021271943651799056,-0.002581147902269789,-0.01032603223909452
26.452,1844,26,452000000,,-0.002014958977974161,-0.002468111524822705,-0.010804302673344543
26.458,1845,26,458000000,,-0.0024854385734832387,-0.0026064384894152783,-0.011271624066926937
26.463,1846,26,463000000,,-0.001306727559845178,-0.0017700951749558289,-0.011673021176913056
26.469,1847,26,468000000,,-0.0045505086984189876,-0.0033224789255177486,-0.01214622175285294
26.475,1848,26,475000000,,-0.0009492026895038914,0.0010576773488638618,-0.012307066060300572
26.477,1849,26,477000000,,-0.0015937417695063836,0.0012657321280941524,-0.01241725057004695
26.483,1850,26,483000000,,-0.0010017071241000717,0.0016254482923026667,-0.01273983610600641
26.489,1851,26,489000000,,-0.006072038968726835,-0.0007694172933398872,-0.012638793965457919
26.507,1852,26,506000000,,-0.006745071619888307,0.0018701311371666898,-0.011302975202086092
26.525,1853,26,523000000,,-0.006051821731403983,0.0027004734959859625,-0.008492609990829951
26.574,1854,26,574000000,,-0.004047684083556237,0.0035750225073609893,-0.009990957385534016
26.581,1855,26,581000000,,0.004398729433852817,0.0049961354749633695,-0.004883695631566433
26.584,1856,26,583000000,,-0.0017649628927947655,-0.0007241473073231494,-0.00517715194503663
26.588,1857,26,587000000,,0.0016380937416122813,0.0008155296144170684,-0.005903346902062237
26.592,1858,26,592000000,,0.003145912895961401,0.000988629404092463,-0.008051030706018612
26.612,1859,26,612000000,,0.006790147459152457,0.0039019452308346066,-0.010151773444001656
26.628,1860,26,626000000,,0.0028454382554130983,0.006207178221848635,-0.010983061720080916
26.638,1861,26,638000000,,-0.008949299849921218,0.00223333594359928,-0.007670839927329278
26.643,1862,26,643000000,,-0.008895991390434878,0.0012194395876948775,-0.005719994532280904
26.657,1863,26,657000000,,-0.003486872248314843,0.0023034507622029976,-0.005590492674640572
26.666,1864,26,666000000,,-0.005032054729268589,-0.0012441586296455228,-0.008178132800247775
26.668,1865,26,670000000,,-0.0062714036343411335,-0.0020847914016541525,-0.009848069969039435
26.681,1866,26,680000000,,-0.0025604584703379563,0.0009638855908141995,-0.01183369818354444
26.704,1867,26,703000000,,0.0006741447692828325,0.004273556168361636,-0.012347678424055562
26.711,1868,26,711000000,,-0.0017400932329873265,0.0050961449306658555,-0.00485620853453401
26.748,1869,26,747000000,,-0.0009841628192172561,0.003449674100193928,-0.0041026559239638275
26.753,1870,26,753000000,,-0.0033211980314123263,0.0015323334360831773,-0.010868111179085583
26.76,1871,26,760000000,,-0.0037721922055247025,0.001230275893948641,-0.011117871235997157
26.781,1872,26,780000000,,-0.0019251094890774109,0.00240981699490186,-0.011016492172900978
26.802,1873,26,798000000,,0.0013644542360481673,0.0009033290448758676,-0.00507005179488862
26.827,1874,26,825000000,,-0.002461950038081335,0.0025944683918615744,-0.009098562605970133
26.831,1875,26,831000000,,-0.004121254779461444,0.003719767032059984,-0.002349888217509157
26.872,1876,26,871000000,,-0.00507917536825017,0.0023364661822904927,-0.0018024064317767284
26.874,1877,26,873000000,,-0.0006640315376023869,0.001698582542826184,-0.012888920156554944
26.877,1878,26,877000000,,0.0002523415874169754,0.0022974233974274254,-0.012977770920738336
26.881,1879,26,880000000,,-0.0021796169457573744,0.0010222168097105114,-0.013075716002072673
26.884,1880,26,884000000,,0.0030800126563794955,0.004231860216462267,-0.013099625959170934
26.886,1881,26,885000000,,0.0007197858803218854,0.00306788038043719,-0.011735545941439822
26.89,1882,26,889000000,,-0.005552732649532087,-0.00036846147800004606,-0.011469118250549581
26.904,1883,26,896000000,,-0.006908466392734767,-0.0006122509352942688,-0.010220114736598465
26.916,1884,26,916000000,,-0.004668349344296706,0.0008780590578318792,-0.003326031970258929
26.927,1885,26,923000000,,0.003010070899518015,0.004840704074855009,-0.002470093346005493
26.929,1886,26,929000000,,0.0058675765103827614,0.006269199791495128,-0.0025792747960464105
26.933,1887,26,933000000,,0.0035218205915308774,0.004904364886890925,-0.0027685189896694213
26.937,1888,26,936000000,,-0.0005889296485384024,0.0025317829718417006,-0.0029061195468148707
26.963,1889,26,963000000,,-9.883446464945943e-05,0.002778369994363253,-0.003090024200670065
26.97,1890,26,970000000,,-0.002274469487023925,0.0018108394484777114,-0.011536120757771487
26.975,1891,26,977000000,,0.005320037633926624,0.006009338411787452,-0.012148672415967475
26.982,1892,26,982000000,,-0.0038628706908784595,0.0013175979058173213,-0.006626183317125007
26.987000000000002,1893,26,986000000,,-0.0011010451546865745,0.0015947228757741449,-0.006507755517997656
26.989,1894,26,989000000,,-0.0015409125560157861,0.0013467728194939616,-0.006671796388789927
26.99,1895,26,990000000,,-0.0015196959019245918,0.001336288297291024,-0.006832606033437572
26.992,1896,26,992000000,,-0.0037190485814601716,0.00012115121187773964,-0.006986615581652931
27.0,1897,26,992000000,,-0.0010289238570287303,0.001546693381888842,-0.007142744862617108
27.004,1898,27,0,,-0.004100379660618443,-0.0001165448162206784,-0.007287985279834912
27.004,1899,27,4000000,,-0.00083911578737523,0.00193053050867641,-0.012560449413049355
27.009,1900,27,9000000,,-0.006121905752614331,-0.0008630378914545734,-0.012694547485307024
27.009,1901,27,9000000,,-0.006140285222749924,-0.0008409542435004642,-0.012823991955930434
27.013,1902,27,13000000,,-0.004830854592135457,-0.00014340286461238163,-0.012960222271301648
27.016,1903,27,16000000,,-0.0017588049244916795,0.0014760823394661493,-0.013096526112306257
27.016,1904,27,16000000,,-0.00044968473066016854,0.0021420555093815317,-0.013224730309019602
27.025,1905,27,19000000,,-0.001270336439603702,0.0016776079492978693,-0.013343959439373491
27.06,1906,27,59000000,,0.009201048423179283,0.006887358314871654,-0.013484572293075984
27.071,1907,27,71000000,,-0.0036323205681419836,0.0032339096061219878,-0.0037502621480918433
27.077,1908,27,76000000,,0.0020909456833979123,0.005013240855894345,-0.0011324972148020925
27.087,1909,27,85000000,,-0.004249669948077959,0.0015928739718769343,-0.0012032691569226987
27.093,1910,27,92000000,,-0.004187525480440451,0.0015780307022105094,-0.0013266153683921516
27.106,1911,27,106000000,,0.004471526900919673,0.005565246097327951,-0.002107412328209565
27.115,1912,27,115000000,,-0.006868666672518619,-0.00046659342152392423,-0.00483792732382899
27.124,1913,27,124000000,,-0.008087761635924048,-0.001176528361088051,-0.0064347075686544235
27.135,1914,27,135000000,,-0.004577140958059531,0.00035849138409077335,-0.00692197932121693
27.144,1915,27,142000000,,-0.006264358683688249,-0.0005707067182508679,-0.00648931502293255
27.146,1916,27,145000000,,-0.007225737710195512,-0.0007984983636838711,-0.004602851100059043
27.175,1917,27,174000000,,-0.006804667420295433,-0.0006063586206454061,-0.004676488770784011
27.183,1918,27,183000000,,0.0014326736390390307,0.0030135305977401156,-0.007089834176239417
27.185,1919,27,185000000,,-0.0006484169579537881,0.0027402817163196206,-0.00914216383513286
27.197,1920,27,197000000,,0.00019369624849006808,0.0031124323273683864,-0.009202359528398325
27.202,1921,27,201000000,,-0.001980244164361897,0.00313010057564955,-0.010492846945476503
27.203,1922,27,203000000,,0.0005865309059544235,0.004776734160926031,-0.009854768936387696
27.209,1923,27,209000000,,0.0019030839712824324,0.005466060761375502,-0.009471857320280165
27.212,1924,27,212000000,,-0.0003259730686082053,0.004956604183222996,-0.005921026212123541
27.217,1925,27,216000000,,0.00450939526004116,0.007048910512634826,-0.0046015343790871575
27.22,1926,27,217000000,,0.0028340056578134653,0.006265064949334971,-0.004223139426818137
27.224,1927,27,220000000,,0.0016593185564841972,0.005750113235849265,-0.004251276739211987
27.227,1928,27,227000000,,0.003589907464016351,0.006483614550570756,-0.004013091647968462
27.237,1929,27,237000000,,0.0071204541188230495,0.007795041654924275,-0.0038025153922804627
27.25,1930,27,250000000,,0.0019257837426191178,0.005634812886161672,-0.0035602983078329535
27.282,1931,27,281000000,,-0.0004354324714154077,0.0031328637529872347,-0.0058283137733708456
27.289,1932,27,289000000,,-0.0001219731342612571,0.0028741916071362045,-0.006798104836866824
27.294,1933,27,293000000,,0.0020965487890265266,0.003272208747777166,-0.007425381466570601
27.298000000000002,1934,27,297000000,,-0.004677282730293257,2.0833926270417188e-05,-0.008281240724754693
27.307,1935,27,307000000,,-0.004865774516300056,-0.00013997957585579895,-0.008472864159207383
27.321,1936,27,320000000,,-0.006129750963101949,-0.0022404788699102772,-0.0059926487490649695
27.332,1937,27,329000000,,-0.006150418585423489,-0.0028930030132099816,-0.0041038164388738745
27.341,1938,27,337000000,,-0.004886580505761556,-0.003241479210570666,-0.0025663337734247223
27.342,1939,27,342000000,,-0.004234405168315155,-0.0034848810085446155,-0.0026512636152323694
27.406,1940,27,360000000,,-0.00924703657980704,-0.005325239700057512,-0.0025903764102556924
27.429,1941,27,427000000,,0.002309577104386542,0.011450917916713191,-0.0048747758580596585
27.43,1942,27,430000000,,0.00040823360034882407,0.010860313532854288,-0.006092179636843647
27.438,1943,27,437000000,,0.00042332433151549137,0.010860632678081402,-0.006052234209636846
27.447,1944,27,447000000,,0.008092926562494322,0.013545510998927354,-0.006793862717507907
27.451,1945,27,451000000,,0.016369897544148745,0.015844244009450392,-0.00885773517492277
27.463,1946,27,462000000,,0.004313157679605664,0.011855958036341197,-0.00879793498258717
27.47,1947,27,469000000,,0.004131227376790141,0.010711939545320438,-0.009016359099304533
27.474,1948,27,474000000,,0.011238018490198669,0.007162988879099478,-0.007342487537423662
27.481,1949,27,478000000,,-0.0034148042762615427,0.0012814632602709702,-0.005914823137659326
27.496,1950,27,495000000,,-0.005075963356423567,-0.001966737652899706,-0.0038568134095801187
27.499,1951,27,498000000,,-0.008436884461882352,-0.005814076027624797,-0.0019003710511378714
27.509,1952,27,508000000,,-0.0044044171641209415,-0.007743506628140607,-0.0007091947421541799
27.52,1953,27,520000000,,-0.00751101085340199,-0.006284464571104571,-0.0026083954812201786
27.525,1954,27,525000000,,-0.0033123688316504833,-0.0022100731875372187,-0.004079242183723515
27.53,1955,27,529000000,,-0.0030212590222231496,-0.0016959212447428332,-0.00404641024014519
27.532,1956,27,531000000,,-0.004028531006485458,-0.0018807195082247733,-0.003943864226049141
27.534,1957,27,534000000,,-0.005053169515909112,-0.002085303798257761,-0.0038394135148077553
27.544,1958,27,543000000,,0.0014687186631748273,0.0013150179650897038,-0.0036875288372906125
27.548000000000002,1959,27,547000000,,0.0005047334357250913,0.007215130493206174,-0.0020849618798462408
27.55,1960,27,549000000,,0.0009393235558211946,0.00840251693940879,-0.0009466245773202785
27.552,1961,27,552000000,,-0.0021966701769804016,0.007837185306834644,-0.0007920017242183022
27.561,1962,27,557000000,,-0.0006863659114859204,0.00815283588470027,-0.0005398466576200054
27.565,1963,27,565000000,,0.004213186863498123,0.009357328478237649,-0.00011002768160022283
27.572,1964,27,573000000,,0.004141170026110089,0.009517468281795437,-0.0002941404188360596
27.575,1965,27,575000000,,0.0015244189248835994,0.005859830120374499,-0.002472898686601668
27.595,1966,27,595000000,,0.00033502501105904287,0.0024922906823288253,-0.0041017139391544815
27.598,1967,27,598000000,,-0.001752827782528713,3.167781773126977e-05,-0.004928993663002571
27.635,1968,27,634000000,,-0.003462856043921313,-0.0015718504925419322,-0.005122638712902113
27.643,1969,27,643000000,,-0.005957565781568073,-0.004230541998866912,-0.002743098742529324
27.649,1970,27,648000000,,-0.005038916026284655,-0.004060383335933864,-0.0014476228163698172
27.658,1971,27,658000000,,-0.0010030181934419752,-0.0009058178448783519,-0.0007676288283914763
27.669,1972,27,669000000,,-0.0004390420536637444,0.0016253344802655682,-0.0015971128128511036
27.675,1973,27,675000000,,0.0008090517851713737,0.003141593060700911,-0.002562303787190307
27.68,1974,27,680000000,,3.3107022926871874e-06,0.00434046677084329,-0.0021744776139831475
27.716,1975,27,715000000,,0.0027587094509895337,0.005921755322679758,-0.0014201487182979857
27.73,1976,27,733000000,,0.0008051084909991475,0.0027203286915446767,-0.002400301176788266
27.733,1977,27,733000000,,0.003961402033155757,0.0005163055557041219,-0.003120198829903024
27.74,1978,27,740000000,,-0.0022669381388260696,0.0001162416091659308,-0.002891486599899677
27.747,1979,27,747000000,,-0.0028008737836006346,-0.00034033877868982,-0.0026488971245257464
27.759,1980,27,758000000,,-0.005852998458013847,-0.0015860335836818435,-0.0019515344627419277
27.773,1981,27,771000000,,-0.001137968642752829,6.90294013065279e-05,9.162396162816066e-05
27.798000000000002,1982,27,797000000,,-0.00039534133175577043,0.0036288494916792563,-0.0013249340657520703
27.832,1983,27,831000000,,0.004262432760894578,0.004128871700907059,-0.0029267621708839895
27.836,1984,27,836000000,,0.0008780679247486259,0.0018584350812471742,-0.001191560177970826
27.842,1985,27,842000000,,0.0006132724406614398,0.001703359343878557,-0.001020947052021679
27.849,1986,27,849000000,,0.0006306759991493356,0.0010109223124930248,-0.001614138229648821
27.857,1987,27,855000000,,-0.003058049173795587,0.0010860435234381692,-0.0023864079727058504
27.86,1988,27,860000000,,-0.002561176484018558,0.001238896168757031,-0.0025185166315541143
27.895,1989,27,895000000,,-0.0008441764359297965,0.001306991934692492,-0.0021775706501316475
27.898,1990,27,898000000,,-0.00031251190799412923,0.002250191690537283,0.0002696871641805843
27.906,1991,27,905000000,,0.0006098559923463994,0.0029734665236681762,0.0006725033066610027
27.911,1992,27,910000000,,0.002693621815816398,0.0029954902446220955,0.0007844923159739036
27.92,1993,27,919000000,,0.0028166727475398,0.002999944140271913,0.0009721396407310302
27.934,1994,27,933000000,,0.0008886585572790888,0.003029731960082246,0.0006642288046611522
27.948,1995,27,948000000,,0.00019931370985314394,0.0024311451510744403,-4.75803790915396e-05
27.958,1996,27,958000000,,-0.002879014378164786,0.0020571106010929202,-0.00036639578897589096
27.978,1997,27,977000000,,0.001978003069822723,0.00150679369519263,-0.00017565238509909074
27.998,1998,27,998000000,,-0.0004316613716402552,0.0002585640756662714,-0.00031086691355779704
28.0,1999,28,0,,-0.0020218641226680194,0.0004818834132013321,2.1820125795641784e-05
28.008,2000,28,8000000,,-0.00396496459960763,0.0007864660665784292,0.00028433115990191427
28.012,2001,28,12000000,,-0.002350951022710092,0.0013601246053547129,-0.0005001188012557951
28.015,2002,28,15000000,,-0.0012206778601308924,0.0013732511374174613,-0.000978870841623885
28.019,2003,28,19000000,,-0.004528630470245796,0.0018270134637982812,-0.0010961979854411299
28.041,2004,28,40000000,,-0.003492395914560847,0.0017153935986295495,-0.001114626125980147
28.047,2005,28,47000000,,-0.0013288168655145774,0.0024140974719875693,-0.0005005860315851658
28.054,2006,28,54000000,,0.002162436682681434,0.0019984158817667667,-0.00011401847818902442
28.061,2007,28,61000000,,0.00208757133455165,0.002092872497571164,5.1882043227815915e-05
28.065,2008,28,65000000,,0.003700223649974534,0.002033953363414293,-9.954355493673774e-05
28.075,2009,28,69000000,,0.006037004822675623,0.0016510100412844015,-0.00031532529011154675
28.096,2010,28,96000000,,0.003172230406401081,0.0021142855432722384,-0.00046026690450966766
28.101,2011,28,101000000,,-0.0016032235380727489,0.0017009269073264995,-0.0013753209845618884
28.116,2012,28,116000000,,-0.0018016855315913963,0.0014518691804925078,-0.0011775609053437347
28.125,2013,28,124000000,,-0.002303159194023741,0.001157885691126014,-0.0006675978278616107
28.154,2014,28,154000000,,-0.003353645467834168,0.001313608722698096,-0.0005914113489970578
28.161,2015,28,161000000,,-0.0012293857525285021,0.0019597694336051467,-0.0009993676286885237
28.168,2016,28,167000000,,0.0009712352868349273,0.0017172192723024942,-0.0012264429022895511
28.189,2017,28,189000000,,-1.4808636927759068e-05,0.002134981825804394,-0.0012546719808413137
28.195,2018,28,195000000,,0.000677238884235013,0.002394047377283231,-0.0004925860443936907
28.221,2019,28,220000000,,0.0018883859908866874,0.0019899775970990447,-0.00035994173369026947
28.237,2020,28,237000000,,8.104964137353602e-05,0.002190521737874339,-0.0003886214272163114
28.246,2021,28,246000000,,0.0029714574657528567,0.001202872057167843,-0.0005813330201616261
28.252,2022,28,252000000,,-0.002616371675585807,0.002105462840760207,-0.0008602345908625131
28.257,2023,28,257000000,,-0.002328710817662288,0.002024985878194688,-0.0008559534129328468
28.266,2024,28,266000000,,-0.000945561134356662,0.0015834690369514789,-0.0008611650997355684
28.271,2025,28,271000000,,-0.0003503712889523443,0.0009559785454701865,-0.0007949734433566765
28.276,2026,28,276000000,,-0.0008964110136384949,0.0010645227914920297,-0.0007779887778269269
28.29,2027,28,290000000,,0.0007530494029917168,0.0004414544773776218,-0.0007341607074319331
28.299,2028,28,299000000,,-0.002160482899335326,0.0012181211116924404,-0.0004953783492972503
28.307,2029,28,307000000,,-0.0011143648880267746,0.0011170292096953495,-0.0006168964092130047
28.307,2030,28,307000000,,-0.0032999848542810944,0.001917165292755895,-0.0006442156572339414
28.307,2031,28,307000000,,-0.002743857324277005,0.0017358204342899366,-0.0006441783152878649
28.346,2032,28,346000000,,-0.0013618483066501488,0.001275199084229549,-0.0006440832457764623
28.346,2033,28,346000000,,0.001022994809720089,0.002405944635213867,-0.0005417783012756894
28.355,2034,28,352000000,,0.0003397269846604574,0.002713857460188994,-0.0005807504247766736
28.359,2035,28,358000000,,0.0006094094861376132,0.0027297823224036325,-0.0006776820150127634
28.36,2036,28,360000000,,0.002103168369837793,0.0021465339825649066,-0.0006992079825125846
28.362,2037,28,362000000,,0.002997807899071593,0.001763671924477374,-0.0007146881000519964
28.368,2038,28,368000000,,0.001691220895676165,0.0022228374763119986,-0.0007147965936165541
28.389,2039,28,387000000,,0.0009172793673926408,0.002504938200498277,-0.000714863393439358
28.39,2040,28,390000000,,-0.0014962349569289418,0.0019143160521934276,-0.0005655415693980215
28.418,2041,28,418000000,,5.712342918957143e-05,0.0012650793825975432,-0.0005564633917864896
28.445,2042,28,444000000,,0.0018588221355288514,0.00013950134109536895,-0.0004920801173073932
28.456,2043,28,456000000,,0.011066775197415307,-0.0042675149774646474,-0.00042177246826315693
28.475,2044,28,475000000,,-0.001356309223014017,0.0008013946671819282,-0.00038421350174275455
28.475,2045,28,475000000,,-0.000851358560636872,0.0010464564951596206,-0.0004375996161418627
28.475,2046,28,475000000,,0.0031845354211429487,-0.00083587690201627,-0.00043727714463762763
28.476,2047,28,476000000,,-0.0005129360652425736,0.0008906121341731459,-0.00043753653978247315
28.486,2048,28,486000000,,-0.0014590276936474332,0.0015755613410264441,-0.0004759326013020083
28.492,2049,28,492000000,,-0.0011794735304741489,0.0017537248256824995,-0.0005234353059269739
28.517,2050,28,516000000,,-0.0007154512453376096,0.0018829678488762249,-0.0005187594192429773
28.521,2051,28,521000000,,-0.004934834138089489,0.005423631861936952,-0.00041105203382448214
28.527,2052,28,526000000,,-0.0049709363919628515,0.005650624180726919,-0.00038190402378095265
28.531,2053,28,529000000,,-0.006425160101278365,0.0063704339815046345,-0.00038197775419846446
28.533,2054,28,533000000,,-0.0073922414400416124,0.007151495505837905,-0.0003802341543838947
28.537,2055,28,536000000,,-0.00947768181643182,0.00825751413232199,-0.00038574144109205285
28.538,2056,28,537000000,,-0.002743877300868008,0.004790116909350779,-0.0004064895370173528
28.54,2057,28,540000000,,-0.008116696667413695,0.007480346695394228,-0.00045277521898435787
28.545,2058,28,545000000,,-0.0019018009189512275,0.004053800043081193,-0.0004793107309586978
28.552,2059,28,551000000,,-0.006984354830534747,0.006764921307616589,-0.0005617159914851587
28.554,2060,28,553000000,,-0.0028252593844723312,0.0040356222890341,-0.0007136273513676673
28.557,2061,28,557000000,,-0.002567438263173246,0.003830510159565867,-0.0007240924346433373
28.559,2062,28,559000000,,-0.0011348261012319853,0.0028297890518591425,-0.0007392539417370933
28.559,2063,28,559000000,,0.0013690909290257043,0.0007913653473865514,-0.000728399866016494
28.568,2064,28,568000000,,0.009633149688115345,-0.006472323064944962,-0.00025719339197879075
28.574,2065,28,574000000,,0.0016781428786138257,-0.0012037831217797672,-0.00027370332551376756
28.582,2066,28,587000000,,-0.0005479582566709054,0.001024238490739978,-0.0004285923956030965
28.594,2067,28,594000000,,0.0010561287721925783,0.0016570643310482775,-0.0007625539731359978
28.615,2068,28,614000000,,-0.000476174844451442,0.002521290939887802,-0.0006979960185462676
28.618,2069,28,617000000,,-0.00019477295752765397,0.0018552866819457124,-0.00040626817860214826
28.626,2070,28,625000000,,-0.0005936091032258181,0.0017338051220623625,-0.0001368946205370274
28.634,2071,28,634000000,,-0.00020529883085785417,0.0013038593756396436,-8.501836645547064e-05
28.657,2072,28,657000000,,1.3564286092526386e-05,0.0011621080656184664,-0.0003018335465106497
28.661,2073,28,661000000,,0.0007385601107285822,0.0008720084764821424,-0.0008347569943231634
28.662,2074,28,662000000,,-1.4974868036086704e-05,0.0014760952477597448,-0.0009400945416768579
28.677,2075,28,677000000,,0.0002972393236443138,0.0013289534825478599,-0.0008363505227891772
28.686,2076,28,684000000,,0.00011401915162310641,0.0014934024221948676,-0.0006293759608784542
28.698,2077,28,698000000,,-0.0003496118468979842,0.0018394838190656758,-0.0003460178679397857
28.705,2078,28,705000000,,-0.00024499283939654736,0.0017154073938221198,-0.00010821725353559256
28.712,2079,28,712000000,,-0.0007194497610076401,0.0019675433011412816,7.271912041453658e-05
28.735,2080,28,735000000,,-0.0011542318572214157,0.0022382981884678126,0.00013140613459825456
28.744,2081,28,744000000,,-0.0008822172175248118,0.0017615653367122309,-6.304282694418557e-05
28.759,2082,28,759000000,,0.005908804699667958,-0.0034751207923936203,-0.0010374437798815563
28.763,2083,28,763000000,,-0.000717443431658036,0.0019877162781773467,-0.0005561825317341893
28.779,2084,28,779000000,,0.003315460424368632,-0.0011347702694572796,-0.0002832931475953808
28.781,2085,28,781000000,,0.0003742253421056252,0.0011012252233855184,-9.249397309439491e-05
28.785,2086,28,785000000,,0.0007386268658640192,0.000719251051221857,-0.00023623701834456917
28.805,2087,28,803000000,,-5.973677360514927e-05,0.0014602956179276111,-0.0005454439347789101
28.805,2088,28,804000000,,-0.0004966983730914334,0.0019413558687662229,-0.00086142765238074
28.813,2089,28,812000000,,0.001460885571964562,0.0003255100889735217,-0.0010195657896180513
28.844,2090,28,843000000,,-0.0010781243186158817,0.002548827528002552,-0.0009649975444992853
28.856,2091,28,856000000,,-0.0012072477415940976,0.0026359414498539533,0.0004803156075995343
28.859,2092,28,859000000,,0.00222557419734568,-0.0009257440301553908,0.0003743523889273648
28.872,2093,28,865000000,,0.00020921618852927232,0.0008467421415386941,0.00026265735748606366
28.881,2094,28,877000000,,0.00035843747588475144,0.000779518668427661,-0.00034051321924250303
28.882,2095,28,882000000,,-5.1400297639505574e-05,0.0016191167302401677,-0.0008804313345473112
28.895,2096,28,895000000,,0.0005254004693117905,0.0011515595649843715,-0.0009240469505776103
28.907,2097,28,907000000,,0.0002653792158248202,0.0014156368228859365,-0.0004252699979650843
28.912,2098,28,912000000,,0.0005546271899150708,0.0009294107220970292,0.0003530409265087445
28.941,2099,28,941000000,,-0.00033824543923286225,0.0017745107581906689,0.0004575529413987599
28.951,2100,28,951000000,,0.0002160499822960469,0.0008668177280507827,-4.368636632585878e-05
28.961,2101,28,961000000,,-0.00027703183513513093,0.0016182542866909572,-0.0010399542940930729
28.981,2102,28,981000000,,0.00035223471370748443,0.0009912610107886389,-0.001176521079347393
28.99,2103,28,988000000,,0.0007933653795624771,0.0007369675048816131,-6.774947347230735e-05
29.025,2104,29,23000000,,6.634027247649085e-05,0.00125524807904211,0.00040772627044314506
29.026,2105,29,26000000,,0.00040663742619866084,0.0009729234415355262,-0.0005487635476208047
29.027,2106,29,26000000,,0.001060290392142758,0.00026248748314636845,-0.0006102537684543091
29.027,2107,29,27000000,,0.0007241236630391383,0.0006386860046155862,-0.0007275004083471402
29.03,2108,29,30000000,,6.732695259238687e-05,0.001381983643881948,-0.0008247921820700408
29.035,2109,29,35000000,,-0.00013087182038346178,0.001643333530426213,-0.0009904090735238294
29.047,2110,29,35000000,,-0.0004568221585887286,0.0020263369532820853,-0.0010192051561612593
29.054,2111,29,54000000,,0.0004295062676003191,0.001039057724441927,-0.000935027033931794
29.058,2112,29,58000000,,-0.001284656332041213,0.00302919174404473,-0.0008444058981650332
29.062,2113,29,62000000,,0.00028562692668843257,0.0012079735302885316,-0.0008426913032236685
29.067,2114,29,67000000,,-0.0006036152184771267,0.002257889762099684,-0.0007151089499925936
29.092,2115,29,92000000,,-0.0004233397274632289,0.002058617828165934,-0.00031941932506526793
29.096,2116,29,95000000,,0.0009474250425358916,6.183257335598004e-05,0.0006663082528478212
29.128,2117,29,126000000,,-5.956107542430679e-05,0.0011991570066676844,0.0006477153276653867
29.136,2118,29,136000000,,8.798954708491333e-05,0.000881945063448405,-0.00020429378023860802
29.141,2119,29,140000000,,0.0012740850675338159,-0.0005277314030232084,-0.0004874206031211428
29.144,2120,29,144000000,,0.00030612958945049935,0.0006809484454969412,-0.0005799269583409517
29.147,2121,29,146000000,,0.0005073829109900089,0.0004463811503258189,-0.0005875631912350364
29.153,2122,29,149000000,,0.0009590535734853856,-0.00011560971664422012,-0.0005874470812170194
29.171,2123,29,168000000,,0.0004417057562356301,0.0005499048486583794,-0.0004729642823132808
29.175,2124,29,173000000,,0.0006291686826449544,0.00032927976507854525,-0.0003178061711009677
29.178,2125,29,178000000,,0.0005901163074879467,0.000425269676236078,-0.0002778650779167555
29.216,2126,29,216000000,,0.0007574404605401261,0.0005243975944319449,0.00020986953746193228
29.222,2127,29,221000000,,0.0004439603449934615,0.001171325336480631,-0.0005111431050138243
29.227,2128,29,227000000,,-0.0007064756124493467,0.002739549191306893,-0.0006220400584920195
29.233,2129,29,233000000,,-0.0005826289147754471,0.00261928158451634,-0.0006892880648795507
29.242,2130,29,241000000,,0.001344196769440248,0.00033140496144276523,-0.0012342125932523
29.26,2131,29,260000000,,-0.0006874700765998,0.0031250342012199414,-0.001196388754317565
29.269,2132,29,268000000,,0.0014678123978434292,-0.0003923996868424905,-0.0006473222670956299
29.318,2133,29,318000000,,0.0030107666744871673,-0.003176977649053476,0.001370969555607081
29.328,2134,29,328000000,,0.004961318876417364,-0.005438594456613228,-1.6541658235240527e-05
29.332,2135,29,331000000,,0.0017104072028294873,-0.0007373604266389556,0.00025345100694928015
29.337,2136,29,337000000,,0.0009272115442175147,0.00041663319653865473,0.00033746323480298747
29.34,2137,29,340000000,,-0.0016295477275250203,0.0044679011651889665,0.0009569000607109535
29.395,2138,29,391000000,,-0.0011347638280178997,0.003680826693623896,0.000959445647550392
29.404,2139,29,404000000,,-6.459371829775363e-05,0.00037797382580500465,-0.00157861177248716
29.413,2140,29,412000000,,0.002709474268580622,-0.004435440836040655,-0.0012632210333457076
29.42,2141,29,418000000,,0.0009406181359375247,-0.0017330685624151732,-0.000628675918365994
29.422,2142,29,423000000,,0.00177538849448801,-0.003140408503384716,-0.0003271653016102544
29.431,2143,29,431000000,,0.0027988794831734993,-0.004114984101002343,-5.781023935840564e-07
29.438,2144,29,438000000,,0.0005304061729930695,-1.6930487328810622e-05,-8.274500750844228e-05
29.443,2145,29,441000000,,0.0025284351645781284,-0.0034066645794588726,-8.307044985340971e-05
29.446,2146,29,445000000,,0.0011402269503450733,-0.0008562442840180605,-0.00011811311318607508
29.453,2147,29,453000000,,0.0014976455413046876,-0.001139227612521077,-0.0002070526509513926
29.468,2148,29,467000000,,0.0007213871805704063,0.000967472289529334,-0.0006701961535481431
29.481,2149,29,481000000,,0.0007821478892467356,0.002024492755988248,-0.0015240808385639864
29.494,2150,29,491000000,,0.0007990428224122931,0.002188942125187116,-0.0014789352709854392
29.494,2151,29,491000000,,-0.0008369810649712332,0.005071898807689406,-0.0012384223370453561
29.499,2152,29,498000000,,-0.0009402392303170372,0.005263493030762841,-0.0012385211837933863
29.504,2153,29,502000000,,-0.0004065412952175909,0.004262285055832529,-0.0011643380136596912
29.528,2154,29,528000000,,-0.00039922550689306703,0.004244658457485724,-0.0011643372155886024
29.532,2155,29,532000000,,-0.0005766497531001745,0.0043445558614639305,-0.00011660957051819936
29.537,2156,29,536000000,,-0.0002846827874574255,0.0037403747471419285,3.404679170323772e-05
29.544,2157,29,543000000,,-0.0011328747986383998,0.005353266936708828,0.00010220078752314109
29.553,2158,29,551000000,,-0.0010068373428963545,0.004668774694282288,0.0004937121473316359
29.559,2159,29,558000000,,-0.0011500973829921956,0.004381699814375923,0.0005629999161500024
29.565,2160,29,565000000,,-0.00035460678979282417,0.0021130359164873228,0.0002443792749185626
29.592,2161,29,591000000,,0.00014348496790394366,-0.00022541458007927818,-0.0006447554523644592
29.599,2162,29,598000000,,0.0005598820167922622,-0.0018873569413568644,0.00011895694558571067
29.606,2163,29,605000000,,0.0010784990483569002,-0.003171436611929842,0.0008901446330567197
29.608,2164,29,608000000,,0.0012766568227328369,-0.0038645524083204138,0.0014729030386843164
29.61,2165,29,610000000,,0.001187272070531756,-0.003719960219321629,0.0015086886041709353
29.613,2166,29,613000000,,0.0007970721281319643,-0.002923409701761616,0.001507813396251344
29.622,2167,29,621000000,,0.001572612201582391,-0.004546358612705931,0.001556600714365182
29.625,2168,29,624000000,,0.0014070829995960939,-0.0045622494924240815,0.0016041428552277365
29.63,2169,29,629000000,,0.0008462366621851468,-0.0033891726872472662,0.0016109301177014376
29.663,2170,29,663000000,,0.0015100092402351214,-0.004870115588154637,0.0009320765436364494
29.67,2171,29,670000000,,0.0008183915076211892,0.004691790030122358,-0.00261155626022994
29.673000000000002,2172,29,673000000,,0.00433474017257931,-0.003397669003766731,-0.0026500769016090373
29.678,2173,29,673000000,,-0.0002562478318355912,0.007163337290780681,-0.0027540560197142723
29.678,2174,29,679000000,,0.0007478935917450778,0.004801721176662542,-0.002715928168338386
29.685,2175,29,682000000,,0.0005496279313190828,0.005369211332811543,-0.00252251937769914
29.69,2176,29,690000000,,0.0008058056268941142,0.004548013567629834,-0.001520996084994555
29.697,2177,29,695000000,,0.0006118871445343171,0.0016072360767123237,-0.00012062397875844239
29.746,2178,29,753000000,,0.00044299477127178206,-0.0009810898858373788,0.0003790088336541027
29.778,2179,29,765000000,,-0.00036732926049761703,0.0010260576367294347,-0.001345533781062377
29.778,2180,29,779000000,,0.00020319812505793376,0.0013028422402099756,6.437128533529394e-06
29.778,2181,29,782000000,,0.0006036764851599292,0.0002620335561956471,8.9136372642296e-06
29.778,2182,29,786000000,,0.00012865575739514078,0.0014966876161001405,1.3386221344549674e-05
29.829,2183,29,805000000,,0.0009131968016812319,-0.0005820927598108518,1.3379228388191709e-05
29.846,2184,29,846000000,,0.0011093626734045058,-0.0006408190406075314,-0.0011049340537736603
29.851,2185,29,851000000,,0.0021316814071128776,-0.0038021820231671014,0.0003449436947995274
29.871,2186,29,870000000,,0.0004970031725861664,0.0007327059464093798,0.000183874375892588
29.88,2187,29,880000000,,0.0007385645816686361,0.0003031457395763545,-0.0003977289735160247
29.888,2188,29,887000000,,0.001143099807382262,-0.000735287113316919,-0.0007172839416502864
29.892,2189,29,893000000,,0.0006326958384941586,0.0007876108086269014,-0.0009747117172179378
29.898,2190,29,897000000,,0.000846448302793971,0.00015115314878055104,-0.0009744005234249482
29.929,2191,29,928000000,,0.0008971551655641721,-8.0977124989382e-06,-0.0010252433824063773
29.972,2192,29,966000000,,-0.0002459567709659112,0.0041252845544458615,-0.001095659068342816
29.99,2193,29,989000000,,-0.0003747007466823861,0.003916363093137913,0.0009501246248437515
29.994,2194,29,994000000,,-0.00046650569347082843,0.0038788286675292116,-0.00025862780392944286
30.002,2195,30,2000000,,-0.00012491133159757482,0.002832745186776932,-0.00025796234309015756
30.015,2196,30,15000000,,-0.00013658465378684333,0.0028618889514718786,-0.0007344517777823384
30.023,2197,30,21000000,,-0.00022717759780491767,0.003084607648555,-0.00030290445865935436
30.032,2198,30,32000000,,-0.0003525450486448387,0.0034732075376856754,-0.00012079584620932672
30.036,2199,30,36000000,,-0.00028532121017344934,0.003263345814501388,-0.0001197207471043541
30.046,2200,30,45000000,,0.0003200087062793376,0.0013604427227375466,-0.00011959428506599294
30.05,2201,30,50000000,,0.00045493582043103995,-0.0005073650309190456,0.0012302192524862143
30.059,2202,30,59000000,,0.0003863712018402746,-0.0003611845179576263,0.0010528770571183736
30.07,2203,30,69000000,,0.0005596882699018831,-0.0009780162536811364,3.801951666158063e-05
30.079,2204,30,78000000,,0.000673858295782434,-0.0013258574115930864,-9.242245870682696e-05
30.088,2205,30,88000000,,0.000824212601618668,-0.0017005736854626369,-8.966506921104169e-06
30.096,2206,30,95000000,,0.0016650871993525121,-0.004317824499741356,0.001173131999414905
30.102,2207,30,102000000,,0.0009674391526864121,-0.002080933701082008,0.0019958043450991523
30.108,2208,30,107000000,,0.0012360416328313752,-0.003222466436338536,0.0022839857210166896
30.117,2209,30,117000000,,0.0012587456133000398,-0.003459073722530493,0.0018417769972278591
30.131,2210,30,131000000,,0.0010224134225319838,-0.00246837307656758,0.000814684784478426
30.136,2211,30,136000000,,0.0007921950690215619,-0.0004365354834025535,-0.00026949267449010957
30.146,2212,30,142000000,,0.002992517210245339,-0.007262621739015226,0.000388886045172451
30.169,2213,30,168000000,,0.000925350655254854,0.000630267241094779,0.0010528704920590246
30.176,2214,30,174000000,,0.00018450825281898062,0.0043025113140270676,0.0005647780415453613
30.183,2215,30,182000000,,5.786291604365239e-05,0.004828534891470448,0.00045246559047925527
30.21,2216,30,207000000,,0.00015771194879007688,0.004957603126833556,-0.0007566155575366546
30.223,2217,30,222000000,,-0.0009959456226137156,0.009219243530493203,-0.0002535531325416897
30.265,2218,30,264000000,,0.00037596971427244726,-0.0006708933600155498,-0.0015694509677077622
30.288,2219,30,288000000,,0.0019912283610355533,-0.01173251660639759,-0.0003198012207160357
30.291,2220,30,290000000,,0.0015711383601456311,-0.005489595901759619,-0.001173319328086616
30.311,2221,30,309000000,,0.0016422621014366302,-0.005488832068198658,-0.0010960266247659022
30.331,2222,30,331000000,,0.0008184675184210767,0.0014656820588344083,0.0005093091582521793
30.336,2223,30,336000000,,0.00017107680361429706,0.005539139518432984,0.0018108489274805879
30.338,2224,30,338000000,,0.00018499606308008934,0.005601832074913309,0.0016015377725949976
30.342,2225,30,342000000,,-0.00034473878554862043,0.00751771403486625,0.0011501512302360879
30.374,2226,30,347000000,,-1.7961509959951152e-05,0.005205090611510978,0.000562105394602832
30.381,2227,30,381000000,,0.0008526164892520614,-0.00334408457506758,-0.00034408226006172357
30.39,2228,30,390000000,,0.001216342106214934,-0.005597276873581074,0.0004494623201343616
30.393,2229,30,393000000,,0.0014897764585303556,-0.006319796460630783,0.001055345393805684
30.402,2230,30,398000000,,0.0014544490722457344,-0.005510913506880226,0.001192566612633401
30.402,2231,30,401000000,,0.001100979583404491,-0.0034402794401630363,0.001236838907119829
30.404,2232,30,403000000,,0.001346073326126035,-0.003845207799864635,0.0010254947381668335
30.404,2233,30,404000000,,0.0006696935382486456,-0.0004853922501130717,0.0010268346758771471
30.408,2234,30,407000000,,0.0007428244168608768,-0.0008676384278367949,0.001026867348023802
30.41,2235,30,408000000,,0.0007404978959525974,-0.0008697086213194133,0.00102687411217953
30.423000000000002,2236,30,420000000,,0.0007406364173351116,-0.0009005892065199371,0.0010268708667207109
30.423000000000002,2237,30,423000000,,0.00045183703740550173,0.0022761398538007804,-0.001438721540906851
30.426,2238,30,426000000,,0.0004524301038773187,0.0022329009822925922,-0.0015325403665590043
30.434,2239,30,432000000,,0.00044835381033014247,0.0021880989754107837,-0.0017720541458775404
30.438,2240,30,437000000,,0.0005521166297504063,0.00090601665242836,-0.0014912575689540856
30.442,2241,30,442000000,,0.00046658433930148044,0.0008776765066041174,-0.001005518724253983
30.447,2242,30,447000000,,0.0005828402186221385,-8.650216326275674e-05,-0.00040020041996459123
30.454,2243,30,454000000,,0.0005670931210511712,-6.538326796987797e-05,-0.0001562736100688282
30.46,2244,30,460000000,,0.0006857647521610185,-0.0006086399825281586,0.0009192734474726009
30.461,2245,30,461000000,,0.0004642658612719735,0.0008820310307782299,0.001203761417176284
30.461,2246,30,462000000,,0.0008352130657026602,-0.001492352074424707,0.0012024602950253278
30.461,2247,30,463000000,,0.0006179662075007561,-0.00011863744214498989,0.001203032864678696
30.461,2248,30,463000000,,0.0005568916575228805,0.00028745111481803993,0.0012697752365942888
30.463,2249,30,463000000,,0.0003515169301285929,0.0016708923429355736,0.0012703453171374174
30.463,2250,30,463000000,,0.0010507934994624401,-0.0031665840304546744,0.0012682739893056724
30.494,2251,30,493000000,,0.0006441866641267145,-0.0003787714907629077,0.001269492258030139
30.496,2252,30,496000000,,0.0006002816831749268,-2.7607345377149537e-05,0.001428719730628151
30.498,2253,30,498000000,,0.000530539208094871,0.0008302176690669294,0.00013115547683646505
30.502,2254,30,502000000,,0.00040057089186374724,0.0020011449798754506,-0.0005174328156527078
30.51,2255,30,508000000,,0.000209924436561082,0.0035254595817192425,-0.0007764347225203879
30.513,2256,30,513000000,,0.00014303951678246694,0.004353367142487691,-0.0017355468090361774
30.517,2257,30,517000000,,0.00026284592560450195,0.003460908030316642,-0.0018093777610304368
30.52,2258,30,520000000,,0.0007118631813996426,-0.00010797051344053421,-0.001923712944577441
30.52,2259,30,520000000,,0.0003666568091210782,0.0024261779402485807,-0.002073848382250861
30.529,2260,30,528000000,,0.0003477588832109168,0.0024881349824574218,-0.0019554864302633967
30.536,2261,30,536000000,,0.0005080820390611883,0.000632627612465255,-0.0009560786955786914
30.561,2262,30,561000000,,0.0005417260391643056,-0.00022369674855889543,0.0006983508197997253
30.568,2263,30,566000000,,0.0006719285241713371,-0.0014608887187247213,0.0010454438960601224
30.573,2264,30,573000000,,0.0005659054267778455,-0.0006479033166915991,0.0012961624725339766
30.577,2265,30,577000000,,0.0005911083480002966,-0.0009568101959365958,0.001401953295137995
30.605,2266,30,605000000,,0.0005517041149136829,-0.0008067289589474485,0.0015207077094841642
30.62,2267,30,620000000,,0.0005647134993639469,-0.0007460181476319773,0.0009908366859216905
30.627,2268,30,627000000,,0.0005716147683974134,-0.00037063635151536806,0.00038219329365018427
30.646,2269,30,646000000,,0.0006049714295969942,-0.0003635122454688257,-4.83207268158289e-06
30.671,2270,30,671000000,,0.0006532547980413116,0.00028253928021901,-0.0003818619821158
30.676,2271,30,675000000,,0.0005307364734728412,0.0024196189711189237,0.0004654423387197339
30.685,2272,30,685000000,,0.0006219898705567436,0.0017433662193956957,-0.0005498394786794974
30.699,2273,30,698000000,,0.0008762413035986575,-0.0006779389128818529,-0.0015133124548169013
30.703,2274,30,701000000,,0.0006838896178328064,0.0008020162163492428,-0.0023974440344860346
30.705,2275,30,704000000,,0.0006185811420368612,0.0013005149530576883,-0.00230666951335004
30.709,2276,30,708000000,,0.0006144444505338035,0.0012603438235492428,-0.0022776010983118337
30.714,2277,30,714000000,,0.0005594711887548207,0.0017569175523323907,-0.002133859771709154
30.719,2278,30,718000000,,0.0005621163834675438,0.0016841976728972157,-0.0019249645289944777
30.725,2279,30,723000000,,0.0005355645420124609,0.0020236423564665342,-0.0016675605237327792
30.75,2280,30,749000000,,0.0005649556784865047,0.0017903671175551208,-0.0012835652699589933
30.753,2281,30,753000000,,0.0010516307157600858,-0.007414993451679051,0.0019620453630269114
30.757,2282,30,757000000,,0.000657719688282032,-0.0031698498270798167,0.002085273305866126
30.759,2283,30,758000000,,0.0009631980249344024,-0.00789289516683561,0.0020821704260602122
30.766,2284,30,765000000,,0.00046880181049162355,-0.0005395920810741525,0.002087018894827624
30.79,2285,30,785000000,,0.0004445505390721372,-0.0003915999886168689,0.0019590470175005494
30.842,2286,30,842000000,,0.0005610729001559647,0.0016145088081562964,-0.0011332662158699603
30.863,2287,30,862000000,,0.0006575604150436979,0.0006116687619766793,-0.0015228229663208541
30.888,2288,30,886000000,,0.0006392862637414101,0.002332553197778273,-0.0006385619149659868
30.895,2289,30,895000000,,0.0005175649090873029,0.001279513380221074,-0.0005368368697625275
30.897,2290,30,896000000,,0.0005562249705583643,0.0005350426188974772,-0.0003612931444207325
30.9,2291,30,900000000,,0.0005458935302168771,0.0007201873114897276,-0.00036135929952520966
30.904,2292,30,904000000,,0.0005358190280233189,0.0009058205176177666,-0.0003614249408896397
30.909,2293,30,909000000,,0.0006240493871432793,-0.0007872402430864559,-0.00036121925349112097
30.913,2294,30,913000000,,0.0005921990264893965,-0.00022966536753923363,-0.00036128995750308007
30.913,2295,30,913000000,,0.0008253818277709197,-0.0056107143789192815,-0.00036063703141199813
30.925,2296,30,916000000,,0.0007315720356883711,-0.004249238896306108,-0.0003608121835887362
30.928,2297,30,928000000,,0.0005431178587344237,0.0004810070845521672,-0.00015730743013040328
30.964,2298,30,960000000,,0.000475136403629793,0.0008844024589396533,-0.00034260822342916617
30.97,2299,30,968000000,,0.0005045793028747586,0.0027187666788100347,0.0004850608071585927
30.975,2300,30,975000000,,0.0005532511658661644,0.0010260293795981128,0.0004821380542747515
30.98,2301,30,978000000,,0.0005453473455596827,0.0012029085443416101,0.0004820800855226719
30.981,2302,30,981000000,,0.0005635930927396654,0.0004908658718938125,0.0004819671257977211
30.987000000000002,2303,30,985000000,,0.000601867743405826,-0.001304732255550752,0.00048167929705730827
30.989,2304,30,989000000,,0.0005829832894583894,-0.002249359371372899,0.00018263000743503515
30.992,2305,30,991000000,,0.0005122216740534692,0.0018445275958756673,-0.0005693437166195729
30.993,2306,30,993000000,,0.0005220771078508126,0.0011979120412888631,-0.000674252623698722
30.998,2307,30,997000000,,0.000547955606815521,-0.0007148547691185963,-0.0006738776480447195
31.023,2308,31,22000000,,0.0005423421158117069,-0.00023537279618952042,-0.0015621238223215085
31.041,2309,31,40000000,,0.0005793755225607178,-0.0002713755035823606,-0.0009758717201810646
31.045,2310,31,42000000,,0.0005900669908933042,0.0008222776995097046,0.0006973905959988268
31.051,2311,31,51000000,,0.0005435558111618039,0.0008948517977005256,0.0010500024910503288
31.055,2312,31,51000000,,0.0005224495686385241,0.0005947061731738006,0.0008296214112940894
31.064,2313,31,62000000,,0.0005157688504428715,8.969611317789013e-05,0.0008293769840091141
31.095,2314,31,95000000,,0.0005220847168698771,0.0018224335914148104,0.00048445108946426727
31.109,2315,31,110000000,,0.0005915816168886326,-0.00022055395121032054,-0.0005261987484057468
31.119,2316,31,119000000,,0.0006007936669300128,-0.0002330539238780795,0.0002518491232312652
31.13,2317,31,129000000,,0.0005799572813358023,0.0006124056614436164,0.00045076704445976413
31.136,2318,31,134000000,,0.0005494953362915303,-1.559208974177221e-05,0.00026535536539899833
31.142,2319,31,138000000,,0.0005259186013880615,-0.0008045693810925627,-7.936628357332794e-05
31.146,2320,31,144000000,,0.0005344573425395746,-0.00024057865928921326,-0.0005356139685684957
31.151,2321,31,151000000,,0.0005348264066047969,4.739037330200077e-05,-0.0011227575978065378
31.157,2322,31,157000000,,0.0005259909157518858,-0.00019284867586063527,-0.0012309677289329994
31.165,2323,31,164000000,,0.000502720490475406,-0.0006525234970891691,-0.0015745557291475768
31.168,2324,31,166000000,,0.0005175818664478756,0.00017817056126841668,-0.0016303979970102886
31.173,2325,31,173000000,,0.0005612736299243147,0.001246231888270115,-0.00129379604878057
31.187,2326,31,187000000,,0.0002697231913962083,-0.005992830125925395,0.0007244196321605546
31.196,2327,31,195000000,,0.000491205577942196,0.000309724342380002,-0.00015620520656659898
31.21,2328,31,210000000,,0.0005910820768400967,0.0022401364547429124,-0.0007323224808474672
31.229,2329,31,229000000,,0.0006018194912676172,0.0018782531094275415,-0.0007061069850821632
31.233,2330,31,233000000,,0.0005373957534940501,-0.0007738857685710195,0.0006716830791706368
31.25,2331,31,250000000,,0.0005663818046211552,-0.0001688919518902138,0.0009368461001009178
31.283,2332,31,281000000,,0.0005326227900804755,-0.00033587626342865013,0.0012831509207195922
31.297,2333,31,297000000,,0.0004825089688950717,0.0008794598905105325,0.00037300646716007565
31.308,2334,31,307000000,,0.00046743366403864044,0.0007625302807694488,-0.0003537964642247712
31.334,2335,31,334000000,,0.00046196046855164505,0.0005789410331701811,-0.0011669319211282622
31.351,2336,31,351000000,,0.0005271293345416283,0.0012764605996087313,-0.0012102317058206682
31.361,2337,31,360000000,,0.0005290999338758807,0.0009462257263839159,-0.00065491104096058
31.374,2338,31,374000000,,0.0005626146106449324,0.0012646738598059487,-0.0001956322875504648
31.386,2339,31,380000000,,0.00045214133789253424,-0.0005853226181997016,-0.00026184699049500615
31.393,2340,31,393000000,,0.000514488435905827,0.0001739076230339808,-0.0007130121029179225
31.401,2341,31,398000000,,0.0005558593339865437,0.0004998607481815909,-0.0011893420705168546
31.41,2342,31,409000000,,0.0006026689064596204,0.001021427826130091,-0.001363656405297902
31.458,2343,31,451000000,,0.0005149640298379471,-0.0006808407397911605,-0.0013939883551221872
31.458,2344,31,455000000,,0.0005364444328828286,-0.000857057735796483,0.0007405556582345827
31.476,2345,31,476000000,,0.0005274938598465575,-0.0009675908284551198,0.0011393743230789044
31.504,2346,31,504000000,,0.0003411341237929818,-0.0007311447801086825,0.001465985881846256
31.538,2347,31,537000000,,0.0005745942547293708,0.0015879907645642583,2.3231670029470676e-05
31.544,2348,31,544000000,,0.0005191989023782421,0.000897477900397526,0.0002833524350508882
31.549,2349,31,548000000,,-0.0002459324658330322,-0.0063929975253057365,-0.0012469879493203911
31.561,2350,31,561000000,,0.0006686797429958083,0.002163915360607744,-0.0014992689328561916
31.562,2351,31,562000000,,0.000738637357287623,0.00285214604341803,-0.0013667081741069404
31.562,2352,31,562000000,,0.000738579062706264,0.002958478434157766,-0.0012652447667412408
31.568,2353,31,568000000,,0.0007579859961787789,0.0031992146534406125,-0.0012045730889444122
31.572,2354,31,572000000,,0.0006986266761076276,0.0028701680051556985,-0.0010663144505185082
31.578,2355,31,576000000,,0.0006369228892457647,0.0019689747588264063,-0.0007375888735643638
31.584,2356,31,583000000,,0.000349725095716718,-0.0008873723066391838,-8.970848121246674e-05
31.59,2357,31,589000000,,0.0006254117460365339,0.001192774599266744,-9.006653262610533e-05
31.623,2358,31,622000000,,0.0005242761685740281,0.0003145287360905754,9.550080189297194e-05
31.63,2359,31,629000000,,0.0004992300089663701,-0.00010174240492222958,-0.000726156056422797
31.635,2360,31,635000000,,0.00044160333359528296,-0.0004920101769550494,-0.0007257573044583546
31.639,2361,31,637000000,,0.00010477991398957195,-0.0026898326343086977,-0.0007252208971773354
31.648,2362,31,648000000,,0.00022639361013582682,-0.0017864851088866818,-0.0007254494312118887
31.651,2363,31,651000000,,0.0004488545885861036,-0.0004811617077269037,0.00019510542682304414
31.664,2364,31,664000000,,0.000497541013280639,0.00022672452773407327,0.0007467484704407467
31.677,2365,31,677000000,,0.0005945959372032831,0.0013558948359657075,0.0010196388026517474
31.686,2366,31,684000000,,0.0004784303816451417,0.0010734448452156267,0.000366012061055328
31.688,2367,31,688000000,,0.0006098854368705723,0.001694303525876904,-0.00046282056574479516
31.697,2368,31,696000000,,0.00011513915025943835,-0.0011414164673889944,-0.000712767702184376
31.712,2369,31,706000000,,0.00035270867908239825,-0.0003123203587494007,-0.000880987836981206
31.728,2370,31,728000000,,0.0005327077495486242,0.00020488449810036885,-0.0005069583499473878
31.738,2371,31,737000000,,0.0006917111256215113,0.0009468281096679685,0.000945241744056829
31.76,2372,31,759000000,,0.0007558807754879135,0.001439539497174886,0.0011927277190120441
31.783,2373,31,782000000,,-0.00014397706792074747,-0.002630674386359476,7.769967331749613e-05
31.792,2374,31,792000000,,0.00026401787454246825,-0.0012160166777251738,-0.000970455988612356
31.794,2375,31,793000000,,0.0002689687173414867,-0.0012430293800510211,-0.00044872367845678223
31.81,2376,31,809000000,,0.0002870128338724948,-0.001123664647499054,-0.000449115984943964
31.813,2377,31,813000000,,0.00046328933345282083,0.00032037825080575677,0.0003240547149998791
31.834,2378,31,825000000,,0.00048245135308064687,0.0004928106209018142,0.0003420376390075129
31.837,2379,31,836000000,,0.0005271651237877807,0.0010063340118513528,0.00033132607110454766
31.837,2380,31,836000000,,0.0004763327766233696,0.001167886173230314,-0.00012785458503802963
31.84,2381,31,840000000,,0.0004856197531957294,0.0011895713171754519,-0.00026602966115497396
31.84,2382,31,840000000,,0.0005528938347984739,0.0014406790646298304,-0.0004053047323791069
31.851,2383,31,850000000,,0.00048288331303104036,0.0010476609311640735,-0.0006695896303444456
31.855,2384,31,855000000,,0.0004634192003271808,0.000677303952543294,-0.0010699306044163956
31.86,2385,31,860000000,,0.0004818233512513709,0.00041370941649701017,-0.001023578208823937
31.86,2386,31,860000000,,0.00010798566409258822,-0.0017792387408743847,-0.00038973709034690674
31.862000000000002,2387,31,862000000,,0.0003999870783929204,-0.0006381301509522585,-0.0003188092805073366
31.866,2388,31,866000000,,0.00027651630976511057,-0.0012490227434596628,0.00022039321229757447
31.869,2389,31,869000000,,0.0005665078714174102,3.893306227016277e-05,0.00044482227033565956
31.869,2390,31,869000000,,0.0005076036520723172,2.8925096671821547e-06,0.0004878559898985282
31.869,2391,31,869000000,,0.0005925908680859168,0.0003240336684355033,0.00048784762777526614
31.878,2392,31,879000000,,8.990097133215985e-05,-0.0015006834007428454,0.0004875417738043332
31.884,2393,31,884000000,,0.00038896643706439756,-9.187719187795192e-05,0.0004241243202261577
31.898,2394,31,891000000,,-0.0001943071708477917,-0.001973941709918056,0.00027928173692761055
31.906,2395,31,905000000,,0.0003043759316379973,0.00013926741475642608,-0.00012077337215993422
31.911,2396,31,911000000,,0.0003903594344841885,0.0004446286443144497,-0.00012071169253468065
31.992,2397,31,991000000,,0.0006230667637518542,0.0011669638817512792,-0.0010977098425216918
32.009,2398,32,9000000,,0.0006090176803255404,0.00032561076104349135,0.00030024351101359104
32.017,2399,32,12000000,,-8.526414690487736e-05,-0.0019436360675135417,-0.0007165080211169246
32.03,2400,32,30000000,,0.00035774719708882795,-0.001141326856389758,0.000815475905157035
32.03,2401,32,30000000,,0.0004916325372451645,-0.00018065869520749117,0.0008451667072834745
32.035,2402,32,31000000,,0.0003281830438898194,-0.0006788374784692443,0.0008445742682000627
32.037,2403,32,36000000,,0.000582948245813399,0.00011473217045370138,0.0008448028434438148
32.046,2404,32,45000000,,0.0004855443588484524,-0.00018321443895675317,0.0008447181526288768
32.081,2405,32,81000000,,0.00048550627340587457,0.0005841639785065609,-6.376031897232463e-05
32.084,2406,32,84000000,,0.0005492349122819811,0.000778824075152087,-1.399706893014723e-05
32.093,2407,32,93000000,,0.00046820872172662883,0.0005951625541119572,-3.4371132608419715e-05
32.113,2408,32,113000000,,0.0003762952556563124,0.0003893384418086877,-5.639571901594576e-05
32.119,2409,32,114000000,,-0.0013479211341596823,-0.004631434965972696,-0.00028773449307938363
32.119,2410,32,116000000,,0.0005439129570149819,0.0003607270211419406,-0.0011287962948697192
32.119,2411,32,116000000,,0.0005439129570149819,0.00036155081472821635,-0.0011286951383254525
32.12,2412,32,119000000,,-0.00031501723483547345,-0.0019972201922927825,-0.0011460286890103933
32.123,2413,32,122000000,,0.0005349708715000115,0.00029715291538665706,-0.0011605250458929222
32.157,2414,32,156000000,,-0.00012298837963559746,-0.0015310345073750431,-0.0009927198216145656
32.158,2415,32,158000000,,6.305926177882569e-05,-0.0010838596729369858,0.00035872570062904193
32.16,2416,32,160000000,,0.00033406885114581564,-0.0003536408938483834,0.0003584336659509876
32.165,2417,32,163000000,,0.0003643089063648905,-0.00026371365858418323,0.00035797053019801704
32.184,2418,32,182000000,,0.000304750250515136,-0.00039385368014361124,0.0006322307937499479
32.189,2419,32,188000000,,0.0005504631598418235,0.00023329888506269254,0.0006323074263844541
32.194,2420,32,194000000,,-0.0004291066849820727,-0.0018795161447414778,0.0007859320767663983
32.202,2421,32,196000000,,0.00025322483760471966,1.8101027939680376e-05,0.0003195531772139667
32.202,2422,32,202000000,,0.0005330626009063343,0.000775234304586395,-0.00010394918926808266
32.221,2423,32,212000000,,0.00015796275469221304,-0.00012561046891045486,-0.0003367055847574841
32.222,2424,32,222000000,,0.00048058936500024624,0.0004939776951326578,-0.0005388995037176702
32.23,2425,32,230000000,,0.00045661358679595067,0.0003417713219051324,-0.00028724273784917634
32.236,2426,32,235000000,,0.0003525812574462767,-0.0001582177979551946,0.00016255578360469344
32.238,2427,32,238000000,,0.00036473241825200675,-0.00022319895467805989,0.0004558730791856162
32.244,2428,32,243000000,,0.00021833520411043868,-0.0005521892584657048,0.0005257104358795003
32.249,2429,32,248000000,,6.521193099687749e-05,-0.0008784876750976968,0.0005788278121959281
32.255,2430,32,255000000,,0.0003982953180456251,-6.147819495450014e-05,0.0006301642159534036
32.259,2431,32,259000000,,0.0001473722080273689,-0.0005768904194812984,0.0004973769790019569
32.264,2432,32,261000000,,0.00030446534819301486,-0.00018085221435136116,0.00029385243414685393
32.283,2433,32,283000000,,0.00018505250016249123,-0.00043282057529066693,0.00029384028286854344
32.285,2434,32,285000000,,0.00044492749079679884,0.00028478619723045753,-0.00047119738973891196
32.287,2435,32,287000000,,-0.0005217679439167673,-0.0017841511478517273,-0.00042796741727338
32.298,2436,32,297000000,,0.0006530113573557988,0.0007529204732555899,-0.0003833466584317229
32.304,2437,32,303000000,,0.0006117321281983526,0.0006406476847133154,-4.335598793759685e-05
32.307,2438,32,306000000,,0.00040559634022303484,0.00022597315803152116,7.771528336535387e-05
32.336,2439,32,336000000,,0.0004584024206669769,0.0004023587392099868,0.0002311556607765406
32.348,2440,32,345000000,,0.0006188243706571161,0.0009614833427772607,8.953023493814833e-05
32.373,2441,32,373000000,,0.0003086367940326117,0.00021542410720367576,-0.0003883245017557858
32.378,2442,32,378000000,,0.0003069990320480032,-0.0001501517967846252,-0.0007308847019589931
32.38,2443,32,380000000,,0.0004988237942640651,0.00022853286350537372,-0.0007056374416127731
32.387,2444,32,387000000,,0.00014388597447529541,-0.0005211621361855481,-0.0006442366970830526
32.391,2445,32,389000000,,0.0005704505680847827,0.00031183189316977354,-0.0005708847471463417
32.403,2446,32,400000000,,0.0004916607788657613,0.00013874716292153926,-0.000546443684563196
32.412,2447,32,411000000,,0.00043330677493738667,-0.00012009757124453453,-0.00015726597645022132
32.421,2448,32,420000000,,0.0001503004419435378,-0.0008418682943984776,0.00017304407661193283
32.422,2449,32,422000000,,0.00017020225728197816,-0.0008594675869895285,0.00019002291094998965
32.426,2450,32,426000000,,2.8774609082812147e-05,-0.0011289576208938503,0.0001463742751140841
32.435,2451,32,435000000,,0.00022909135259499943,-0.0007403688867242606,1.6494867229556107e-05
32.454,2452,32,454000000,,-0.000412128984415339,-0.0017371363379403838,-0.000548130244412976
32.457,2453,32,457000000,,0.0004088601749455569,-0.0001572985657083539,-0.0005480218089401021
32.482,2454,32,482000000,,-0.00039934190148997636,-0.0016969274028053273,0.00013731416077096605
32.495,2455,32,495000000,,-0.0003859639298593714,-0.0008776310753426205,0.0004877613399519994
32.495,2456,32,496000000,,0.0005661245136120905,0.0010898560170914168,0.0002126192692209301
32.496,2457,32,496000000,,0.00032584524322135073,0.000668001921233511,0.000165937861834565
32.531,2458,32,531000000,,-0.0005989993171938597,-0.001254148061094533,0.00018755061417081886
32.551,2459,32,551000000,,0.0008140919946556773,0.0014026126847082416,0.0007203040172841318
32.555,2460,32,555000000,,0.0003033163334957817,-0.0007260324322959728,-0.0004172092512974929
32.574,2461,32,572000000,,-0.0003642180798106194,-0.0018778584900328121,-0.0004024788718774133
32.578,2462,32,577000000,,0.0008792637248552805,0.00040585520703733367,-0.0002796992789571627
32.587,2463,32,587000000,,-0.00015309155524976533,-0.0013639252208520077,-0.00024697495763602653
32.596000000000004,2464,32,596000000,,0.000821197425533946,0.0007710158434843876,0.0005163164918303624
32.599,2465,32,599000000,,0.0006369392497521515,0.0009408330544702075,0.0004755119736584535
32.604,2466,32,604000000,,5.671268667269201e-05,-1.800744984964837e-05,0.0003717676760278295
32.61,2467,32,610000000,,0.00020462032003171557,0.0003591513717115352,-0.00023731519416178055
32.624,2468,32,624000000,,-0.00014914718692397638,-0.000469929874978613,-0.0003991654371264071
32.624,2469,32,624000000,,0.00021422978591455275,-0.0001378728569119867,-0.00038121355243729864
32.626,2470,32,626000000,,0.0005760840539665172,0.00047164764981198445,-0.000381271090649869
32.672,2471,32,663000000,,-2.1395140637128253e-05,-0.000822302900708579,0.00016244441169205976
32.672,2472,32,665000000,,2.3975328178852556e-06,-0.0007535506520201773,0.0005391380923735402
32.672,2473,32,669000000,,3.843620378930383e-05,-0.0006871898584076973,0.0005398989998401088
32.675,2474,32,675000000,,-0.00014004172239323034,-0.0009521607051776814,0.00047191176270448365
32.677,2475,32,677000000,,0.00017005955983212387,-0.0004415962919635098,0.0004015154014059841
32.684,2476,32,683000000,,0.00011608780538387286,-0.000514871288803501,0.00025992651110590804
32.698,2477,32,697000000,,2.3334217167645483e-05,-0.00047812379853154926,-0.00022603355174251425
32.721000000000004,2478,32,720000000,,-1.3255149257949419e-05,-0.00047108347705926445,-0.00021483439760969523
32.734,2479,32,731000000,,0.00024381346786774924,-1.9046691260956645e-05,0.0005638332915860769
32.734,2480,32,734000000,,0.0005227117888955627,0.0004353906586257607,0.0006080324961948675
32.736,2481,32,736000000,,0.0006403359884572185,0.0006934231779755854,0.000644475261598781
32.745,2482,32,743000000,,-0.0001180166027501975,-0.00037148131500099437,0.0003130893618270639
32.756,2483,32,756000000,,2.7733057574704715e-06,-0.00045014946585659327,-0.00042551105519329346
32.764,2484,32,762000000,,0.0004975043768985738,0.00025802325328047626,-0.00045069579085815726
32.772,2485,32,772000000,,0.00048797927851337267,0.00019529120943333046,-0.0002261987535951146
32.785,2486,32,783000000,,0.000260869134731517,-0.00022516893242419684,0.00027845694385312164
32.796,2487,32,796000000,,0.0007001785118302805,0.00043525316353842594,0.00027843659049809586
32.855,2488,32,855000000,,9.481587043020268e-05,-0.0003936158168160172,0.0005602366429809968
32.895,2489,32,876000000,,-0.0007783325432872299,-0.001692271628838275,-0.0004890222404466068
32.895,2490,32,897000000,,-5.968586097969018e-05,-0.000734589202844174,0.00012424806464237477
32.912,2491,32,911000000,,-7.582689056929146e-06,-0.0006335355302808041,0.00014687049658880776
32.958,2492,32,957000000,,-1.8050183248453932e-05,-0.0005689533506900851,5.403556085284409e-05
32.96,2493,32,960000000,,0.0003979041818290039,0.00025909763044583564,-0.0010957717322623043
32.966,2494,32,966000000,,0.000507619308181095,0.0004298357922891197,-0.0009134388095172637
32.977,2495,32,977000000,,0.00041033617737627694,0.00030238085613536056,-0.0008486397109260734
32.984,2496,32,983000000,,0.00046594430281363103,0.00047578195766982456,-0.0004191897317759023
32.988,2497,32,988000000,,0.0002735340491718686,0.00023900786565656207,-0.0003556039315054468
33.009,2498,33,9000000,,0.0006301226203910394,0.0007954336129076552,-0.0003096466676930642
33.012,2499,33,12000000,,0.0006777604547789735,0.001065078434970198,-0.0006610708135976179
33.012,2500,33,12000000,,0.0006388532814392178,0.0010175274226840486,-0.0006977611737888496
33.013,2501,33,13000000,,0.0004803563996489557,0.0008068360140979445,-0.0007685404245775608
33.015,2502,33,14000000,,0.00036405416654213256,0.0006550746658171937,-0.0009042842587975697
33.017,2503,33,17000000,,8.249256536324936e-05,0.00026945124178447046,-0.0009361337504266537
33.02,2504,33,20000000,,0.00047228143851058956,0.0008204281916933132,-0.0009654533740374653
33.03,2505,33,24000000,,0.00019725987997072956,0.0004313081405507344,-0.0010590812400826345
33.033,2506,33,32000000,,0.0006761377393508709,0.0010705936442228984,-0.0010925540887366633
33.036,2507,33,36000000,,0.00038702986596073725,0.0004934670881926329,-0.0008422302930341973
33.043,2508,33,43000000,,0.0003262837272263926,0.0003529874751537353,-0.0007668425447204012
33.082,2509,33,77000000,,0.0001634313376569096,1.2398924137102874e-05,-0.0006154974899176986
33.105,2510,33,105000000,,0.00022050207433854598,-0.0001907198073355272,5.931663558566094e-05
33.111,2511,33,111000000,,0.00017272568054375285,-0.0003643851407814842,0.0003327359324977092
33.12,2512,33,118000000,,0.00020280706355570906,-0.0003507962302090689,0.0003227654750233179
33.121,2513,33,119000000,,0.0001699843146744319,-0.00050835116563005,0.00018285001191080651
33.128,2514,33,128000000,,0.0002238286824614931,-0.0005024849545927738,0.0001245600724271429
33.15,2515,33,150000000,,0.0002582252509399556,-0.0004753029071880289,0.00011609248324267095
33.157,2516,33,157000000,,0.0002742423777356637,-0.0006840222761975338,0.00021829585398224082
33.162,2517,33,161000000,,0.00015128067890833222,-0.0009052371678564036,0.0003073587224066104
33.171,2518,33,170000000,,0.0003186795293143069,-0.000707383217358151,0.0004134149748673306
33.184,2519,33,184000000,,-8.680875000703745e-05,-0.0012673570700296895,0.0007552765763705414
33.187,2520,33,187000000,,-0.00012615638965975587,-0.0013128690768501787,0.0010697103001409598
33.215,2521,33,208000000,,0.00028881215980353016,-0.0007765284876109001,0.0011835059405515447
33.223,2522,33,221000000,,0.0004725631403080576,0.0002492014166912358,0.0014140366017874578
33.226,2523,33,226000000,,0.00019497069489833547,1.1661947917438305e-05,0.001347923020496533
33.232,2524,33,232000000,,0.00017895213830371192,3.468692799322901e-05,0.0013072471113839985
33.237,2525,33,234000000,,0.00015974985787539831,7.205227107853207e-05,0.0012291314219770634
33.242,2526,33,242000000,,0.0002643779974880649,0.00024344763094270744,0.0011683991896672802
33.246,2527,33,246000000,,-0.00025298320511503317,-0.00033580233638984963,0.0010656347061341988
33.267,2528,33,266000000,,-0.001152029887418105,-0.0013604856376708782,0.0009542927940173329
33.273,2529,33,273000000,,-0.0005506589610444921,-0.00044677181676345374,0.000685467367207549
33.285,2530,33,285000000,,0.00029626442867291,0.0007542431377491593,0.00045116141409126144
33.29,2531,33,290000000,,0.00027298208289300345,0.0007962432986175419,0.0003607612520695106
33.296,2532,33,296000000,,0.00027398103105741404,0.0008115381180528565,0.0003614648568956608
33.358,2533,33,358000000,,0.0002379477434502123,0.0007846528234483955,0.00038006630878499993
33.363,2534,33,360000000,,0.0005646154128350089,0.0016918943936920852,-1.5101278647711489e-05
33.363,2535,33,363000000,,0.0003279470419171275,0.001427477392976215,-0.0002061732221074084
33.381,2536,33,381000000,,0.0004282541727594439,0.0015557357169892687,-0.0002808810498025089
33.391,2537,33,390000000,,0.0002734160368072496,0.0010211527818455254,-0.0007887994164997791
33.405,2538,33,404000000,,0.00039323203007190594,0.00024571088098323374,-0.0013230737722643667
33.418,2539,33,418000000,,0.0006626290789809482,0.0005238561716775555,-0.0012016185742766128
33.421,2540,33,421000000,,0.0009849300077311468,0.0009702723324958561,-0.0012289785020636785
33.425,2541,33,425000000,,0.0007739898687659167,0.0007070061643756906,-0.0012597512766311396
33.428,2542,33,426000000,,0.000976726871039284,0.0009421345449128267,-0.0013000855057070451
33.443,2543,33,441000000,,0.0009069220421145055,0.0008550479061801938,-0.001323435951063672
33.483,2544,33,451000000,,0.000469861937470724,8.505576706762752e-05,-0.001567054509018412
33.496,2545,33,495000000,,0.0007921798601415765,0.00029491089641519035,-0.0017132653898620463
33.513,2546,33,512000000,,0.00033760379914552126,-0.0008552145797189546,-0.0019045828548866664
33.529,2547,33,528000000,,-0.0008732271334738839,-0.0024176486507961874,-0.0017624781417002978
33.536,2548,33,536000000,,0.0004716261735054518,-0.0009701401116987241,-0.0015533362753251878
33.543,2549,33,543000000,,0.00034912536749010995,-0.0011327498050105087,-0.001439188821689768
33.58,2550,33,580000000,,0.0003012619151894267,-0.0011887615718195565,-0.0013764937119032697
33.596000000000004,2551,33,596000000,,0.0001764646862219451,-0.001834592893052908,-0.0017941543189917096
33.61,2552,33,610000000,,0.00013664107021975596,-0.0019771856158647535,-0.0005838086820674066
33.621,2553,33,621000000,,-0.00028034404883591396,-0.001698504299730614,-0.00016552837213614093
33.642,2554,33,640000000,,-0.00019173166772102677,-0.0015375378479767126,-5.794918411841142e-05
33.652,2555,33,647000000,,-0.00044090026512566495,-0.001659695013544049,0.001565697567931059
33.652,2556,33,649000000,,-0.0005372261061759164,-0.0016958507724797072,0.0015580394644470477
33.656,2557,33,655000000,,-0.0005389796782088071,-0.0016935394000258915,0.0015572021250019274
33.673,2558,33,672000000,,-0.000679179991681806,-0.0018222011787258684,0.0015679420221530326
33.677,2559,33,677000000,,0.00023422117019672375,0.0003530186443832944,0.002421420757142527
33.679,2560,33,679000000,,0.00018953270141028482,0.0003427039863672278,0.0024689672315494704
33.681,2561,33,681000000,,0.00015078300933439365,0.00030727292367456114,0.0024690972428290615
33.681,2562,33,681000000,,0.00017744944874761466,0.00037000530675624635,0.002516598957837195
33.702,2563,33,702000000,,-0.00036689737730825423,-7.03596542963543e-05,0.0027047397075601128
33.706,2564,33,706000000,,-0.0001733547475988046,0.0005180588039603206,0.0031852494369254045
33.731,2565,33,731000000,,-0.0003756726407993993,0.00038500027297907243,0.003189925824469971
33.74,2566,33,740000000,,-6.822120840016996e-05,0.0012923868918469175,0.0031492174918391
33.755,2567,33,751000000,,-0.0002494763736977313,0.0013375860112647003,0.0033394814763850443
33.758,2568,33,757000000,,-0.0004225084880632211,0.0013994561251912587,0.0033949755632238397
33.776,2569,33,776000000,,0.0003654870077264925,0.002229139445722364,0.002790654952208396
33.783,2570,33,783000000,,0.0003523920629642949,0.0022611699532729627,0.00217790186778484
33.787,2571,33,787000000,,1.1980812687067385e-05,0.0019163112771783597,0.0020170152594736384
33.787,2572,33,787000000,,-0.00011412825032804336,0.0017762015686277437,0.0019170584291421423
33.79,2573,33,797000000,,0.0006498446032536927,0.0025524418729640976,0.0019176368261886137
33.798,2574,33,799000000,,0.000538335053760986,0.001703099710137105,0.0013713955183944449
33.805,2575,33,805000000,,0.00031351460096035893,0.0013971290867618813,0.0013332020070651773
33.824,2576,33,824000000,,0.0005746107265872483,0.0016659430537683292,0.001334402787524995
33.836,2577,33,833000000,,0.0002716711421032449,0.00044379728033445455,0.0003441428117704446
33.849,2578,33,849000000,,0.00027973316015026035,0.00010139211611092713,-0.0003194527663218542
33.855,2579,33,855000000,,0.0003776648801276201,0.00020958660753014928,-0.000320589623925468
33.866,2580,33,859000000,,0.0002930272025298486,-0.00031464522450955684,-0.0013577306670112263
33.869,2581,33,869000000,,0.00035923441640939654,-0.0004257748627059059,-0.00175533225459646
33.906,2582,33,898000000,,-0.0002542519961253287,-0.001104503779275216,-0.001754858454969635
33.946,2583,33,945000000,,0.00014105501554532123,-0.002314844165893209,-0.003958152275515332
33.951,2584,33,951000000,,-0.00020767373924980944,-0.0030295439193398096,-0.00465449273339117
33.978,2585,33,977000000,,0.00010883357581340726,-0.0021550239989286592,-0.004554186413950064
33.989,2586,33,989000000,,0.00018072339279304357,-0.0020193310806709336,-0.0045562439758523995
33.997,2587,33,997000000,,0.00016051660396185091,-0.0015095576303729796,-0.004406853764781738
34.005,2588,34,5000000,,-9.56109468427162e-05,-0.0015827399059826271,-0.0042775071101861005
34.022,2589,34,21000000,,-0.00032253879517994027,-0.0015970510591302987,-0.004106176842424913
34.027,2590,34,27000000,,5.480065866286019e-05,-0.0006576861533895632,-0.002924314558256619
34.042,2591,34,40000000,,-9.844882639606725e-05,-0.0006121327249782297,-0.002427706165449744
34.048,2592,34,47000000,,0.0001232729741003863,-0.00015897374827355995,-0.0019089932871605526
34.056,2593,34,55000000,,-0.00015642460919072925,-0.00015066080377410071,-0.0014603826557378304
34.066,2594,34,64000000,,0.0001841082126542915,0.0004104516514901157,-0.0012256444890140416
34.073,2595,34,73000000,,0.00024163653605808615,0.0006517240306254801,-0.0010414913041703771
34.077,2596,34,77000000,,0.00014622174915795706,0.0006321916254198613,-0.0009613734067906909
34.084,2597,34,84000000,,8.45990147588321e-05,0.0006795223983735728,-0.0007712360858011076
34.09,2598,34,84000000,,-0.00017642126810468996,0.0004757434422004011,-0.0007418083280737
34.105,2599,34,105000000,,0.00014682962014791418,0.0007723835588727583,-0.0007421107577582119
34.113,2600,34,112000000,,0.000199173302580409,0.0021765216708855796,0.00139541847517156
34.169,2601,34,168000000,,0.0002832904563136119,0.0024990309943817837,0.0018490536915359746
34.178,2602,34,178000000,,0.00024449142456916536,0.0025299391462174775,0.006698413242323574
34.18,2603,34,180000000,,0.00019019693657389717,0.0015251602117085307,0.0071030030543023205
34.184,2604,34,182000000,,0.0005071325292013589,0.0017150602600664727,0.007130115023406512
34.201,2605,34,200000000,,0.0003719120786820286,0.001137456992145503,0.0071939970669569146
34.206,2606,34,205000000,,0.0002589531364088708,0.00027348499931877096,0.006683784195326118
34.223,2607,34,220000000,,0.0004760150274653751,-1.4884167143670478e-05,0.0066774069496025
34.251,2608,34,251000000,,-0.0001040370445641043,-0.002669534708267342,0.005447908776863132
34.254,2609,34,252000000,,0.00025546196995631125,-0.003091526221758893,0.0034002647666742554
34.256,2610,34,256000000,,-0.00017457738426178218,-0.0035031491035211544,0.0034007690707778706
34.259,2611,34,259000000,,6.515350156983622e-05,-0.003279954324476014,0.0034034052088387683
34.261,2612,34,260000000,,0.00024349903514575777,-0.003106593974694424,0.003403607080958107
34.266,2613,34,266000000,,-3.0482995389999264e-05,-0.0033757930992679747,0.00340329717487699
34.272,2614,34,272000000,,1.3814328139820993e-05,-0.0035099174177787716,0.0032206592707861286
34.275,2615,34,275000000,,0.0002278249216343403,-0.0035172038443413924,0.002273108879284292
34.283,2616,34,282000000,,-0.00015484087078097004,-0.003739645587578757,0.0008985080972748435
34.286,2617,34,285000000,,4.3173139816261746e-05,-0.0028814826606894696,-0.0018794055194686248
34.291,2618,34,291000000,,-0.00046136904625175383,-0.003276762701146898,-0.0021744115931486715
34.298,2619,34,298000000,,4.0216811605472575e-05,-0.002690240893958341,-0.002328947431108835
34.312,2620,34,312000000,,-0.00011826000697099862,-0.0025871914856394128,-0.003210149651129649
34.317,2621,34,317000000,,-0.00030481879890575963,-0.001235885977323889,-0.006896586874459462
34.334,2622,34,333000000,,-0.001013430768876901,-0.0004793360500007729,-0.007157945682826593
34.354,2623,34,354000000,,0.0002936262090690313,0.0018816707498415096,-0.007404498394302172
34.362,2624,34,357000000,,3.9122525113585924e-05,0.003325597342414988,-0.0070008380253788385
34.368,2625,34,368000000,,0.00013330604873074587,0.00345611920648601,-0.00649239935051938
34.376,2626,34,376000000,,-0.00019406912244089908,0.0030819345917389327,-0.00609976301445648
34.379,2627,34,380000000,,-0.00035483943770691636,0.002940817156844773,-0.005339842826583576
34.385,2628,34,385000000,,-0.000301219138423381,0.0030415107200526433,-0.005165182896230861
34.389,2629,34,387000000,,-0.0005889163571861814,0.0028728438554304105,-0.004815829155743908
34.394,2630,34,393000000,,-0.00016123593632183828,0.0033413786669660773,-0.004562053751739031
34.399,2631,34,397000000,,-7.998305512023948e-05,0.0033018452426407264,-0.0033717538788187893
34.414,2632,34,414000000,,-0.0001383829172500578,0.002948534048106621,-0.0021483265729917845
34.422,2633,34,422000000,,0.0003869844240112061,0.0029321018618305218,-0.0011332445905616875
34.429,2634,34,429000000,,0.0005144753157698921,0.0030237984520141235,-0.001133349952557655
34.429,2635,34,429000000,,0.0002147560387304285,0.0026358488734311313,-0.0008119529094153763
34.429,2636,34,429000000,,-6.0830210042832355e-05,0.0023556570753465347,-0.000653960022978009
34.433,2637,34,433000000,,0.0005136227179993524,0.0026806223615591105,-0.0004989008300705455
34.448,2638,34,448000000,,0.0005322859357259188,0.0020214065351554147,0.000832344591695629
34.454,2639,34,454000000,,6.277488221636952e-05,0.00017484834733181225,0.002514336312279387
34.458,2640,34,457000000,,0.00035842949002654637,-0.0008322559921656011,0.0035609050474066134
34.482,2641,34,481000000,,0.0005956440782071664,-0.001389990899337577,0.004345755675424833
34.498,2642,34,498000000,,0.00015712997638322386,-0.004919669984424747,0.006771641943298217
34.507,2643,34,507000000,,9.078037931877273e-05,-0.005139266465421392,0.0068298694635474675
34.515,2644,34,515000000,,0.00014804257506392598,-0.004445610997475135,0.006591297362488275
34.523,2645,34,523000000,,0.00011382596110349048,-0.003321641756828775,0.005415607932004951
34.55,2646,34,549000000,,-2.2644425308836105e-05,-0.0020691500275506324,0.0041470916322704846
34.576,2647,34,576000000,,-0.0002992952910213551,0.0010428744233264844,0.0003305701748771559
34.579,2648,34,579000000,,-0.0002869574576190476,0.0031351827641017873,-0.0015199250059238472
34.592,2649,34,592000000,,4.014183219453014e-05,0.0034509573049369222,-0.001527869872092089
34.597,2650,34,594000000,,6.490137875967684e-05,0.004071476082821407,-0.002341154012671576
34.599,2651,34,598000000,,-0.00015064305182076952,0.004024745486521339,-0.0027230649911419323
34.602,2652,34,600000000,,-0.00014712282326376908,0.004076527763008282,-0.0028138500163089014
34.608,2653,34,608000000,,-0.0001323154035645381,0.004189167419813895,-0.0030072726293416964
34.613,2654,34,613000000,,-0.00011908569515945816,0.004571662939515724,-0.0037586880947305694
34.62,2655,34,620000000,,1.3650576426055887e-05,0.004914260250204796,-0.004273999835818521
34.622,2656,34,622000000,,-7.049759788583235e-05,0.004610965343205832,-0.004925032404104457
34.63,2657,34,626000000,,4.479553420147523e-05,0.004706846066780691,-0.0049260347564985514
34.644,2658,34,644000000,,8.919488664226144e-05,0.004746264168165754,-0.004934525034382769
34.659,2659,34,654000000,,-0.0001588039584963675,0.0035064991151694544,-0.005862225114478136
34.663,2660,34,663000000,,-0.00024233659820246007,0.0009911606010413188,-0.005228396828424586
34.676,2661,34,676000000,,-0.0002840400450951995,1.146835674358684e-06,-0.004975759051498895
34.685,2662,34,685000000,,1.4954715258032957e-05,-0.0018812256750735576,-0.003984715128480759
34.693,2663,34,693000000,,0.00018695282404366202,-0.0032462656728963375,-0.002879540726126142
34.698,2664,34,695000000,,0.0002942869860737646,-0.004107926580071431,-0.0020444059337182746
34.713,2665,34,713000000,,0.00023991922669798165,-0.004700000297904856,-0.0014459781922985047
34.715,2666,34,715000000,,0.00025290605832641353,-0.005542484440990175,-0.00041105435270684615
34.75,2667,34,750000000,,0.00021160284452399725,-0.005585573177682177,-0.0004120931242663265
34.755,2668,34,755000000,,0.00025175253112455286,-0.006589652111756626,0.002101641885429472
34.767,2669,34,767000000,,0.00014093805618659377,-0.006689985881817241,0.002230064764677113
34.78,2670,34,780000000,,0.0001755134163076601,-0.0066101536352069805,0.002679625765395857
34.786,2671,34,786000000,,0.0003848586696067963,-0.005350049220452926,0.003712240462557685
34.79,2672,34,789000000,,0.0003082690086361477,-0.005248176037168353,0.003935276083684633
34.794,2673,34,793000000,,0.0002672699077604463,-0.005122394127388299,0.004129933293246335
34.812,2674,34,812000000,,0.0003412226451868878,-0.004679336624997145,0.004437068081775058
34.828,2675,34,828000000,,0.00021958711666636175,-0.0031451058505994473,0.005321084371585947
34.851,2676,34,851000000,,3.717783662438985e-05,0.0017077199680990364,0.005515845148804011
34.86,2677,34,860000000,,-1.1479741416148137e-05,0.0031105861166997196,0.005421577399455927
34.872,2678,34,872000000,,8.944120117165462e-05,0.003403365609006173,0.005415440828083242
34.879,2679,34,878000000,,0.00011519628684117321,0.004712544359683804,0.005341834623045774
34.887,2680,34,887000000,,0.00026942777693525233,0.005860525898568534,0.005302587056694393
34.899,2681,34,898000000,,-0.00010029414743110396,0.00620428690788681,0.005284382341980747
34.903,2682,34,903000000,,0.00020796710149565138,0.006601703773907742,0.005399247067112706
34.907,2683,34,907000000,,-8.333350637411452e-05,0.00853985270170179,0.0036851830367748404
34.911,2684,34,911000000,,-2.9266027735731667e-05,0.009052998671459554,0.0032793432719018167
34.916,2685,34,916000000,,-0.00010783045790448527,0.00877482858596164,-0.0006295290184210032
34.926,2686,34,926000000,,-0.000123883097988056,0.008607205399232076,-0.001362412712875718
34.934,2687,34,933000000,,-6.304792048940662e-05,0.007949291477928657,-0.0023458715248467965
34.939,2688,34,939000000,,-0.00010982733464771221,0.007437765572053639,-0.003100120874676888
34.958,2689,34,958000000,,-0.00022232634425793188,0.006945258964998551,-0.003728826175634785
34.964,2690,34,963000000,,-0.00029830369441822885,-0.002052125309762588,-0.0071616037434482655
34.982,2691,34,982000000,,-0.0002451988262599931,-0.0024253665685322217,-0.007310700189067251
34.997,2692,34,997000000,,0.00018976971332721712,-0.004605997901559445,-0.008115243615775874
34.999,2693,34,998000000,,0.00017255199740842225,-0.004906013402426541,-0.008172017447037917
35.004,2694,35,3000000,,0.0002401576415920909,-0.005650887202570991,-0.008247181052921652
35.008,2695,35,6000000,,0.0001808600852121708,-0.0062741656013794835,-0.008322690680619848
35.043,2696,35,43000000,,9.342466586282711e-05,-0.008544902183935997,-0.007689727550750885
35.056,2697,35,56000000,,-0.00029928422413816964,-0.01196939614534238,-0.005834362433180999
35.056,2698,35,56000000,,-0.00036034261327644296,-0.012388753907329053,-0.005059919697416175
35.081,2699,35,80000000,,-0.0007364872903827181,-0.01300779315159177,-0.004315533519386087
35.11,2700,35,110000000,,0.0002446037299143306,-0.002669799621291322,0.0012992238399089136
35.118,2701,35,117000000,,-0.00011292108387129883,0.006004154953339092,0.008738723313666213
35.14,2702,35,139000000,,-0.0002517648584349885,0.0068340877072429855,0.009633214494348228
35.173,2703,35,173000000,,0.00021294512985771754,0.01789340822969737,0.013913744193514993
35.186,2704,35,186000000,,0.00014390130635627367,-0.00027800908254126903,0.005021786651466862
35.202,2705,35,196000000,,0.00021380471978544503,-0.0017714656285289306,0.0038470086836278282
35.217,2706,35,216000000,,0.00025378911700087853,-0.0031517102744742847,0.0026975855390708454
35.227,2707,35,227000000,,0.00030173086110966345,-0.004138935913357204,0.0017863166984664084
35.232,2708,35,231000000,,0.00030395229187365157,-0.006353055836684074,-0.0008200346154540413
35.235,2709,35,234000000,,0.00018734722145984778,-0.007126535929247136,-0.0022227314055771074
35.236,2710,35,241000000,,0.000270498112990904,-0.009280594487713758,-0.0036975213696137685
35.26,2711,35,260000000,,0.0002748333734853651,-0.01053927994209001,-0.004253457983082657
35.262,2712,35,262000000,,-9.704300234285245e-05,-0.005930873038785437,-0.005802304273707424
35.269,2713,35,262000000,,-0.00036238295698666804,-0.001699432167077163,-0.005798001447362642
35.274,2714,35,274000000,,-0.00023300062386124275,0.0017581271426428543,-0.005036386753057582
35.282,2715,35,282000000,,-6.153911639980644e-05,0.006497709410304504,-0.003859737322269354
35.29,2716,35,288000000,,-0.00045318547967251313,0.007185997697216433,-0.00020542522368963167
35.296,2717,35,291000000,,3.311548031405327e-05,0.005895399942293367,0.00019020300218306895
35.296,2718,35,296000000,,-5.740600996844968e-05,0.005914777514478092,0.00019017825381393422
35.299,2719,35,299000000,,-0.0002277526746391158,0.00459320836256745,0.0008008370177856117
35.303,2720,35,301000000,,5.6553892840770825e-05,0.0004534486001568091,0.0009388257740836309
35.327,2721,35,324000000,,-0.0003511119922669577,-0.00027057486461249156,0.0008711846277809717
35.33,2722,35,329000000,,-0.0004916205788713883,-0.0022849866741886165,0.00037970274913989757
35.332,2723,35,332000000,,-0.00043678101378206833,-0.001786528436690706,0.00037984923763812145
35.334,2724,35,334000000,,7.901571006380042e-05,-0.0022331501004160394,0.0003802326327805803
35.336,2725,35,334000000,,6.352938447108453e-05,-0.0022096494682804927,0.0003802356400508185
35.337,2726,35,337000000,,1.5566297063610296e-05,-0.0020886316191400496,0.0003419045563967016
35.34,2727,35,340000000,,-9.518136918670269e-07,-0.0020534634696547363,0.00034190891910918387
35.351,2728,35,351000000,,5.999362580343043e-05,-0.0021578791542987016,0.0003419346188136528
35.357,2729,35,356000000,,2.4162544016275225e-05,-0.0018908354403204732,0.00017108766664455824
35.362,2730,35,363000000,,-5.7448398526047676e-05,-0.001579372548193704,7.122221354014771e-05
35.381,2731,35,378000000,,-0.0001374160461079249,-0.0013819287498734682,6.715913030974456e-05
35.385,2732,35,385000000,,-9.014382450681292e-06,-0.0011727733286532962,-3.1333949332975545e-05
35.394,2733,35,394000000,,-0.000113482807359816,0.000412847864937968,0.00020542445859052369
35.405,2734,35,405000000,,-0.00023301830021079468,0.0013405995310058938,0.000341102172048174
35.41,2735,35,410000000,,-0.00026697855083916613,0.0013906190522758397,0.00034112944354455375
35.416,2736,35,415000000,,-0.0004759220066333801,0.0017647481955521621,0.00034119798524253773
35.458,2737,35,456000000,,-8.354646648678743e-06,0.0007990575960664002,0.0003512872180822486
35.467,2738,35,467000000,,-0.0002883151824415122,0.0021817031263660935,0.0003477740486723264
35.476,2739,35,476000000,,-3.474658417161763e-05,0.0018337366372110154,0.00016305869564834372
35.479,2740,35,479000000,,-0.00011943978235500461,0.0020786622153983166,0.00015909557298405326
35.486,2741,35,486000000,,-5.410494199866195e-05,0.0018934388095043172,0.0001590091147500016
35.487,2742,35,487000000,,1.2966089152397759e-05,0.0020722418171776457,-0.00013147248483931756
35.497,2743,35,493000000,,-5.519992814990102e-05,0.002269751188859275,-0.00013146196733022843
35.501,2744,35,501000000,,-7.433829536186213e-06,0.002212749175777109,-0.00017880572686923763
35.503,2745,35,503000000,,-0.0001622685260357972,0.002495352376963458,-0.00014964685225936315
35.507,2746,35,506000000,,5.793830706007199e-05,0.0016742236968765559,-0.0001130088317067672
35.509,2747,35,509000000,,-0.00024228411305492984,0.002310363753562058,-4.55924399267721e-05
35.512,2748,35,512000000,,5.104908459172897e-05,0.0012461207631306002,-8.793746599241193e-06
35.537,2749,35,514000000,,3.5754559734396565e-05,0.0010647819212314048,4.044347229687525e-05
35.559,2750,35,559000000,,4.9612917991882216e-05,-0.00016618348704642422,0.0003252813807045158
35.563,2751,35,561000000,,0.00010037830656058638,-0.0006341150043393262,0.00035525963271762793
35.563,2752,35,563000000,,0.0001193709454430835,-0.0010602430803952892,0.0002653909772793515
35.571,2753,35,571000000,,0.00018904487748834284,-0.0014268955068262835,0.00013479104453630606
35.576,2754,35,574000000,,5.995980173494301e-05,-0.001097653177919966,6.990566488790232e-05
35.58,2755,35,579000000,,0.0002441853021931455,-0.0016690494324748124,3.632855633096954e-05
35.582,2756,35,582000000,,7.802613324560735e-05,-0.0012154851026386258,-3.28726352386324e-05
35.584,2757,35,584000000,,7.311461011777675e-05,-0.0012021323700889108,-3.284817410381918e-05
35.594,2758,35,593000000,,0.00010539052145323277,-0.0013001753304047064,-3.279694059062381e-05
35.596000000000004,2759,35,596000000,,0.0001205051073309681,-0.0013444698950451247,-3.279643678724686e-05
35.616,2760,35,614000000,,0.00011839140955346181,-0.001403541502910905,-0.00020606735986979617
35.621,2761,35,621000000,,0.00019721070933114047,-0.0018706067275808015,-0.00042012320123225905
35.639,2762,35,639000000,,0.0002723268681629452,-0.0021083455955845576,-0.00041972872259168827
35.675,2763,35,675000000,,2.319334577624226e-05,-0.0030782726858095367,0.0003145315107692624
35.675,2764,35,675000000,,-0.00015096799349537818,-0.002441183529710411,-0.00029893051814425416
35.696,2765,35,695000000,,-7.907340276425391e-05,-0.0026416008331020804,-0.0003069682405947363
35.699,2766,35,698000000,,-0.00010193894584424509,-0.0024592267376096727,0.000286986226299988
35.704,2767,35,708000000,,-4.3470878692412264e-05,-0.0026504390290253647,0.00028701446771487544
35.715,2768,35,715000000,,-0.00026292231863369957,-0.0019350328275050397,0.00028643475689802734
35.718,2769,35,718000000,,-0.00037056355900892966,-0.0015836466766909292,0.00028646842776799687
35.727,2770,35,723000000,,-5.143898842260851e-05,-0.002639505298293074,0.0002863653298681371
35.791,2771,35,791000000,,-0.0004980354805879461,-0.0011802812454610075,0.00037514460003487226
35.807,2772,35,806000000,,-0.000343538784400814,0.000747910430696041,-0.00020329477131547364
35.831,2773,35,829000000,,-0.0001970150516575573,0.0005362314615143071,-0.0002615056384138963
35.84,2774,35,839000000,,-0.0004986711824317939,0.002230426036747517,0.0006610345774502419
35.845,2775,35,845000000,,-0.0004122802855155716,0.002324831608010729,0.0007627720004476021
35.854,2776,35,854000000,,-0.0008676908064683761,0.0041508045287100915,0.0004713017382010324
35.882,2777,35,882000000,,-0.0002926125514432076,0.002463323114795545,0.000302473404859192
35.896,2778,35,895000000,,2.4885511099376136e-05,0.003370937621441499,0.00035074470843374147
35.906,2779,35,904000000,,3.034455995498221e-05,0.003581209647596265,8.77588518215269e-05
35.912,2780,35,912000000,,-5.128445625849117e-05,0.00388052413237091,0.0001877548162390041
35.914,2781,35,912000000,,-9.085510973070755e-05,0.004072757458776092,0.0005554893276935259
35.923,2782,35,922000000,,-0.0004852650101806143,0.005363158018800756,0.0005204830205288986
35.928,2783,35,928000000,,-8.851049024303636e-05,0.004000079080409353,0.00021179320019102608
35.978,2784,35,976000000,,0.00011683812029089528,0.002465734532601314,-0.00017534054138848424
35.984,2785,35,981000000,,0.00012634319958148213,0.0007055568519635685,0.0003621811812952044
35.996,2786,35,996000000,,8.659822115938128e-05,0.000398204734932842,0.0006267723290769764
36.01,2787,36,8000000,,8.020822278921401e-05,-0.00018297948708141112,0.0006362425818066583
36.047,2788,36,27000000,,0.0001786429154863666,-0.001715091193296042,0.0004133873767668434
36.097,2789,36,73000000,,0.0004839761136492017,-0.004529151981141642,-0.0004879754592095586
36.097,2790,36,85000000,,3.842664280000372e-05,-0.007059181685460342,-0.000962665464812121
36.097,2791,36,93000000,,-0.00011128356699031167,-0.006763562208605362,-0.00021657581977481123
36.097,2792,36,97000000,,-0.00024203772768795643,-0.005434726142215686,-9.525996928351314e-05
36.11,2793,36,110000000,,-0.00044574836007760834,-0.004117381431560785,-0.00026533090182067427
36.125,2794,36,125000000,,-0.0005737376911938031,-0.0032646258488701406,-0.00047703815312710783
36.176,2795,36,176000000,,-0.00016973332185278976,-0.0016590298247945534,-0.0011928091112927144
36.182,2796,36,182000000,,-0.0009043037396263043,0.001827460202447366,-0.0007608715803586125
36.202,2797,36,202000000,,-0.00037114711716138254,0.0004161858433630718,-0.0007838969711061305
36.216,2798,36,216000000,,-0.0003399341834856139,0.005640136125328144,-0.0009736646673772961
36.22,2799,36,219000000,,-0.0009950067517864357,0.008438505337752481,-0.0006744052668435271
36.227,2800,36,226000000,,-0.00012436660494997558,0.006352090332776748,-0.00034518010854644397
36.245,2801,36,244000000,,-0.0003916600642799347,0.007307881704051739,-9.938571609748614e-05
36.252,2802,36,250000000,,0.00033976146478133007,0.005499326567666477,-9.993476620249659e-05
36.257,2803,36,252000000,,0.0004254187937765423,0.005379369359743728,-0.000250134069957645
36.288,2804,36,284000000,,0.0003281715396410645,0.005727332653650388,-0.0002663253272271269
36.301,2805,36,299000000,,0.0005122057297081242,0.0016025485030163535,0.0009050196818070258
36.301,2806,36,299000000,,0.0003905473389478442,-0.004835059939472637,0.0006464395822798643
36.314,2807,36,312000000,,0.00048802928097528943,-0.0067657526004022,0.000725461613573937
36.334,2808,36,334000000,,-0.00018035437251461865,-0.007603888539607899,0.001173074747396411
36.334,2809,36,334000000,,-0.00032792742691053936,-0.008474969551438376,0.0009968588738187463
36.347,2810,36,347000000,,-0.0006234930384040949,-0.005055488345255976,0.0005437893996715238
36.35,2811,36,350000000,,-0.0003798473607202929,0.004554079055421086,0.0005203399046380566
36.353,2812,36,352000000,,-0.00026857174407378046,0.004222011009925277,0.0005195725835842057
36.356,2813,36,355000000,,-0.0005790363270786177,0.007775260263665289,0.00040968962787574914
36.365,2814,36,365000000,,-0.0007699768071862408,0.008608306726879232,0.00036817834523341904
36.37,2815,36,370000000,,-0.0005557068352651445,0.007953564640662023,0.00036776706028476044
36.379,2816,36,378000000,,-0.0005081435110509572,0.007780576217389261,0.0003676328304772096
36.382,2817,36,382000000,,-0.00030971152498664737,-0.0010389914502300904,-0.00021310407956918516
36.428,2818,36,427000000,,-0.0004160178826112321,-0.0031411471363056174,-0.0003373016276517802
36.437,2819,36,436000000,,0.00027572040437299843,-0.0027062024240946856,0.0001511795651295972
36.444,2820,36,444000000,,1.5021934189402183e-05,-0.0017690405028811266,0.00019151924127428491
36.444,2821,36,444000000,,9.928286004254664e-05,-0.0016530680016859538,0.00024193892947161884
36.461,2822,36,461000000,,0.0003269607156024208,-0.0022424915698549064,0.00024186121492367026
36.464,2823,36,463000000,,0.00027259744820453714,-0.001664120242968843,0.0002877877735147807
36.505,2824,36,504000000,,4.8157407709629065e-05,-0.0006202943498170635,0.00030663954369886576
36.519,2825,36,520000000,,0.00013653473421484073,0.0018419957851178524,-5.145457564287824e-05
36.551,2826,36,549000000,,-0.0002477367013864278,0.0026140062869723464,0.00011591679088226051
36.557,2827,36,557000000,,-0.00022093107448703717,0.002405808469064931,-0.0001481613650558625
36.564,2828,36,563000000,,-0.0007437426012375127,0.0032596770125222136,-0.00034466913314289474
36.567,2829,36,567000000,,-0.0006353059156349117,0.002883698490667795,-0.00035390082103183495
36.57,2830,36,570000000,,-0.00045977352104444437,0.002219653506663386,-0.000335560073398512
36.573,2831,36,573000000,,-0.00047391692247518257,0.0016225699833641264,-0.0003029311309114722
36.575,2832,36,575000000,,-0.0007710082541465442,0.0020363708809337886,-0.00029211705230056844
36.581,2833,36,580000000,,-0.0002907878937864726,0.0009616205746234295,-0.0002802322718215678
36.585,2834,36,585000000,,-0.00046639511563763617,0.0012909042078771314,-0.0002809420845554948
36.591,2835,36,591000000,,-0.0005308173558005976,3.9925994391437866e-05,-9.842463386969231e-05
36.623,2836,36,622000000,,-0.0008318762588491869,-0.0006478296583297103,3.165702091075098e-05
36.633,2837,36,633000000,,-0.0004046172257870517,-0.0019408658749382529,4.975483857656878e-05
36.637,2838,36,637000000,,-0.0007630529614718412,-0.0012303026376312782,4.031749375145693e-05
36.657,2839,36,657000000,,-1.2747743180603109e-05,-0.002792414968441874,1.703785402047941e-05
36.664,2840,36,663000000,,-2.0216826777885518e-05,-0.0015303172928770603,0.00024064588290425345
36.676,2841,36,675000000,,-0.00016585750427762036,-0.0008050051738455745,0.0002981798663079228
36.682,2842,36,682000000,,-0.0007556839208336705,0.0009277275021345974,0.0003683359952806617
36.742,2843,36,742000000,,0.00046682286041749787,-0.001107857172130406,0.00034973017203454267
36.761,2844,36,760000000,,0.00027650136854599853,0.0006138677314048304,2.7089576285251315e-05
36.767,2845,36,767000000,,0.0006356713935169508,-0.0006671702208479544,-0.00026125388711641
36.78,2846,36,779000000,,7.933957052156826e-05,0.00038617344232825363,-0.0002777273342714447
36.784,2847,36,781000000,,0.00048078171674916664,-0.00038864629669302906,-0.00029271364015653466
36.784,2848,36,781000000,,0.0005156496589400504,-0.0006036949985608282,-0.00032685619472352993
36.789,2849,36,789000000,,0.00036939897343467494,-0.00023216656452248088,-0.0003377155214498949
36.798,2850,36,797000000,,0.00036245812175599734,-0.00021453490335743617,-0.000338061516357221
36.802,2851,36,802000000,,-8.882694636468915e-05,0.00010777497103983799,-0.0002388057652808072
36.81,2852,36,808000000,,-0.00030462949269722736,0.00046212506766348053,-0.00019965278608361842
36.824,2853,36,824000000,,-0.00036976182797684754,0.0005650002726035882,-0.00012686136725490935
36.828,2854,36,827000000,,-0.00033509361902109785,0.0004321801311540433,-4.067187272983162e-05
36.831,2855,36,831000000,,-0.0007080432674665308,0.0010966438660219777,-4.069445121991519e-05
36.884,2856,36,831000000,,-0.00011018680631609102,4.674673322565187e-07,7.572354764555758e-05
36.891,2857,36,888000000,,-0.00019048804433022552,0.00011617165172179672,0.00010821792573654678
36.904,2858,36,901000000,,-7.632594751955809e-05,-0.00010206390616110912,0.00012065907662282118
36.924,2859,36,924000000,,0.00010701357223116535,-0.00047731488446670035,0.00011067332916052646
36.924,2860,36,924000000,,0.00012905299808257129,-0.000608624912123257,0.0001009270399028812
36.93,2861,36,930000000,,5.048857044910196e-05,-0.0005046014623393811,0.00010093342599337383
36.931,2862,36,931000000,,0.00043274778798025953,-0.0011150165804021184,0.00010230615442060294
36.944,2863,36,941000000,,0.00025763112605260116,-0.0008595952921537071,0.0001032460471841379
36.956,2864,36,956000000,,0.00032316458055478586,-0.001004942803254661,0.00011637311718242983
36.985,2865,36,981000000,,0.0002297893625520249,-0.0006176561684384232,0.00011144424198476186
37.009,2866,37,9000000,,1.780037984510303e-05,0.00018230612557958056,1.109731258307358e-05
37.009,2867,37,9000000,,-0.0006807587704870951,0.001886054820918585,-3.57007238610653e-05
37.018,2868,37,9000000,,-0.00020509711975064872,0.0011407706828063858,-3.758474476302638e-05
37.019,2869,37,19000000,,-0.00028488845479861095,0.0012768510711137345,-3.9484304776840325e-05
37.022,2870,37,19000000,,-0.0003037239480859572,0.001330046560657448,-4.546333504205913e-05
37.026,2871,37,24000000,,-0.00030452850659560545,0.001330719874234003,-4.546406368038564e-05
37.029,2872,37,26000000,,-0.00043150802319155517,0.0015343527963139858,-4.572237004916719e-05
37.041,2873,37,33000000,,-0.0006961302713925469,0.001995025146103391,-6.312001749523996e-05
37.045,2874,37,45000000,,-0.00045475658821375435,0.0017330141223895821,-9.920722133804216e-05
37.045,2875,37,45000000,,-0.0004198964420333605,0.0016521781720101826,-0.00010644992049822059
37.046,2876,37,46000000,,-0.0005349675018585985,0.0018052158734517551,-0.00010816292174469427
37.054,2877,37,54000000,,-0.0006129280958676451,0.0016229060733392569,-9.0126255929069e-05
37.084,2878,37,68000000,,-0.00014716206309892149,1.1188708055125086e-05,-6.156737518026042e-05
37.097,2879,37,90000000,,-0.0002069970797616193,-0.0002358354295700483,-5.231781459417295e-05
37.133,2880,37,132000000,,-2.3947179691469318e-05,-0.0012346743705053589,1.3879423731171306e-05
37.136,2881,37,136000000,,6.595031588559763e-05,0.00014100833334386548,9.807864867982046e-05
37.202,2882,37,165000000,,6.582417243084866e-05,0.0001582093572586165,9.939301646938701e-05
37.218,2883,37,213000000,,-9.595558649099596e-05,0.0005156521367586782,9.886429145969886e-05
37.229,2884,37,229000000,,-0.00019459052749268502,0.00022017001854291438,1.648890034244137e-05
37.239,2885,37,237000000,,-0.00017625167719747924,9.082261167090875e-05,-1.5483077522823624e-05
37.268,2886,37,267000000,,-0.00037581368382213495,0.00028524179384475283,-2.161476089538255e-05
37.287,2887,37,286000000,,-0.00036856264565465427,0.0002081503946502018,-2.7527865726362976e-05
37.292,2888,37,292000000,,-0.00018614683181228148,3.0101552632366696e-05,-5.839664336132102e-05
37.311,2889,37,304000000,,-0.00017213757430517356,4.074061754789094e-05,-5.890964289004704e-05
37.324,2890,37,322000000,,-2.2991419204966303e-05,4.818563975994954e-06,-1.7305011483526042e-05
37.328,2891,37,328000000,,-9.950456280250661e-05,0.00012050912796654348,-4.320166825686904e-06
37.335,2892,37,334000000,,8.572409581802284e-05,5.4650807357178074e-05,3.293331952713662e-05
37.34,2893,37,340000000,,8.859915761635865e-05,9.445955026334777e-05,3.369959646315907e-05
37.392,2894,37,392000000,,8.775846949871143e-05,0.00011902536614965411,3.506173551324758e-05
37.4,2895,37,402000000,,3.533946208529092e-05,0.00013372987122198878,3.771048674510546e-05
37.421,2896,37,420000000,,3.1197849851254636e-05,0.00013151881669644575,3.899510363931124e-05
37.432,2897,37,432000000,,1.0946527325216567e-05,0.00013883774136423508,3.716840408608981e-05
37.443,2898,37,440000000,,-8.402864114894393e-05,0.00017476709617283292,4.580305978724303e-05
37.448,2899,37,443000000,,-9.361918287116485e-05,0.00016152950067687858,4.970478458092174e-05
37.448,2900,37,448000000,,-8.360321161962514e-05,0.00014063612546861504,5.090971465168552e-05
37.455,2901,37,455000000,,-0.00011578572184502001,0.0001762234256040103,5.2125052764372664e-05
37.461,2902,37,459000000,,-0.00012214436663302957,0.00016545465525532124,5.535294199650864e-05
37.464,2903,37,464000000,,-0.00017622547284813675,0.00023518019912936372,5.629472366551133e-05
37.464,2904,37,464000000,,-0.00015769267157718361,0.00019906509247586264,5.773491145200727e-05
37.48,2905,37,475000000,,-0.00011035296074654,0.00013176137727526343,5.7733622138536175e-05
37.483,2906,37,482000000,,-0.00018546810228865798,0.00022885052929996156,5.8895851554315666e-05
37.498,2907,37,498000000,,-0.00014165210458800368,0.00016582258572611273,5.889460537699345e-05
37.51,2908,37,508000000,,-0.00012495803226000445,0.0001461548908116518,5.884977203995668e-05
37.518,2909,37,516000000,,-0.00015154593593497294,0.00015364284684855044,5.393455509562782e-05
37.527,2910,37,526000000,,-0.00017097657347439694,0.00016331106820774324,3.7649742880052644e-05
37.543,2911,37,530000000,,-0.0001800130985223126,0.00015495243974606696,1.7410899666803984e-05
37.554,2912,37,551000000,,-0.00016624728137739692,0.00012849900175807442,7.843177425906689e-06
37.584,2913,37,581000000,,-0.00018207210427415808,9.928662264521781e-05,2.4838647467466586e-07
37.598,2914,37,595000000,,-0.00023607904696663288,0.00010969097499882877,1.4058039602455125e-05
37.607,2915,37,607000000,,-0.0002514463182329848,0.00011522157396612747,1.396363920367518e-05
37.626,2916,37,626000000,,-0.0002545870574413436,0.00011618582056347737,1.396326140710732e-05
37.662,2917,37,656000000,,-0.00015335726502522859,6.783819231108067e-05,-4.0294881964558586e-05
37.675,2918,37,674000000,,2.591883938269404e-05,5.674575095706739e-05,-6.143395798154814e-05
37.697,2919,37,694000000,,-9.600691356750402e-08,9.476582716808247e-05,-3.565364129735111e-05
37.756,2920,37,742000000,,5.6915779281121396e-05,0.00012808067805229729,-3.4956793130613576e-05
37.767,2921,37,766000000,,9.666654583114797e-05,0.00015834391075557878,-9.733343494442447e-06
37.781,2922,37,779000000,,-1.0487272867904429e-05,0.00019064874211420713,-2.9741745801180713e-06
37.804,2923,37,804000000,,-6.742047252669263e-05,0.00020166716455643,6.954244082815823e-06
37.813,2924,37,810000000,,-0.00014231010103715261,0.000227946300559648,5.263442698864365e-05
37.816,2925,37,816000000,,-0.00010967300289565059,0.00020871890238657724,5.360210452986499e-05
37.863,2926,37,862000000,,-0.00015435528045228174,0.000228564920389993,5.4371880411016726e-05
37.873,2927,37,872000000,,-0.00021286806796510247,0.00014617947766156994,7.593766010739258e-05
37.877,2928,37,876000000,,-0.0002942599332966296,0.00018984182689542073,7.593846911256783e-05
37.903,2929,37,897000000,,-0.00025738404996910713,0.00015799127140634752,7.803456039323414e-05
37.912,2930,37,911000000,,-0.0001906722475487269,0.00011704571358020079,7.806985684164802e-05
37.918,2931,37,918000000,,-0.00013089744049360979,8.611069103624675e-05,7.618763016997398e-05
37.918,2932,37,918000000,,-0.00017179308122225088,0.00010531053690041403,7.486278113858988e-05
37.934,2933,37,919000000,,-0.00022837882036081503,0.00013399321693220492,7.461107589231929e-05
37.956,2934,37,956000000,,-0.00011786491688393639,5.510820633111119e-05,5.965156101445648e-05
37.967,2935,37,967000000,,-0.00016908734931723676,6.624938720831613e-05,5.213251156892984e-05
37.973,2936,37,973000000,,6.002831572407404e-05,-6.632771849231845e-05,4.4226068282356115e-05
37.977,2937,37,977000000,,-0.00014773737388963195,3.196702580618392e-05,4.102033230371972e-05
37.993,2938,37,991000000,,3.717186219989835e-05,-6.23839014735025e-05,4.101922269523728e-05
37.996,2939,37,996000000,,-0.0001277169367918115,1.4430829529635651e-05,3.035337094569159e-05
38.001,2940,38,0,,-0.00014832354801737704,2.9894955312457404e-05,2.4867648628299377e-05
38.006,2941,38,6000000,,0.0001611064929062732,-0.00012130874447218398,2.1497711195286888e-05
38.011,2942,38,11000000,,4.2936277397230535e-05,-4.630961786083196e-05,1.498604836905651e-05
38.019,2943,38,18000000,,-0.00012770105867159647,4.931565780410321e-05,1.1857955713738622e-05
38.025,2944,38,24000000,,-0.00016078670923178962,7.614101378680887e-05,7.860788171390318e-06
38.03,2945,38,30000000,,-0.00012463429195712388,6.725841999206364e-05,2.5332101213870707e-06
38.042,2946,38,42000000,,-8.08304443727548e-05,4.7101489724511725e-05,-3.6672896547619785e-06
38.048,2947,38,47000000,,-3.284103363672163e-05,4.957971630754403e-05,-1.4211363676859633e-05
38.071,2948,38,69000000,,-4.5108902829381556e-05,5.784489367052997e-05,-1.9031383591609554e-05
38.106,2949,38,106000000,,-1.977734517429757e-05,3.6683895646734866e-05,-4.359033781325264e-05
38.108,2950,38,108000000,,1.4983108738940583e-05,0.00016950888459328338,-9.217542856255218e-05
38.118,2951,38,111000000,,9.672697406864773e-05,0.00012365299344165964,-9.440842880951506e-05
38.12,2952,38,118000000,,5.454923408236224e-05,0.0001453614104221286,-9.440792357725102e-05
38.136,2953,38,135000000,,7.081734304708099e-05,0.00012863079758596718,-9.653566553658377e-05
38.137,2954,38,137000000,,-5.397179552598967e-05,0.0001755381376032197,-0.00010940034485465509
38.184,2955,38,184000000,,-3.7873739013450446e-05,0.0001678325641770802,-0.00010939995833487225
38.206,2956,38,206000000,,-0.00019143951054141165,0.000411410819092264,-0.00010191505270388066
38.218,2957,38,218000000,,-0.00017926626315739803,0.000376225001716177,-9.402657329350208e-05
38.23,2958,38,230000000,,-0.00017622882637544085,0.0003432702110341743,-8.954292518553896e-05
38.236,2959,38,236000000,,2.7631130470509837e-05,0.0002392716932343228,-8.918424332934983e-05
38.242,2960,38,242000000,,-2.705630457896166e-05,0.0002281764231060918,-9.119161666589534e-05
38.247,2961,38,247000000,,-0.0001418696160538751,0.00027520066158352377,-9.39407055787568e-05
38.252,2962,38,251000000,,8.372036898206207e-05,0.00017311070716423426,-9.673325719094047e-05
38.256,2963,38,254000000,,-0.00021265803580740306,0.00031499688545668844,-9.689238172554522e-05
38.258,2964,38,258000000,,-0.00014521336832376677,0.00028500183266872824,-9.700180633120573e-05
38.26,2965,38,260000000,,-7.606154134069009e-05,0.0002572186431398884,-9.7423848514118e-05
38.282,2966,38,282000000,,-0.00019446597778219305,0.00031506651879361204,-9.72578625360481e-05
38.302,2967,38,299000000,,-7.291825319667631e-05,0.00026960301894002553,-4.6492339560665326e-05
38.313,2968,38,312000000,,-0.00028888335181280684,0.00023435470472588267,-9.19534448713885e-06
38.328,2969,38,328000000,,8.917297837207028e-06,7.732458887643734e-05,-2.863676027078368e-06
38.353,2970,38,353000000,,0.00016385026527108385,3.3717238988718005e-06,5.0014859856376394e-05
38.371,2971,38,369000000,,0.00028336551372906596,-6.660263549106117e-05,9.936084214815846e-05
38.373,2972,38,372000000,,-8.964107935170896e-06,3.382445277946883e-05,0.0001334989550058462
38.379,2973,38,377000000,,-0.0001031159841694354,7.05043217434105e-05,0.00013657151911866325
38.382,2974,38,382000000,,-6.108357290667623e-06,2.2029848109090147e-05,0.0001403465522750408
38.387,2975,38,385000000,,0.0005378862818981186,-0.00021290997679918906,0.00014101388892240931
38.399,2976,38,399000000,,0.0002389012242642426,-8.237903233081289e-05,0.00014050388523263228
38.407,2977,38,407000000,,-0.00023465607581054385,0.00010807765859276305,0.00014129562508895843
38.41,2978,38,408000000,,-0.00022544882575715916,9.862006942680795e-05,0.00014789351278503453
38.428,2979,38,424000000,,0.0009584141125733552,-0.0004477501036331238,0.00017738172199143192
38.438,2980,38,437000000,,-9.123878419925157e-05,-8.589814244180833e-05,0.00020903673792820672
38.456,2981,38,456000000,,0.00023098017293140654,-0.00023222487363322168,0.00023581335237003083
38.462,2982,38,459000000,,0.00010728818975989036,-0.00018228850218899906,0.00024213892861740767
38.467,2983,38,467000000,,9.118763867302596e-05,-0.00017453516074787808,0.00024213955248131883
38.474,2984,38,473000000,,-9.32950513597031e-05,-0.00010754896824161747,0.00023769236614864904
38.487,2985,38,488000000,,-9.835233302688716e-05,-0.00010326947939848624,0.00023196036324916254
38.527,2986,38,526000000,,-3.8029051656803195e-05,-0.00012127357984671683,0.00024141987918481714
38.529,2987,38,529000000,,0.0006874399396017225,-0.0003801866899968817,0.0003043007703312134
38.541,2988,38,539000000,,4.126186428353529e-05,-0.00015610854379096833,0.00030777681177318947
38.546,2989,38,545000000,,7.359530812659457e-05,-0.00016643445877203422,0.00030979662095222826
38.552,2990,38,552000000,,3.8044214678159815e-05,-0.00014564890620362146,0.0003078518040072085
38.611,2991,38,581000000,,0.0001445814932006259,-0.00017184030152567317,0.00030499377844662583
38.611,2992,38,592000000,,3.720063441397496e-05,1.4855199164650408e-05,0.0002140145969041264
38.611,2993,38,597000000,,-0.00018594821706738565,0.00015982711752916625,0.00021402036395746268
38.611,2994,38,604000000,,0.00012325539765247352,9.918883189072278e-05,0.00019609799488616816
38.641,2995,38,641000000,,-0.000275756683963291,0.00024639870522301355,0.00016742216211455355
38.65,2996,38,650000000,,-0.00013704202968322567,0.0003983725165533412,-5.9943442762602195e-05
38.655,2997,38,655000000,,-0.0002790567578989375,0.0004460407567657488,-0.00012364089898228215
38.664,2998,38,664000000,,-0.00021217344101265778,0.0004593734104183669,-0.00018916538901007823
38.668,2999,38,668000000,,-3.440695669394506e-05,0.00047626727672618054,-0.00027657534270591924
38.672,3000,38,670000000,,-2.664387690243116e-05,0.0005165536557730391,-0.0003058403911841237
