Time,header.seq,header.stamp.secs,header.stamp.nsecs,header.frame_id,position_controller_output.thrust.num,position_controller_output.orientation_set_point.w,position_controller_output.orientation_set_point.x,position_controller_output.orientation_set_point.y,position_controller_output.orientation_set_point.z,position_controller_output.euler_set_point.phi,position_controller_output.euler_set_point.theta,position_controller_output.euler_set_point.psi
8.454,53,8,453000000,,10.16573668267094,0.9999827712011655,2.4165627650263546e-05,-0.00018426190486209342,0.005867091648354739,4.616826280097047e-05,-0.0003688010327662946,0.011734242307437118
8.462,54,8,462000000,,10.169887699289172,0.9999814501502409,2.4981597263459444e-05,-0.0001909941067643581,0.006087877511282628,4.763677376133514e-05,-0.00038228530682442443,0.012175821354433222
8.474,55,8,473000000,,10.17415191470933,0.999980056283935,2.5808225802777512e-05,-0.00019783011391088782,0.006312466361052402,4.911783417372519e-05,-0.0003959781743491155,0.012625007094841567
8.485,56,8,485000000,,10.178532010328267,0.9999785871301595,2.6608290577394676e-05,-0.0002048031391424904,0.006540843129377928,5.053627549195105e-05,-0.0004099456002305348,0.013081769459132466
8.492,57,8,492000000,,10.183027822128237,0.999977040206097,2.7438487249913804e-05,-0.00021184148312130535,0.00677299276312089,5.200611757074388e-05,-0.0004240449326283847,0.013546078377776242
8.503,58,8,503000000,,10.18764236655889,0.9999754129828194,2.8296141713433687e-05,-0.00021896843686326518,0.007008900198432206,5.352144131726513e-05,-0.00043832276986722785,0.014017903781243204
8.512,59,8,512000000,,10.192376722746788,0.9999737028983763,2.9140007288067833e-05,-0.00022623046099260063,0.007248550361844548,5.499880186854378e-05,-0.0004528714846751961,0.014497215600003673
8.526,60,8,526000000,,10.197230684054112,0.9999719073724255,3.000837874640049e-05,-0.00023361801809224442,0.007491928194524672,5.651457884184692e-05,-0.0004676725685821785,0.014983983764527958
8.533,61,8,533000000,,10.202207853168925,0.9999700238064387,3.088271228341218e-05,-0.00024109244001560193,0.007739018622791379,5.803194210014119e-05,-0.0004826484484736625,0.015478178205286384
8.544,62,8,542000000,,10.207309366319327,0.9999680495711584,3.178512329690007e-05,-0.0002486309561806122,0.007989806581311173,5.959519641504017e-05,-0.0004977539591583258,0.01597976885274926
8.552,63,8,552000000,,10.212534709116673,0.9999659819880558,3.270170930021797e-05,-0.0002563085172500809,0.008244276997130501,6.11750449724954e-05,-0.0005131388227064817,0.01648872563738691
8.566,64,8,562000000,,10.217887473265305,0.9999638183826023,3.361294303539352e-05,-0.00026408063680042536,0.008502414790715321,6.273281631420828e-05,-0.0005287137708723924,0.017005018489669628
8.574,65,8,574000000,,10.223367247162491,0.9999615560316383,3.452977792295385e-05,-0.0002719910104591784,0.008764204890877677,6.428934061111513e-05,-0.0005445663871032866,0.01752861734006776
8.583,66,8,583000000,,10.228977866866492,0.9999591922281073,3.550013195701885e-05,-0.00027992859953836316,0.009029632231205944,6.594207234688037e-05,-0.0005604754881672691,0.01805949211905159
8.592,67,8,592000000,,10.23471921809273,0.999956724187911,3.647891789114635e-05,-0.00028799108737239136,0.009298681723989927,6.759881484113837e-05,-0.0005766356922986982,0.01859761275709146
8.603,68,8,603000000,,10.240593111984563,0.9999541491854301,3.7695592328602004e-05,-0.00029595280943664297,0.009571338350483688,6.972241125905635e-05,-0.000592600108739889,0.01914294918465767
8.613,69,8,612000000,,10.246600561051535,0.9999514643193319,3.8604575130016804e-05,-0.0003042169554583397,0.009847586879783331,7.12138103362758e-05,-0.0006091647416527501,0.019695471332220542
8.623,70,8,623000000,,10.252743527117042,0.99994866683575,3.959701728458716e-05,-0.00031248184592881997,0.010127412333778377,7.286071861621179e-05,-0.000625733681969822,0.020255149130250394
8.632,71,8,632000000,,10.259022217316687,0.9999457539330614,4.0782620219571356e-05,-0.0003205908341374961,0.010410799658828707,7.488561745470606e-05,-0.0006419960901693728,0.020821952509217544
8.644,72,8,643000000,,10.265437897069159,0.9999427226616043,4.190008804366786e-05,-0.0003288377717395988,0.010697733694576305,7.675975513420175e-05,-0.0006585343931393784,0.021395851399592283
8.654,73,8,654000000,,10.271996414531447,0.9999395700955207,4.2867503426808895e-05,-0.0003373353600808208,0.010988199325511276,7.83164274948944e-05,-0.0006755720746071964,0.021976815731844956
8.662,74,8,662000000,,10.278694033393347,0.9999362934847172,4.408539098847554e-05,-0.0003455537158905619,0.011282181577739752,8.036798472102228e-05,-0.0006920582177499946,0.022564815436445864
8.676,75,8,676000000,,10.285510908191876,0.9999328906355928,4.651166189972413e-05,-0.00035129160345330045,0.01157966562653501,8.488142356563541e-05,-0.0007036132940357084,0.023159820443865334
8.678,76,8,676000000,,10.292495039839364,0.9999293567484376,4.744407574732906e-05,-0.0003602207357733567,0.011880635620077826,8.632216825441716e-05,-0.0007215179713734604,0.023761800684573668
8.689,77,8,691000000,,10.299618437468382,0.9999256900538162,4.8441613313013114e-05,-0.00036868052008136483,0.012185076876403954,8.789125035808847e-05,-0.0007384868435918651,0.024370726089041197
8.705,78,8,703000000,,10.306911665465204,0.9999218872466867,4.97926457823014e-05,-0.00037751222485103643,0.012492974435132547,9.014503743220564e-05,-0.0007562096612385847,0.024986566587738217
8.712,79,8,712000000,,10.314335562280418,0.9999179453728058,5.085812058594151e-05,-0.0003866583031831354,0.012804312954431261,9.180613471074531e-05,-0.0007745556361923007,0.025609292111135065
8.722,80,8,722000000,,10.321917070432015,0.9999138620155877,5.228118112357862e-05,-0.0003944880782221322,0.013119077517355932,9.420274565642788e-05,-0.0007902800396246987,0.026238872589702047
8.732,81,8,732000000,,10.329639283674863,0.9999096330456071,5.330566197593945e-05,-0.00040390293907184127,0.0134372528264443,9.574702948334569e-05,-0.0008091655308008686,0.02687527795390947
8.743,82,8,742000000,,10.337507636972084,0.9999052559821324,5.4699282196576165e-05,-0.0004133144482716363,0.013758824021752684,9.801479177493343e-05,-0.0008280558686257878,0.027518478134227663
8.752,83,8,752000000,,10.345528297382316,0.9999007278639436,5.62442209521485e-05,-0.0004225045502084038,0.01408377590167143,0.00010057639233624569,-0.000846509577664149,0.028168443061126924
8.763,84,8,763000000,,10.353732246027091,0.9998960458970114,5.789155267399598e-05,-0.0004308300377701284,0.014412093309719898,0.00010335278250150428,-0.0008632392865697225,0.02882514266507758
8.772,85,8,772000000,,10.362073284758358,0.9998912060794196,5.888782274706242e-05,-0.00044051353518950476,0.014743760887018257,0.00010477322076546703,-0.0008826677905601303,0.029488546876549948
8.782,86,8,782000000,,10.370563583371498,0.9998862058456184,6.0447086381784435e-05,-0.00045009157671235713,0.015078763987011702,0.00010730681024707834,-0.0009019037748151447,0.030158625626014356
8.792,87,8,792000000,,10.379233196053374,0.9998810424090038,6.423328515425274e-05,-0.00045858012470285513,0.015417088228279295,0.0001143113962739892,-0.0009190318560527543,0.030835348843941093
8.803,88,8,802000000,,10.388055065721753,0.9998757121727786,6.779822412579445e-05,-0.00046736979926009466,0.015758717455764387,0.00012084935135387969,-0.000936760384886799,0.031518686460800506
8.812,89,8,812000000,,10.397031704732138,0.9998702123365847,7.132275350850412e-05,-0.0004756928164625323,0.016103636589368083,0.00012730628312309847,-0.0009535594107209046,0.03220860840706287
8.822,90,8,822000000,,10.406180956860334,0.9998645394468335,7.392979776972919e-05,-0.00048433168405196054,0.016451830110235724,0.00013190334379072313,-0.0009709648659407614,0.032905084613198556
8.834,91,8,833000000,,10.415489523843432,0.9998586901428029,7.583715140780929e-05,-0.000493634872185627,0.016803282990473786,0.00013506356339456791,-0.0009896790212165028,0.03360808500967781
8.842,92,8,842000000,,10.424964254873311,0.999852661556104,7.794803223704976e-05,-0.0005028008434821455,0.01715798049279097,0.00013861907174691473,-0.001008128555573766,0.034317579526971
8.852,93,8,852000000,,10.434605939714757,0.9998464503437483,7.991774322959044e-05,-0.0005121900239152656,0.017515907328487616,0.000141868073083584,-0.001027022598741294,0.03503353809554843
8.863,94,8,863000000,,10.444416029375526,0.9998400534008473,8.197161621889662e-05,-0.0005215691540514801,0.01787704846059822,0.00014526885615684723,-0.0010459024734767416,0.03575593064588041
8.873,95,8,873000000,,10.454394504787347,0.9998334673836387,8.382935372315016e-05,-0.0005312377665808133,0.01824138861723646,0.00014824984238015146,-0.0010653571254963853,0.036484727108437275
8.883,96,8,883000000,,10.464541966738558,0.9998266891711052,8.571310704632279e-05,-0.0005409624977265252,0.01860891275667587,0.00015126314582407727,-0.00108492775443653,0.037219897413689286
8.892,97,8,892000000,,10.47486358103907,0.9998197152858935,8.704990424096101e-05,-0.0005512939463152856,0.018979605447262064,0.00015314183198567464,-0.0011056936838568607,0.037961411492106814
8.902,98,8,902000000,,10.48535038882773,0.999812543014664,8.907111979631625e-05,-0.0005610586053101455,0.019353452150131643,0.00015639210350967264,-0.001125354766749912,0.03870923927416015
8.913,99,8,913000000,,10.496002474589414,0.9998051688138396,9.107093297876932e-05,-0.0005709295353518852,0.01973043736668389,0.00015957710548982412,-0.0011452305899631624,0.03946335069031962
8.923,100,8,920000000,,10.506805369286813,0.9997975896145994,9.344047442217024e-05,-0.0005805199458343064,0.020110546146424536,0.00016349408747457378,-0.0011645634263139793,0.04022371567105555
8.932,101,8,931000000,,10.517753387761239,0.9997898020575005,9.588504061292731e-05,-0.0005900665796717702,0.020493763180902857,0.00016754452024371976,-0.001183815464914968,0.04099030414683822
8.942,102,8,942000000,,10.5289122916777,0.9997818023968015,9.740658000654275e-05,-0.000600557459580512,0.02088007277044191,0.00016969140932701933,-0.0012049208432797448,0.041763086048137985
8.952,103,8,952000000,,10.54012445930349,0.9997735883376647,9.998865101058538e-05,-0.0006100009934612158,0.021269460817973245,0.0001739833715713159,-0.0012239794792468532,0.04254203130542513
8.962,104,8,952000000,,10.551496150164699,0.9997651559253441,0.0001022572889003134,-0.0006197860649109868,0.021661911417346743,0.00017761518539530506,-0.001243711520952658,0.04332710984916999
8.976,105,8,976000000,,10.563128005754617,0.9997565016259238,0.00010380669403769994,-0.0006303823105425262,0.022057409163518754,0.00017975377824654642,-0.0012650373778089804,0.04411829160984287
8.984,106,8,984000000,,10.574952819032497,0.9997476224640796,0.00010522766058742417,-0.0006411700823424046,0.022455939202921448,0.0001816062055454238,-0.0012867428578092705,0.04491554651791409
8.996,107,8,996000000,,10.58697794657659,0.9997385151479922,0.00010652604312181207,-0.0006521496843732946,0.02285748635960074,0.00018318352924452227,-0.0013088285230518906,0.04571884450385398
9.004,108,9,1000000,,10.599234091576493,0.9997291763108437,0.00010760023199169967,-0.0006634489413505454,0.02326203539103804,0.00018427600149682356,-0.0013315449216048396,0.04652815549813282
9.012,109,9,9000000,,10.611517743759642,0.9997196032358731,0.00010929144490245088,-0.0006740481323943203,0.023669571614286043,0.00018661291065110694,-0.0013528924390260055,0.04734344943122095
9.022,110,9,22000000,,10.623848823300223,0.9997097925307581,0.00011134975873203622,-0.0006841642203978634,0.024080079706249,0.0001896856104870941,-0.0013732943954507684,0.0481646962335887
9.034,111,9,34000000,,10.636345804605288,0.9996997405375769,0.00011325153107569672,-0.0006944331670429656,0.02449354416511655,0.00019241698171282317,-0.0013939976280595693,0.04899186583570635
9.043,112,9,43000000,,10.648870722075301,0.9996894442000022,0.00011527534784970105,-0.0007044567414231104,0.024909949967518042,0.00019538332910542538,-0.001414219414297602,0.04982492816804423
9.052,113,9,52000000,,10.661735247021467,0.9996788995918089,0.00011679868430106797,-0.0007152381765269483,0.02532928153991496,0.00019728962678533643,-0.0014359343734899272,0.05066385316107267
9.064,114,9,61000000,,10.674862066016324,0.9996681036517141,0.00011812153715876632,-0.0007263659391398132,0.02575152386191742,0.0001987548191335961,-0.001458333857955217,0.05150861074526197
9.072,115,9,72000000,,10.688448325241218,0.9996570527993339,0.00011901162296614781,-0.0007382501851656177,0.026176661579495074,0.0001992919862508372,-0.0014822252053585886,0.05235917085108245
9.082,116,9,82000000,,10.702114122863204,0.9996457443581354,0.00012005652473302217,-0.000749921904367223,0.026604679855955493,0.0002001253518897657,-0.001505701180351739,0.053215503409004425
9.092,117,9,92000000,,10.715786393417355,0.9996341751336322,0.00012132950668015054,-0.000761241227519718,0.02703556353855063,0.00020140930814465402,-0.0015284865114323976,0.05407757834949821
9.102,118,9,102000000,,10.729764375888031,0.9996223413651928,0.00012242449841940006,-0.0007728970006493692,0.027469297152250733,0.00020229489773717016,-0.0015519366716732035,0.05494536560303412
9.113,119,9,113000000,,10.74379587288743,0.999610240140024,0.0001236583666047827,-0.0007843313446886356,0.02790586569439225,0.0002034457024694379,-0.0015749535262743735,0.05581883510008248
9.122,120,9,122000000,,10.75814854248964,0.999597867773886,0.0001247209463001711,-0.0007961011697680638,0.02834525373874111,0.00020421046702150377,-0.0015986332383223533,0.0566979567711136
9.132,121,9,132000000,,10.772541090387051,0.9995852213755009,0.00012591609899964792,-0.0008076446306911143,0.02878744627398236,0.00020522796192028392,-0.0016218695908382038,0.05758270054659779
9.143,122,9,143000000,,10.786440606541689,0.9995722982994228,0.00012765262543302098,-0.0008181129040852097,0.029232428371465904,0.0002073654840081054,-0.0016429899232539547,0.05847303635700539
9.152,123,9,152000000,,10.798725375242144,0.9995590961509001,0.0001302556706404379,-0.0008264090639304023,0.02968018503168453,0.00021134082566533454,-0.0016598221809360262,0.05936893413280667
9.164,124,9,162000000,,10.810979920000152,0.9995456097518912,0.0001323762878015601,-0.0008351143084756684,0.03013070006372339,0.0002143074202721532,-0.0016774476484777581,0.06027036380447197
9.174,125,9,172000000,,10.824884553774922,0.9995318345284706,0.0001336875083087649,-0.0008458148037330853,0.030583958035512414,0.00021551342466507434,-0.0016990158485932526,0.061177295302471624
9.183,126,9,183000000,,10.836753119979363,0.99951777049657,0.00013539731706499385,-0.0008543857704454278,0.03103994449234206,0.00021762419745274583,-0.0017163538139439649,0.0620896985572759
9.197,127,9,196000000,,10.849473540650788,0.9995034119203784,0.00013661764922580502,-0.0008639130818503634,0.03149864361091213,0.0002186757636002055,-0.0017355755584351886,0.06300754349935517
9.204,128,9,202000000,,10.864662164926424,0.9994887543691583,0.00013742902568627082,-0.0008756875147419772,0.03196004027262543,0.0002187438551718351,-0.0017592650285346318,0.06393080005917971
9.213,129,9,213000000,,10.880022086118151,0.9994737964197108,0.00013821912275044953,-0.0008874933321290623,0.03242411943954483,0.00021874075254989532,-0.0017830168713561547,0.0648594381672199
9.222,130,9,222000000,,10.896710469523534,0.9994585338984302,0.0001388670963733297,-0.0009003777409431282,0.032890865805774536,0.00021835576117687288,-0.0018089163384148806,0.06579342775394596
9.232,131,9,232000000,,10.91360998102089,0.999442964443213,0.00013950150833692073,-0.0009133117428701196,0.03336026417689191,0.00021791132860569018,-0.0018349146355179672,0.06673273874982825
9.242,132,9,242000000,,10.929955995116078,0.9994270854502616,0.00014020348483248415,-0.000925598567988587,0.03383229934056216,0.00021761644278784893,-0.00185962444256473,0.06767734108533706
9.252,133,9,252000000,,10.946103755969162,0.9994108934128237,0.00014092238391454683,-0.0009375701907074228,0.03430695601187702,0.00021734875996425176,-0.0018837060739237928,0.06862720469094279
9.262,134,9,259000000,,10.962839602313325,0.9993943844651576,0.00014158208437932342,-0.0009499317296587969,0.0347842188891916,0.00021690781046727035,-0.001908563675613893,0.06958229949711567
9.272,135,9,259000000,,10.980592843533902,0.999377555028128,0.0001421607252597249,-0.0009630540709840445,0.03526407269709322,0.00021622246497236575,-0.001934936785334295,0.07054259543432603
9.282,136,9,282000000,,10.993402291686232,0.9993604068430565,0.00014294021813052624,-0.0009717922725756417,0.03574650223942959,0.0002162216536515143,-0.0019525619081207717,0.07150806243304422
9.294,137,9,291000000,,11.008536060453565,0.9993429306583383,0.00014348649182424782,-0.0009825153842455056,0.03623149208009665,0.00021558884754205337,-0.0019741383486775992,0.07247867042374054
9.315,138,9,316000000,,11.02111041182892,0.9993251271863014,0.0001439059959267358,-0.0009912260253151718,0.03671902689496891,0.00021482447293508925,-0.0019916836406758944,0.07345438933688526
9.315,139,9,316000000,,11.03973148891477,0.9993069866477826,0.00014442906906135587,-0.001004519902891873,0.037209091858538657,0.00021390384624054976,-0.0020183970338353064,0.07443518910294879
9.323,140,9,322000000,,11.057769248765204,0.9992885109809578,0.00014491123128799026,-0.0010172505516227342,0.03770167136229442,0.00021291261146376802,-0.002043981792533929,0.07542103965240136
9.332,141,9,332000000,,11.075194810258198,0.9992696970643407,0.0001453425410605306,-0.0010294101295296712,0.03819675011400611,0.00021183300572107797,-0.0020684213969344883,0.07641191091571331
9.342,142,9,342000000,,11.09308312136493,0.999250540931745,0.00014575584299673426,-0.0010418029587339278,0.038694312882440914,0.00021066997376007363,-0.0020933257133346457,0.07740777282335495
9.352,143,9,351000000,,11.111451007587286,0.9992310394409818,0.0001461564837848398,-0.0010544309370596153,0.03919434437997888,0.0002094332034743091,-0.0021186988427300867,0.07840859530579665
9.362,144,9,362000000,,11.130023357192927,0.9992111896856275,0.0001465322002988249,-0.0010670892272374736,0.03969682929313574,0.00020811359046917895,-0.0021441303628460255,0.07941434829350864
9.372,145,9,372000000,,11.144876751292637,0.9991909915733629,0.0001465804064810372,-0.001077038905076206,0.04020175195213789,0.00020632642620564576,-0.0021641224105878845,0.08042500171696132
9.385,146,9,382000000,,11.156718333369176,0.9991704413653658,0.0001462383714739178,-0.0010849592943478544,0.04070909701047454,0.00020389917593799202,-0.0021800267048643542,0.08144052550662495
9.396,147,9,392000000,,11.170646623246187,0.9991495321994404,0.0001459751548991801,-0.0010942689466217062,0.0412188497215328,0.00020149348933582586,-0.0021987122397323197,0.08246088959296988
9.418,148,9,402000000,,11.185167201167848,0.999128262235247,0.0001456199355634418,-0.00110385220840067,0.04173099457132415,0.0001988567757222502,-0.002217935425393509,0.08348606390646635
9.418,149,9,412000000,,11.197219444766592,0.9991066306497978,0.00014481987935910452,-0.0011117597835693255,0.04224551584481935,0.0001954477611905399,-0.002233770981576939,0.0845160183775848
9.418,150,9,422000000,,11.20020799849997,0.99908463907296,0.00014256388198839395,-0.0011140186118434167,0.04276239710920205,0.00018959103264327412,-0.0022381923808438833,0.08555072293679541
9.437,151,9,432000000,,11.2174576065135,0.999062267592937,0.00014224918294301992,-0.00112517351499967,0.043281626838530436,0.00018683338059402997,-0.0022605522840435655,0.08659014751456863
9.437,152,9,442000000,,11.234848972316957,0.9990395234586229,0.00014188088597934045,-0.001136311817203824,0.04380318747347014,0.00018394154666213764,-0.0022828724856813892,0.08763426204137467
9.458,153,9,458000000,,11.253332045677896,0.9990164029492371,0.00014162735635124202,-0.0011480366716087411,0.04432706387592164,0.00018119839737453655,-0.002306372826727541,0.0886830364476839
9.463,154,9,463000000,,11.275317863348404,0.9989929012844435,0.00014191011746951749,-0.0011618089345628243,0.044853241185094886,0.00017931309661308874,-0.0023340101331314465,0.08973644066396662
9.481,155,9,481000000,,11.29611508423678,0.9989690189756157,0.0001419316664024462,-0.0011747332120936704,0.045381703187281366,0.00017694838084348334,-0.0023599285609114656,0.09079444462069314
9.482,156,9,482000000,,11.317610482886208,0.9989447516683915,0.00014201331459656424,-0.0011879678013618567,0.04591243490489948,0.00017464242007137222,-0.002386471020022138,0.09185701824833382
9.502,157,9,492000000,,11.336930756434617,0.9989200986198689,0.00014165975307291656,-0.0011997603226166446,0.04644542045190368,0.00017156730288819005,-0.0024100906263446998,0.09292413147735885
9.502,158,9,502000000,,11.35790030438998,0.9988950540152587,0.00014152807516329803,-0.0012124391219509665,0.046980645217291166,0.0001688215455954248,-0.0024354994527553326,0.0939957542382387
9.512,159,9,512000000,,11.37957616549655,0.9988696156653507,0.0001414577512751268,-0.0012254237053929502,0.04751809368021436,0.00016613660651933866,-0.0024615231023866046,0.09507185646144359
9.523,160,9,523000000,,11.40098312440745,0.9988437814471359,0.00014127709448348704,-0.0012381198832679078,0.04805775030443262,0.00016322548767357922,-0.0024869581744596646,0.09615240807744385
9.533,161,9,533000000,,11.422111196561847,0.9988175485232464,0.00014098094921763545,-0.0012505166712917291,0.04859959973537855,0.0001600797784566221,-0.002511781868576653,0.09723737901670985
9.543,162,9,540000000,,11.43424556196022,0.9987909211424804,0.00013892917946571677,-0.0012572521478147098,0.04914362480602536,0.00015395104200895067,-0.002525121712051656,0.09832673920971186
9.554,163,9,553000000,,11.4519622885064,0.9987638847075107,0.00013781884789643167,-0.0012673118091314937,0.049689813148231,0.00014935248613629805,-0.0025451896647997957,0.0994204585869202
9.564,164,9,562000000,,11.475732615059727,0.9987364359874262,0.00013780495892485223,-0.0012809248546374163,0.05023814957224659,0.0001465595636575058,-0.0025724616176881513,0.10051850707880516
9.572,165,9,572000000,,11.50027557792418,0.9987085764231823,0.00013787344344723363,-0.0012948715367131116,0.05078861759683696,0.00014386179713403105,-0.002600406352061329,0.10162085461583713
9.583,166,9,582000000,,11.523975101921309,0.9986803045693063,0.0001377128494328665,-0.0013081772245194215,0.05134120151377219,0.0001407359259293516,-0.002627045366034721,0.10272747112848633
9.593,167,9,593000000,,11.546270019918586,0.998651618157582,0.00013721520292958697,-0.0013205137023052683,0.05189588583686742,0.00013700239430061936,-0.002651711207840898,0.10383832654722315
9.603,168,9,603000000,,11.570423985984547,0.9986225117719527,0.0001370085925828529,-0.001333829404142901,0.052452655891216574,0.0001337144202186412,-0.0026783602710552436,0.10495339080251785
9.613,169,9,612000000,,11.593148929386269,0.9985929854251663,0.00013645920027525983,-0.0013461695326867273,0.05301149560359252,0.00012980995443710378,-0.002703022009185357,0.10607263382484078
9.623,170,9,622000000,,11.617200853421297,0.9985630341484311,0.0001360979481861726,-0.0013591612806113547,0.05357239018600005,0.00012617819345062375,-0.002729001996646759,0.10719602554466229
9.632,171,9,632000000,,11.63636306663255,0.998532660470291,0.00013471901094307592,-0.0013691735923364457,0.05413532292861062,0.00012080181240913868,-0.002748918675984182,0.10832353589245261
9.643,172,9,643000000,,11.66083606464701,0.9985018532510135,0.00013430089727728306,-0.0013821417431344515,0.0547002806369639,0.0001169927578630395,-0.0027748383384076786,0.10945513479868216
9.653,173,9,653000000,,11.686695084207257,0.9984706131028639,0.00013408469852035018,-0.0013957759847367445,0.05526724708799208,0.00011347831557085581,-0.002802107257728284,0.11059079219382113
9.659,174,9,662000000,,11.70987243095306,0.9984389408972154,0.00013327414047629716,-0.0014077057182177884,0.055836206019579775,0.0001089307254983473,-0.0028259032186621256,0.11173047800833993
9.676,175,9,672000000,,11.720462333812893,0.9984068427240662,0.00012986703979413485,-0.0014121293935466328,0.05640713985737353,0.00010001232386366488,-0.002834413950443219,0.11287416217270889
9.683,176,9,682000000,,11.74449342474757,0.9983742935083033,0.00012906352812533926,-0.0014242791697798402,0.05698003890178073,9.539684234485041e-05,-0.0028586394028610003,0.11402181461739821
9.692,177,9,692000000,,11.76489927942813,0.998341305381859,0.0001274350878851618,-0.0014342442888382117,0.05755488399835355,8.935226691235335e-05,-0.002878403629205087,0.11517340527287835
9.702,178,9,698000000,,11.781403007060103,0.9983078760509557,0.00012490620042980447,-0.001441928268996739,0.0581316596695608,8.174666280784595e-05,-0.002893502742319778,0.11632890406961954
9.713000000000001,179,9,712000000,,11.789333143013522,0.9982740071358324,0.00012053692803791821,-0.0014446466171231585,0.05871034954732125,7.102664700344807e-05,-0.0028984639234743005,0.1174882809380921
9.726,180,9,726000000,,11.815311510763044,0.9982396734505439,0.00011984619937261326,-0.0014573688761264523,0.059290944183735164,6.645319256715639e-05,-0.0029238226164689887,0.11865150580876632
9.732,181,9,732000000,,11.834284614343867,0.9982048937965665,0.00011759659014322922,-0.0014661005489340895,0.05987342249118325,5.9210324495549237e-05,-0.0029410235459252847,0.1198185486121126
9.742,182,9,742000000,,11.856255342777706,0.9981696572976813,0.00011587880235650108,-0.0014763838155653062,0.0604577713214925,5.2815890279972554e-05,-0.002961378931144156,0.12098937927860119
9.752,183,9,752000000,,11.879865565044868,0.9981339627478805,0.00011443184492794165,-0.0014874244810020789,0.06104397499327269,4.6840224493650705e-05,-0.00298327295752731,0.12216396773870243
9.762,184,9,762000000,,11.904400398311708,0.9980978083749993,0.000113114627596092,-0.0014988282335419408,0.06163201794546815,4.104749207654863e-05,-0.003005901842181887,0.12334228392288663
9.772,185,9,772000000,,11.92835121373247,0.9980611931269279,0.00011160534948663046,-0.0015097740147548221,0.06222188441958046,3.489612798527266e-05,-0.003027586924633285,0.12452429776162412
9.782,186,9,782000000,,11.953254090319602,0.9980241133984763,0.00011023587400664472,-0.0015210797837218446,0.06281355936045308,2.894738491241553e-05,-0.003050001949123515,0.1257099791853852
9.792,187,9,792000000,,11.977563563492627,0.9979865682215525,0.00010867456473244219,-0.0015319160678259405,0.06340702699518949,2.2643131693863466e-05,-0.0030714496100248214,0.12689929812464013
9.802,188,9,802000000,,12.006020547010845,0.9979485512484814,0.00010791605001482738,-0.0015448210218890327,0.06400227295333899,1.7645302752715528e-05,-0.0030971224977936317,0.12809222450985935
9.812,189,9,812000000,,12.036296639110452,0.9979100622046044,0.00010746577527615152,-0.0015585440644335644,0.06459928128322151,1.3120768204666246e-05,-0.0031244631159052833,0.12928872827151308
9.822,190,9,822000000,,12.056445329911604,0.9978711093189461,0.0001047946494423126,-0.001566710167527026,0.06519803389603558,4.8502848813244895e-06,-0.0031404195978394535,0.13048877934007166
9.845,191,9,845000000,,12.053444660421667,0.9978317017248284,9.67824725554012e-05,-0.001562524568173855,0.06579851201250513,-1.2478405728209122e-05,-0.003131014498746356,0.1316923476460054
9.845,192,9,845000000,,12.084443899946606,0.9977917877348474,9.627202511139597e-05,-0.0015761524041021948,0.06640071388315869,-1.7196503310693825e-05,-0.003158134162221955,0.13289940311978463
9.853,193,9,853000000,,12.098452395311392,0.9977514095661473,9.199283770553602e-05,-0.0015805646787649561,0.06700461223960913,-2.823842141918437e-05,-0.003166354452005325,0.13410991569187963
9.863,194,9,862000000,,12.102907239349822,0.997710558215207,8.542287709042333e-05,-0.0015800357620053805,0.0676101931355223,-4.319864958351833e-05,-0.003164392919700804,0.13532385529276084
9.873,195,9,872000000,,12.095350020544794,0.9976692333193817,7.634189270583099e-05,-0.0015734593625415974,0.06821744121166426,-6.234713735512795e-05,-0.0031500048982616683,0.1365411918528984
9.882,196,9,882000000,,12.101090061612362,0.9976274116055046,6.998091054494468e-05,-0.0015737852127829931,0.06882634608983036,-7.700640421556438e-05,-0.00314974080526522,0.1377618953027627
9.893,197,9,893000000,,12.114603680398746,0.9975850961497225,6.529863923641904e-05,-0.0015779097011782716,0.06943689132594726,-8.884883323889971e-05,-0.0031572719164348275,0.13898593557282407
9.902,198,9,902000000,,12.1438953042424,0.9975422785407485,6.400437371633586e-05,-0.0015897150513265704,0.07004906304318215,-9.502244288782831e-05,-0.0031805882044245665,0.1402132825935529
9.913,199,9,912000000,,12.173417686456318,0.997498969451194,6.268783946070241e-05,-0.0016014705675506703,0.07066284247086214,-0.00010126733424679309,-0.0032037953641115675,0.14144390629541934
9.922,200,9,922000000,,12.193595121278014,0.9974551749654039,5.9312286911181666e-05,-0.001608375212697422,0.07127821228091531,-0.00011096209905337966,-0.003217025254901259,0.1426777766088938
9.932,201,9,932000000,,12.22247497048447,0.9974108781622542,5.769869578278958e-05,-0.0016194693948021783,0.07189516056968515,-0.00011776602866010503,-0.003238854959142063,0.14391486346444665
9.942,202,9,942000000,,12.247250201858911,0.997366087885761,5.50932709026854e-05,-0.0016283306566347172,0.0725136693283206,-0.0001262568110721955,-0.0032560793375590587,0.14515513679254813
9.952,203,9,952000000,,12.270006324419295,0.9973208005900257,5.191650280960516e-05,-0.001636002069509374,0.07313372349590523,-0.0001357397562023509,-0.0032708373138879434,0.1463985665236685
9.962,204,9,962000000,,12.28732359425883,0.997275017370367,4.7435350749944885e-05,-0.0016407834298632015,0.07375530698572284,-0.00014742158401052216,-0.0032796277440020364,0.14764512258827817
9.972,205,9,972000000,,12.312494290577447,0.9972287250977807,4.470361392231965e-05,-0.0016493580624439065,0.07437840721219938,-0.00015619464454859726,-0.0032962304118764945,0.1488947749168474
9.983,206,9,982000000,,12.341217454082509,0.9971819256869758,4.2703964589226663e-05,-0.001659545496346792,0.07500300772856947,-0.00016377546532792412,-0.0033161494770583286,0.15014749343984657
9.992,207,9,991000000,,12.367862991174317,0.9971346221818385,4.021712793111493e-05,-0.0016685539752504313,0.07562909199836135,-0.00017217962044379156,-0.0033336352196524847,0.15140324808774597
10.003,208,10,2000000,,12.399275014880354,0.9970868071369287,3.866019901449408e-05,-0.00167973637158197,0.07625664577331046,-0.00017908798338261257,-0.0033555884426511974,0.15266200879101588
10.02,209,10,12000000,,12.411175665295548,0.9970384993644773,3.291176526680111e-05,-0.001681262917071828,0.07688564922565364,-0.00019290247624890135,-0.0033576349054596335,0.15392374548012666
10.022,210,10,22000000,,12.421565208008644,0.9969896820485178,2.6603705411292763e-05,-0.0016819570879549927,0.07751608995165044,-0.00020771140678038638,-0.003357918465552291,0.15518842808554856
10.033,211,10,32000000,,12.448688495867556,0.9969403383955395,2.3894751241141572e-05,-0.0016905783343413813,0.07814795617112037,-0.00021658843527942083,-0.0033745525300651266,0.15645602653775204
10.043,212,10,42000000,,12.474768282172002,0.9968904816883368,2.0926889820918618e-05,-0.001698535481104086,0.07878122909983383,-0.00022590309102071983,-0.0033898114919974774,0.1577265107672072
10.053,213,10,52000000,,12.49729412841997,0.9968401125060217,1.7178146252426664e-05,-0.0017046297193747434,0.07941589287676071,-0.00023650302206431234,-0.003401221555856466,0.1589998507043846
10.063,214,10,62000000,,12.529853554751798,0.9967892180787311,1.5440499592167157e-05,-0.001715316204034808,0.08005193422961832,-0.0002438483431040859,-0.0034220961584812744,0.16027601627975432
10.074,215,10,73000000,,12.553898196353828,0.9967378124193603,1.1844100735559384e-05,-0.0017217516953114845,0.08068933463776347,-0.0002542445732709152,-0.003434188172107652,0.16155497742378683
10.082,216,10,82000000,,12.58183103943526,0.9966858837776529,8.956634701342577e-06,-0.0017298253393197842,0.08132808065135246,-0.0002635144176409108,-0.0034496486878634425,0.16283670406695233
10.093,217,10,92000000,,12.60482031969812,0.9966334382413731,4.911730076877772e-06,-0.0017352981701670963,0.08196815537338108,-0.0002746896386224837,-0.0034597244762928176,0.16412116613972136
10.102,218,10,102000000,,12.634336483167962,0.996580464611854,2.2069394383928125e-06,-0.0017437249733137856,0.08260954528605137,-0.00028369958644933137,-0.0034758961158548748,0.16540833357256396
10.113,219,10,113000000,,12.662734678152823,0.9965269680423372,-7.788005335922677e-07,-0.0017514421339664846,0.08325223368890118,-0.0002931769213981214,-0.0034905960535428684,0.16669817629595057
10.122,220,10,122000000,,12.699121842578856,0.9964729394505364,-2.1455855197517976e-06,-0.001762803495488061,0.08389620648182042,-0.0003000629437821446,-0.0035128191733080016,0.16799066424035153
10.133,221,10,133000000,,12.713394676101956,0.9964184031716369,-8.065190110697988e-06,-0.0017635250134638597,0.08454144389212316,-0.00031425645404291417,-0.003513061096230347,0.16928576733623718
10.145,222,10,144000000,,12.735507692595466,0.9963633325034686,-1.2421014984501224e-05,-0.0017678416671119536,0.08518793473339097,-0.000325951274804712,-0.003520716261805111,0.17058345551407772
10.152,223,10,152000000,,12.757624584690221,0.9963077330119727,-1.6883735593538102e-05,-0.0017719842533690058,0.0858356623280147,-0.0003378437856629207,-0.003527992094214726,0.1718836987043435
10.163,224,10,162000000,,12.782521417753896,0.996251601210393,-2.0867753915716574e-05,-0.0017772462445999762,0.08648461161415427,-0.00034899015969757426,-0.003537566733073944,0.17318646683750488
10.173,225,10,172000000,,12.814461854169961,0.9961949324109498,-2.346829188855056e-05,-0.0017855926361686793,0.08713476772746895,-0.0003579346536643172,-0.0035535143413188736,0.17449172984403227
10.182,226,10,182000000,,12.836832709431013,0.9961377392788333,-2.803764300159689e-05,-0.0017894005362794957,0.08778611304794276,-0.00037003009749272774,-0.0035600636984195254,0.17579945765439575
10.193,227,10,193000000,,12.847882928020239,0.9960800219888389,-3.483954090372659e-05,-0.0017879973178268787,0.08843863209317553,-0.00038566446299215256,-0.0035558219858538203,0.17710962019906584
10.202,228,10,202000000,,12.88456631800421,0.9960217496131237,-3.665070942691399e-05,-0.0017979425826485733,0.08909231367972671,-0.0003933780605904311,-0.0035750568562263104,0.17842218740851268
10.212,229,10,212000000,,12.914269960818045,0.9959629477462852,-3.991550030466265e-05,-0.0018045113377107781,0.0897471384619887,-0.0004034107830755318,-0.0035872959523937796,0.17973712921320675
10.222,230,10,222000000,,12.942663210695342,0.9959036108685271,-4.3523556884376676e-05,-0.0018102444779139594,0.090403091648789,-0.0004139966210431692,-0.00359779645773961,0.18105441554361829
10.232,231,10,232000000,,12.982896890688336,0.9958437270573637,-4.483016612839952e-05,-0.0018211727901457908,0.09106015923785604,-0.00042096301720151745,-0.0036190504138717745,0.1823740163302176
10.242,232,10,242000000,,13.023358584499324,0.9957833050546687,-4.615888381859139e-05,-0.0018319948862626433,0.09171832444225483,-0.0004279863429948311,-0.0036400806530274654,0.18369590150347512
10.255,233,10,253000000,,13.058200675056165,0.9957223489816667,-4.8677578743973516e-05,-0.0018400301402881688,0.09237757118482899,-0.00043689666931698306,-0.003655332974070147,0.18502004099386093
10.255,234,10,262000000,,13.07993893076142,0.995660864394978,-5.386427154594435e-05,-0.0018418687881827983,0.09303788330702956,-0.0004499912665099624,-0.0036577386600413096,0.18634640473184558
10.275,235,10,263000000,,13.112141651079568,0.9955988305997407,-5.7007702043657235e-05,-0.0018483024346343173,0.09369924779132918,-0.00045988581132406153,-0.003669660563619469,0.18767496264789923
10.283,236,10,281000000,,13.150516544070879,0.995536250536833,-5.899569584966169e-05,-0.0018573236738117322,0.09436164864680265,-0.00046798815343574926,-0.0036869405833572025,0.18900568467249226
10.292,237,10,292000000,,13.184601637202068,0.9954731322854962,-6.187344447920371e-05,-0.0018642015826651126,0.09502506943874862,-0.00047748175894710555,-0.003699774561316192,0.190338540736095
10.307,238,10,302000000,,13.209754104602279,0.9954094790076522,-6.650080655609062e-05,-0.0018669072177335685,0.09568949439096025,-0.0004896812605000751,-0.00370395589407562,0.19167350076917775
10.312,239,10,312000000,,13.208462704820255,0.9953453044532977,-7.618729587118177e-05,-0.0018576928492818245,0.09635490685764725,-0.0005096644568485441,-0.0036834179988685955,0.1930105347022108
10.322,240,10,322000000,,13.231803021243797,0.995280565902963,-8.123045830072623e-05,-0.001859245652997529,0.09702129530722813,-0.0005224706076101401,-0.0036851883039508027,0.1943496124656645
10.334,241,10,331000000,,13.263150578573141,0.9952152765715522,-8.47931563385357e-05,-0.0018641733349151204,0.09768864287370896,-0.000532995677076431,-0.0036939493062459784,0.19569070399000912
10.343,242,10,342000000,,13.301053117979789,0.9951494372866914,-8.718024815022388e-05,-0.0018717407733480024,0.09835693393992709,-0.0005417158679264652,-0.0037081824891652035,0.19703377920571502
10.354,243,10,353000000,,13.343976089203064,0.9950830488520992,-8.86953283084606e-05,-0.001881239231764733,0.09902615290569523,-0.0005491060431492284,-0.003726420850748964,0.19837880804325253
10.362,244,10,362000000,,13.377465605931732,0.9950161223663833,-9.200445027184018e-05,-0.0018864885682694122,0.09969628341633097,-0.000559247552336969,-0.003735836766522998,0.19972576043309193
10.373,245,10,373000000,,13.38979188520323,0.9949486666800722,-9.920016984069188e-05,-0.0018825536962111334,0.10036730953081238,-0.0005752958780691063,-0.003726184294357557,0.2010746063057036
10.382,246,10,382000000,,13.394828519501544,0.9948806705841778,-0.00010770545976144204,-0.0018751902061238269,0.10103921693679957,-0.000593247776422392,-0.0037094245356907034,0.20242531559155771
10.393,247,10,393000000,,13.428413734610437,0.9948121052233627,-0.00011109997057680095,-0.0018798262493375437,0.10171199148148549,-0.0006034531407065305,-0.003717555981495976,0.20377785822112468
10.402,248,10,402000000,,13.45699098946018,0.9947429967869237,-0.00011543435458357925,-0.0018821837468509842,0.10238561619008403,-0.000615076413815941,-0.0037209491530163998,0.20513220412487485
10.413,249,10,412000000,,13.483900510190296,0.9946733424533394,-0.00012010858766438301,-0.0018836572390587424,0.10306007579094299,-0.0006272017230253613,-0.00372249908083161,0.20648832323327845
10.423,250,10,423000000,,13.5108384483013,0.9946031408688573,-0.00012481734094990378,-0.001884866589285764,0.10373535497782913,-0.0006393465237870565,-0.0037235011213529296,0.20784618547680586
10.432,251,10,428000000,,13.541363105647081,0.9945323891460649,-0.00012892495246029844,-0.0018872850956756942,0.1044114384190943,-0.0006505529492638557,-0.0037270184593910403,0.20920576078592734
10.443,252,10,441000000,,13.58267844289791,0.9944610814383636,-0.00013117840304242983,-0.0018940037668772733,0.10508831070294258,-0.0006589836009223629,-0.003739464150145487,0.2105670190911133
10.452,253,10,452000000,,13.622419294271127,0.9943892272909216,-0.00013375728526976004,-0.001899812044955013,0.10576595610566891,-0.0006678892275948813,-0.003750020117634065,0.21192993032283397
10.463,254,10,463000000,,13.655202499250336,0.9943168309165458,-0.0001375950335428019,-0.001902425891859468,0.10644435917139994,-0.0006786359590518078,-0.003753944554173936,0.21329446441155972
10.472,255,10,472000000,,13.688102420658527,0.9942438866711082,-0.00014144909803037145,-0.0019048838100747137,0.10712350454942796,-0.0006893903823667323,-0.0037575419619707683,0.21466059128776083
10.482,256,10,482000000,,13.713836459672867,0.9941704000778752,-0.00014658239512528088,-0.001904229919848996,0.10780337671432826,-0.0007020255936707722,-0.0037546627100720573,0.21602828088190767
10.493,257,10,493000000,,13.73773071639335,0.9940963670098725,-0.00015207963595188532,-0.0019027171743707483,0.10848396027483176,-0.0007151973055540509,-0.0037499808475297274,0.21739750312447043
10.502,258,10,502000000,,13.770892867736423,0.9940217794378765,-0.00015600781009244188,-0.0019047432782663771,0.10916523997026184,-0.0007260190119369355,-0.0037526601533911775,0.21876822794591944
10.513,259,10,512000000,,13.777898165738016,0.9939466641391992,-0.00016434620189860745,-0.00189587985079113,0.10984720058551879,-0.000743222152913018,-0.0037327096342375434,0.22014042527672523
10.522,260,10,522000000,,13.814948020228861,0.9938709791278248,-0.00016761758619792078,-0.0018990156356311484,0.11052982625273282,-0.0007529815764406771,-0.003737708275882052,0.2215140650473579
10.534,261,10,529000000,,13.834917181424117,0.9937947593424908,-0.00017371042409345525,-0.0018952840603123785,0.11121310186493251,-0.0007668312617843477,-0.0037284176212052786,0.22288911718828794
10.545,262,10,541000000,,13.858667889857289,0.9937179896663968,-0.00017923042253312977,-0.0018930609061101986,0.11189701162334961,-0.0007798701883730233,-0.0037222352538023623,0.2242655516299854
10.552,263,10,552000000,,13.876517550822658,0.9936406773815563,-0.00018571661938230274,-0.0018885253459616236,0.1125815403788593,-0.000794302913507772,-0.003711223201075937,0.22564333830292085
10.562,264,10,562000000,,13.90407435027616,0.9935628125033908,-0.00019056670520039827,-0.001887358853169969,0.11326667281792138,-0.0008062353262910565,-0.0037072579193604175,0.22702244713756442
10.575,265,10,575000000,,13.915514522627069,0.9934844129145407,-0.00019782088134874952,-0.0018799016632395766,0.1139523941498632,-0.0008215082008848891,-0.0036902300498583124,0.22840284806438663
10.582,266,10,582000000,,13.959190607152776,0.9934054463613277,-0.00020018038935654014,-0.0018842739916243244,0.11463868709553382,-0.0008297477392377478,-0.003697807684560388,0.22978451101385763
10.592,267,10,592000000,,13.994928641853663,0.9933259403757054,-0.00020379008389533545,-0.0018854794620120085,0.11532553756007535,-0.0008397536615405511,-0.003698795351292792,0.23116740591644774
10.602,268,10,602000000,,14.022599711525451,0.9932458954521269,-0.000208700235231769,-0.001883522825241154,0.11601293011333298,-0.0008516132186068196,-0.0036931871743261444,0.2325515027026274
10.614,269,10,612000000,,14.050281504541566,0.9931653068304545,-0.00021365156093396408,-0.0018813467588870653,0.11670084916466009,-0.0008634981416713838,-0.0036871183792093276,0.2339367713028669
10.624,270,10,621000000,,14.086322515816029,0.9930841697504751,-0.00021732012810518546,-0.001881944940912145,0.11738927909400873,-0.0008734807253990205,-0.0036868457044214905,0.2353231816476364
10.635,271,10,630000000,,14.109927256493737,0.9930024984028833,-0.0002228290346124625,-0.0018777397780268459,0.11807820546645814,-0.0008859859667866587,-0.0036765863597032693,0.23671070366740635
10.642,272,10,642000000,,14.13774766360512,0.9929202826026448,-0.0002276690299886657,-0.0018747984076507313,0.11876761214248382,-0.0008974512163857206,-0.003668979546995354,0.238099307292647
10.652,273,10,652000000,,14.154921106734152,0.9928375326450626,-0.00023414642992850934,-0.0018677174233807964,0.11945748439649953,-0.0009111705822039887,-0.003652746952443132,0.23948896245382884
10.662,274,10,662000000,,14.191318988987572,0.9927542300320282,-0.00023785917487878646,-0.0018673863751290049,0.12014780499307373,-0.000921002419235718,-0.0036505630387752425,0.2408796390814218
10.677,275,10,677000000,,14.190931618197045,0.9926704113994592,-0.0002471047773751978,-0.0018534219977071249,0.12083856213210958,-0.0009385231875219968,-0.0036199626880051706,0.24227130710589667
10.682,276,10,682000000,,14.220819434254203,0.9925860348923743,-0.0002517080372628403,-0.0018501673120090187,0.12152973652820871,-0.0009493907920537841,-0.003611728301569995,0.24366393645772347
10.692,277,10,691000000,,14.246326042803043,0.9925011233683652,-0.0002569030803294921,-0.0018450773403882626,0.12222131484707735,-0.0009609751226739479,-0.00359969237554319,0.24505749706737256
10.702,278,10,702000000,,14.280753896510188,0.9924156693807852,-0.00026087329586509664,-0.001842986659177091,0.12291328045734298,-0.0009708509876193616,-0.003593895829404194,0.2464519588653142
10.712,279,10,712000000,,14.304045808564243,0.9923296862601487,-0.00026651062168935047,-0.0018367231600977868,0.12360561956058481,-0.0009829978669550754,-0.00357939305661141,0.24784729178201895
10.722,280,10,722000000,,14.320442077136722,0.9922431722105731,-0.0002731601331511202,-0.0018278634169790573,0.12429831656289343,-0.0009964897229423528,-0.003559470817368101,0.24924346574795692
10.736,281,10,729000000,,14.336652351216049,0.9921561242109405,-0.0002796102227571807,-0.0018187707170952453,0.124991356028833,-0.0010095017199134514,-0.003539118677317811,0.25064045069359847
10.744,282,10,742000000,,14.34804925810896,0.9920685458894087,-0.0002865171974182159,-0.001807923757956988,0.12568472292389038,-0.0010229526903631414,-0.0035151541571802718,0.2520382165494138
10.752,283,10,752000000,,14.370944501782274,0.9919804290444173,-0.00029197084811169655,-0.0018008877765514758,0.1263783998517695,-0.0010344518826293262,-0.0034991003816335353,0.2534367332458733
10.762,284,10,762000000,,14.384425582357538,0.9918917867603112,-0.0002987115795471207,-0.0017905298667569792,0.12707237359719747,-0.0010476394061978338,-0.0034761147592306395,0.25483597071344766
10.772,285,10,772000000,,14.393069648885383,0.9918026175091156,-0.0003058608979005302,-0.0017784569429925958,0.1277666288280322,-0.0010611686874960483,-0.003449605712331694,0.2562358988826065
10.786,286,10,784000000,,14.374844147069775,0.991712933543185,-0.00031636489454806916,-0.0017577706211298703,0.12846115210003126,-0.0010791032590068872,-0.003405133101055151,0.25763648768382064
10.793,287,10,792000000,,14.40943701755471,0.9916226952483133,-0.00032026856572069974,-0.0017538763005711996,0.12915591978085567,-0.0010882246588622218,-0.0033956444517640755,0.25903770704756024
10.803,288,10,802000000,,14.453885705708649,0.9915319266561033,-0.00032290237636946003,-0.0017528395115255435,0.1298509210954538,-0.0010955582031703266,-0.0033921408393146574,0.2604395269042957
10.813,289,10,812000000,,14.500928213086402,0.9914406328676039,-0.00032521395009924427,-0.0017523413241620153,0.1305461414016334,-0.0011023900024260786,-0.0033897804219947536,0.2618419171844971
10.823,290,10,822000000,,14.548132215412911,0.9913488165392608,-0.00032751750936653006,-0.0017516084232316025,0.1312415656201181,-0.0011091424433721973,-0.0033869485289418286,0.2632448478186351
10.832,291,10,832000000,,14.59793619384652,0.9912564779173191,-0.0003295026233554536,-0.0017514081254383913,0.1319371781741264,-0.0011154015340607822,-0.0033852484727512184,0.2646482887371796
10.842,292,10,842000000,,14.643019261335937,0.9911636221746395,-0.00033209622719810824,-0.0017494297438103489,0.13263296454997875,-0.0011223941517486814,-0.0033798548638845844,0.2660522098706014
10.852,293,10,852000000,,14.668659442912126,0.9910702580749111,-0.0003370851929700752,-0.0017410826673478947,0.13332891120851204,-0.0011324301700056318,-0.0033611904222845437,0.2674565811493703
10.863,294,10,862000000,,14.612321548704575,0.9909764167649853,-0.00035222691342905817,-0.0017070384780495881,0.13402501024609598,-0.0011556753356255923,-0.0032888612462032758,0.2688613725039571
10.873,295,10,872000000,,14.619667283224953,0.9908820294911124,-0.00035938985516721135,-0.001692552908824804,0.13472122971216188,-0.0011682779804849722,-0.003257411396748287,0.27026655386483184
10.882,296,10,882000000,,14.647141961162475,0.9907871195118366,-0.00036402093401838114,-0.001684042987722747,0.13541755904391736,-0.0011774389331281948,-0.003238472209914291,0.2716720951624649
10.898,297,10,884000000,,14.65397262778612,0.9906917073320606,-0.00037113582385884305,-0.001669008104992052,0.13611398786911025,-0.001189719458459587,-0.0032059169157993873,0.27307796632732667
10.902,298,10,902000000,,14.6865876414065,0.990595773699299,-0.00037517631836371306,-0.0016615719370184137,0.13681049503059164,-0.0011979434880047817,-0.0031892415677698014,0.2744841372898873
10.913,299,10,912000000,,14.727091277882893,0.9904993287052325,-0.0003782584004402901,-0.0016562415635706167,0.1375070675236341,-0.0012048255962600445,-0.003176991251330209,0.27589057798061695
10.922,300,10,922000000,,14.746805456857503,0.990402386587177,-0.0003836767148428867,-0.001644518247335181,0.1382036938519968,-0.0012145519906368825,-0.0031514237317978692,0.2772972583299866
10.932,301,10,932000000,,14.790124010873926,0.9903049301854265,-0.0003863649099445633,-0.0016394949770174435,0.13890035287505326,-0.0012206973324863431,-0.003139872632076475,0.2787041482684658
10.942,302,10,942000000,,14.833571075408297,0.9902069715700188,-0.0003890305776047317,-0.001634213258802297,0.13959703240530102,-0.0012267105309148238,-0.0031278087954869846,0.28011121772652553
10.952,303,10,952000000,,14.871877302695008,0.9901085148940569,-0.000392256514929831,-0.0016271384954941134,0.1402937179257436,-0.0012333139339442336,-0.0031120301320746824,0.28151843663463544
10.962,304,10,962000000,,14.89970609856053,0.9900095643453315,-0.0003966534156305422,-0.0016166933740399583,0.1409903949684836,-0.0012412640667862098,-0.0030892400759980026,0.28292577492326637
10.972,305,10,972000000,,14.916880744087907,0.9899101221197858,-0.00040232290450804874,-0.0016026762022858876,0.1416870484203203,-0.0012506901301551454,-0.003059007671332713,0.2843332025228884
10.983,306,10,982000000,,14.936605881485347,0.9898101846259478,-0.00040768343890487435,-0.0015890982996634143,0.14238366118187518,-0.0012595878217040713,-0.0030297210765603665,0.2857406893639719
10.992,307,10,992000000,,14.939899384779746,0.9897097610872618,-0.0004146463276292363,-0.0015707660188609381,0.14308022075441468,-0.0012702561549824561,-0.0029905540039420245,0.2871482053769871
11.002,308,11,2000000,,14.970168634655193,0.9896088369460333,-0.0004186124683335951,-0.001559987340133242,0.14377670548951674,-0.0012771108456979055,-0.0029671854254337124,0.2885557204924045
11.013,309,11,13000000,,15.014167233259881,0.9895074200674948,-0.0004211194535900607,-0.0015527597619292548,0.14447310208788924,-0.001282071621923319,-0.002951258028606676,0.2899632046406944
11.024,310,11,23000000,,15.063764005595154,0.9894055158605413,-0.00042302878533339135,-0.0015467867250436673,0.14516939650701322,-0.00128619212360335,-0.002937981194935541,0.2913706277523269
11.033,311,11,33000000,,15.110743957322699,0.9893031297087157,-0.0004252057031117473,-0.0015397546991705539,0.14586557477388667,-0.0012905149435809427,-0.0029225266974772335,0.29277795975777254
11.043,312,11,43000000,,15.14959107487641,0.9892002659591853,-0.00042822650054938317,-0.0015301118683852435,0.14656162255519423,-0.0012957207099950315,-0.002901655064619816,0.29418517058750143
11.052,313,11,52000000,,15.185764780614562,0.989096924909782,-0.00043150456325751895,-0.0015194113563263057,0.1472575238381901,-0.001301094939033077,-0.00287860958895716,0.29559223017198416
11.063,314,11,62000000,,15.213698767621416,0.988993110857422,-0.0004355840005737584,-0.0015061628336175553,0.147953264298751,-0.001307268249660587,-0.0028502810423595465,0.29699910844169064
11.073,315,11,73000000,,15.249965450084616,0.9888888203482465,-0.0004387490779417057,-0.00149498173316159,0.1486488261612504,-0.0013122082933022122,-0.0028263061370230255,0.29840577532709167
11.082,316,11,81000000,,15.2412490362992,0.9887840738532708,-0.00044629638159479775,-0.0014714876622110107,0.1493442025581488,-0.001322103293440343,-0.0027766671440645025,0.2998122007586572
11.092,317,11,92000000,,15.263134076390582,0.9886788486137309,-0.0004507816850262722,-0.0014558646670438404,0.1500393666934491,-0.0013282360491420685,-0.0027434986500433182,0.30121835466685765
11.124,318,11,104000000,,15.316376019154132,0.9885731474169348,-0.0004521699589924954,-0.0014483178627127246,0.1507343030762136,-0.001330633867521163,-0.0027272246294591795,0.3026242069821634
11.124,319,11,115000000,,15.372590584330892,0.9884669822827509,-0.0004532519548881796,-0.0014412339336576005,0.15142900100128034,-0.0013325437082812937,-0.0027119566571449406,0.3040297276350447
11.124,320,11,122000000,,15.426068208788884,0.9883603577349273,-0.00045458329533688786,-0.0014330791662983202,0.15212344624093116,-0.0013345993408074035,-0.0026944949804236494,0.30543488655597195
11.124,321,11,132000000,,15.46247991595801,0.9882532809876756,-0.00045754465077671414,-0.0014200173767328734,0.15281762601426785,-0.001338352532203074,-0.002666835049668535,0.3068396536754153
11.142,322,11,142000000,,15.481591232455312,0.9881457545154517,-0.00046210325829712355,-0.0014021124663120153,0.15351152521651037,-0.0013437366406027005,-0.002629109638729952,0.30824399892384535
11.152,323,11,152000000,,15.509252945874245,0.9880377730234762,-0.0004657726096100219,-0.0013862607655784089,0.1542051244796217,-0.0013479438409181794,-0.002595709867671215,0.3096478922317321
11.161,324,11,161000000,,15.52514861517432,0.9879293454820667,-0.0004704596564750805,-0.0013670943694560837,0.15489841205148647,-0.0013530881258019035,-0.0025554411651033337,0.31105130352954596
11.171,325,11,170000000,,15.549721510725034,0.9878204689019136,-0.0004742680282655416,-0.0013498145983810044,0.15559136958324854,-0.00135702705870598,-0.0025191676193970316,0.31245420274775737
11.183,326,11,182000000,,15.583113112481247,0.987711146249025,-0.0004772138709730087,-0.0013344899495134456,0.15628398183733708,-0.001359822349587894,-0.0024870219913158843,0.3138565598168364
11.192,327,11,192000000,,15.604564998639297,0.9876013860879798,-0.00048113733153278037,-0.0013159452230324979,0.15697623703012953,-0.001363492558211352,-0.0024482068426103583,0.3152583446672537
11.205,328,11,202000000,,15.643846293626993,0.9874911835134471,-0.00048344150266757833,-0.0013016214411200985,0.15766811519501667,-0.0013652412578710222,-0.0024182351306075637,0.3166595272294793
11.213,329,11,212000000,,15.686162647651404,0.9873805456826158,-0.00048543842672096524,-0.0012877388317416852,0.1583596037054118,-0.001366480864972216,-0.0023892311401297658,0.3180600774339838
11.222,330,11,222000000,,15.725511141450784,0.9872694772013747,-0.00048763605051186894,-0.001272832193950034,0.15905068844809256,-0.0013677502801216063,-0.00235814123581673,0.3194599652112371
11.232,331,11,232000000,,15.761857327418959,0.987157981175992,-0.0004900215120526985,-0.0012568937459758237,0.15974135437503026,-0.0013690172394019728,-0.002324954080199063,0.32085916049171015
11.245,332,11,244000000,,15.789068430945514,0.9870460621579704,-0.0004930670311099057,-0.001238474377940479,0.1604315874276697,-0.001370744576688329,-0.0022866574553870762,0.32225763320587264
11.256,333,11,256000000,,15.819257554688862,0.9869337204832975,-0.0004957797692753478,-0.0012204539075105411,0.16112137061133872,-0.0013718898577829047,-0.0022492546958925723,0.3236553532841949
11.262,334,11,262000000,,15.870920874193773,0.9868209554154903,-0.0004967544597427815,-0.0012071122437024287,0.16181068588908643,-0.0013710665544983717,-0.0022216487831229485,0.32505229065714775
11.272,335,11,272000000,,15.916522904249282,0.9867077764377403,-0.0004981588511365701,-0.0011920177752198355,0.16249952261059994,-0.001370482780306336,-0.002190447017583246,0.326448415255201
11.277,336,11,282000000,,15.962189408468483,0.9865941855161252,-0.000499513776750981,-0.001176600171421276,0.16318786475653455,-0.0013696521340401475,-0.0021586262787271137,0.3278436970088254
11.293,337,11,292000000,,15.998654721162735,0.9864801878797351,-0.0005015288302594571,-0.001158773655360904,0.1638756987268407,-0.001369289704579898,-0.002121839323678068,0.3292381058484909
11.304,338,11,303000000,,16.00712296572577,0.9863657903357216,-0.0005056119144556915,-0.0011344589382250888,0.16456301229285114,-0.0013708199223133695,-0.002071574416689516,0.33063161170466815
11.313,339,11,312000000,,15.996267718455124,0.986250994255629,-0.0005109200437018783,-0.001105639100997628,0.16524978926664485,-0.001373207270155382,-0.002012017823699363,0.33202418450782706
11.323,340,11,322000000,,16.006959546746177,0.9861357954568337,-0.0005144978711708193,-0.0010813768348183399,0.16593600825257823,-0.001373611321504892,-0.0019620226232027723,0.3334157941884384
11.332,341,11,332000000,,15.978694245438067,0.9860202076438862,-0.0005207713650889085,-0.0010489783120315507,0.1666216629361065,-0.001376550107117904,-0.0018950851786834642,0.33480641067697203
11.343,342,11,342000000,,15.991689749288184,0.9859042216087043,-0.0005239336835133664,-0.0010248760854512159,0.16730672711113417,-0.0013760369656042916,-0.0018455451065860712,0.3361960039038988
11.353,343,11,352000000,,15.941493297932354,0.9857878566880118,-0.0005310755685690979,-0.000987984041719821,0.16799120052172342,-0.0013790035393585383,-0.0017694542205452066,0.3375845437996884
11.364,344,11,363000000,,15.966802261499835,0.9856710965026488,-0.0005331471290546545,-0.0009660718633361127,0.1686750484765294,-0.001376922350088636,-0.001724601844892711,0.3389720002948116
11.372,345,11,372000000,,15.985348535352347,0.9855539569117145,-0.0005354724078589844,-0.0009425492891319693,0.16935826784010452,-0.001374733295636914,-0.0016764937893685812,0.3403583433197384
11.388,346,11,387000000,,16.037406307864078,0.9854364365984716,-0.0005356999904767902,-0.0009251168731835117,0.1700408380607361,-0.0013704141506108041,-0.0016411067358811338,0.34174354280493957
11.394,347,11,394000000,,16.06602015927945,0.9853185465202912,-0.0005372189121040864,-0.0009028962010922235,0.1707227520204358,-0.0013669555301001125,-0.0015958504401830031,0.34312756868088506
11.404,348,11,404000000,,16.098011463538764,0.9852002870924584,-0.0005384735782142621,-0.0008810323581223353,0.17140399103033457,-0.0013630356348637877,-0.0015513942459012252,0.34451039087804514
11.415,349,11,414000000,,16.130019935211553,0.9850816625735301,-0.0005396721418822953,-0.000858896205994553,0.17208454059751072,-0.0013588497396139695,-0.0015064279097026108,0.34589197932689036
11.423,350,11,422000000,,16.175550734462252,0.9849626755648859,-0.0005400368291707168,-0.0008388552055886856,0.17276438413697526,-0.0013536827141094412,-0.0014658843999965825,0.34727230395789094
11.432,351,11,432000000,,16.197462940112008,0.9848433336765715,-0.0005416592854182437,-0.0008142872626936622,0.1734435114217009,-0.0013493665192876286,-0.0014159966609987949,0.3486513347015172
11.443,352,11,442000000,,16.226133266851438,0.9847236378827657,-0.0005427694478641119,-0.000790588361220623,0.17412190375223113,-0.0013442749742780052,-0.00136800642182724,0.3500290414882396
11.452,353,11,451000000,,16.24458870296931,0.9846035937125052,-0.0005442592592661247,-0.0007648128513580286,0.17479954831629638,-0.001339138686591403,-0.001315802798238864,0.3514053942485279
11.465,354,11,462000000,,16.256087102429714,0.9844832047477404,-0.0005459806334089374,-0.0007376304626429852,0.17547642968805613,-0.001333892503118889,-0.0012607564731026235,0.35278036291285325
11.473,355,11,472000000,,16.291422549540734,0.9843624727678648,-0.0005464530756845744,-0.0007141430343961349,0.1761525293462942,-0.0013274133723904893,-0.001213433321375098,0.3541539174116852
11.493,356,11,488000000,,16.27845122217126,0.9842414069822475,-0.0005492436500434317,-0.0006825426345820088,0.1768278407055025,-0.0013225630254065656,-0.001149330561692697,0.35552602767549474
11.493,357,11,488000000,,16.337863387264814,0.9841200036920066,-0.0005483609909951246,-0.000662242374500105,0.1775023353888784,-0.0013144063635380984,-0.0011087814501891265,0.3568966636347515
11.502,358,11,502000000,,16.32789589791074,0.9839982759650012,-0.0005505695899923643,-0.0006306333290464582,0.17817601430225177,-0.0013082476081598962,-0.0010448878169469365,0.3582657952199263
11.514,359,11,514000000,,16.345508194342635,0.9838762220935612,-0.000551403625168548,-0.0006031339985157291,0.17884885177804039,-0.0013007664810825966,-0.0009895827508084958,0.3596333923614892
11.523,360,11,522000000,,16.370030189462742,0.9837538477236408,-0.0005518585715800139,-0.0005763901725557959,0.1795208353239749,-0.0012927350031169968,-0.0009359120132146669,0.36099942498991067
11.532,361,11,532000000,,16.359303387451565,0.9836311589761346,-0.0005536427240205868,-0.00054419769664729,0.18019195437051946,-0.0012852814030853664,-0.000871055803352608,0.36236386303566104
11.542,362,11,542000000,,16.390708220359112,0.9835081570476569,-0.0005534860430247475,-0.0005179032982122655,0.18086218634666387,-0.0012760550956760369,-0.0008185149363959465,0.3637266764292107
11.552,363,11,552000000,,16.425615661100473,0.9833848480458157,-0.0005530924849088026,-0.0004917751456475865,0.18153152034789308,-0.0012663516285441902,-0.000766401089420656,0.36508783510102943
11.562,364,11,562000000,,16.44274900947918,0.9832612369969732,-0.0005532857322409243,-0.0004629093543158617,0.18219994349343283,-0.0012567335898043162,-0.0007087044497100147,0.3664473089815882
11.573,365,11,573000000,,16.49892980495521,0.9831373269151892,-0.0005519266523153714,-0.0004389609790800127,0.18286743590996682,-0.0012457833192443186,-0.0006612590719377768,0.367805068001357
11.586,366,11,582000000,,16.515967759855236,0.9830131241824243,-0.0005519304797528215,-0.00040949945970628103,0.1835339896805157,-0.0012354244881828543,-0.0006024907169733315,0.36916108209080617
11.592,367,11,592000000,,16.540026302875486,0.9828886322621436,-0.0005515219978520167,-0.00038068546083552866,0.18419958597108263,-0.0012244141006921931,-0.000545162603532788,0.37051532118040614
11.615,368,11,606000000,,16.57117371537936,0.9827638558279634,-0.0005507189832739084,-0.0003524534578405588,0.184864210065971,-0.0012127659254691009,-0.0004891405983372167,0.371867755200627
11.615,369,11,612000000,,16.53361040851543,0.982638800096959,-0.0005518886066528146,-0.0003159283655182782,0.18552785276675363,-0.0012018417323962098,-0.0004161055357091677,0.37321835408193943
11.622,370,11,622000000,,16.59348295855374,0.9825134684413878,-0.0005499791692381673,-0.00029040548887673037,0.18619048718675013,-0.0011888657208099992,-0.0003658528374968128,0.3745670877548133
11.633,371,11,632000000,,16.653377093159072,0.9823878665350738,-0.000547986175744019,-0.0002644678904881524,0.1868521058285192,-0.0011755030336616946,-0.00031483535680314965,0.3759139261497193
11.642,372,11,642000000,,16.662413611346732,0.9822619989636225,-0.000547454398062198,-0.00023242190630803891,0.18751269734534715,-0.0011626517185579332,-0.0002512891135223675,0.37725883919712744
11.652,373,11,652000000,,16.707768511788068,0.9821358705590485,-0.0005457124746911443,-0.00020405417041659062,0.1881722411011,-0.0011487225284926253,-0.0001954419631319198,0.3786017968275084
11.662,374,11,662000000,,16.749472017350453,0.9820094860929253,-0.0005439729862754493,-0.00017489053331709508,0.18883072506930756,-0.0011344229319572427,-0.00013805069909595205,0.3799427689713323
11.672,375,11,672000000,,16.794820349676215,0.9818828504542236,-0.0005420279347447605,-0.00014571755680230992,0.18948813407704507,-0.0011196396006455385,-8.073941621143804e-05,0.38128172555906936
11.682,376,11,682000000,,16.832846514999915,0.9817559683980409,-0.000540174678762078,-0.00011537587183680194,0.1901444540725542,-0.0011045158188543824,-2.1119462777320146e-05,0.3826186365211899
11.692,377,11,692000000,,16.874505366945662,0.9816288449516751,-0.0005381179225653992,-8.502204875692637e-05,0.19079966970409784,-0.0010889087231865265,3.8425252750749514e-05,0.3839534717881645
11.702,378,11,702000000,,16.816359587509062,0.9815014831914288,-0.0005383719863349611,-4.465699146838078e-05,0.19145377158568275,-0.0010739255190490222,0.00011848488815487084,0.3852862012904631
11.712,379,11,712000000,,16.80919836531536,0.9813738906082914,-0.0005370303101425774,-9.413026538417446e-06,0.19210673684747895,-0.0010576718771634166,0.00018785888509150196,0.3866167949585564
11.722,380,11,722000000,,16.8128306698069,0.9812460716323704,-0.0005352252114641308,2.4956577621599067e-05,0.19275855316219598,-0.0010407543065939938,0.0002553155650345123,0.3879452227229144
11.732,381,11,732000000,,16.797206067423517,0.9811180307248419,-0.0005335546576511729,6.091451754174978e-05,0.1934092071113914,-0.001023397565913972,0.00032591743532998035,0.3892714545140075
11.743,382,11,743000000,,16.815439525414487,0.9809897740750857,-0.0005311437481162473,9.451825611915649e-05,0.19405868213695163,-0.0010054092409627984,0.00039158900700988163,0.3905954602623061
11.754,383,11,754000000,,16.84119037012289,0.9808613063282645,-0.0005284790758752574,0.00012790648698022747,0.19470696468746987,-0.000986921048914989,0.0004567141772210947,0.39191720989828044
11.763,384,11,763000000,,16.870695162556945,0.9807326325758695,-0.0005256394240280442,0.00016138637053560365,0.19535404029208062,-0.0009679687961598113,0.000521925354211795,0.3932366733524009
11.791,385,11,782000000,,16.88487566529508,0.9806037575736963,-0.0005228607452967682,0.0001961482704813546,0.19599989483375843,-0.000948548649419529,0.0005896487985016728,0.3945538205551379
11.791,386,11,782000000,,16.94485458701754,0.9804746879838456,-0.0005194332538600036,0.00022854453964991965,0.1966445122027791,-0.0009286985871493132,0.000652451716352452,0.39586862143696167
11.793,387,11,792000000,,16.958940340070637,0.980345426885906,-0.000516406233027275,0.0002640316123552397,0.19728788000229766,-0.0009083328651095194,0.0007214458119028961,0.3971810459283421
11.802,388,11,802000000,,17.01124269638741,0.9802159816415212,-0.0005128476503736106,0.00029774396816769873,0.1979299817368907,-0.0008875384009094307,0.0007867227253699248,0.39849106395975015
11.812,389,11,811000000,,17.048206221415896,0.9800863562423793,-0.000509326273293474,0.0003327228482594151,0.19857080397125265,-0.000866229800258922,0.0008544690070985411,0.3997986454616558
11.823,390,11,823000000,,16.99668469269964,0.9799565543290844,-0.0005062745286883926,0.0003721889229556985,0.1992103330376602,-0.0008439667928472975,0.0009311683185006055,0.4011037603645295
11.832,391,11,832000000,,17.052733759337936,0.979826585921179,-0.0005023340665166834,0.00040698936336262657,0.1998485515138657,-0.0008217285792527559,0.0009983396337963843,0.40240637859884126
11.843,392,11,843000000,,17.031256224829797,0.9796964523066559,-0.0004986112411165634,0.0004451711359964479,0.20048544722059564,-0.000798475203234074,0.0010721939659713627,0.4037064700950619
11.854,393,11,852000000,,17.048307260022124,0.97956616143693,-0.0004945255077370191,0.00048210284766851176,0.2011210043458536,-0.0007749194729781035,0.001143422454552917,0.4050040047836612
11.867,394,11,860000000,,17.080840046763363,0.9794357182283202,-0.0004902638053362117,0.0005189013107026255,0.20175520870947927,-0.0007509823043695764,0.0012142878070220773,0.4062989525951101
11.879,395,11,872000000,,17.097647026091703,0.979305127691134,-0.0004858751186088703,0.0005564734577698802,0.2023880459427181,-0.0007263935037486606,0.0012865856078390285,0.40759128345987833
11.885,396,11,882000000,,17.133930010625512,0.9791743959057867,-0.0004813455020384934,0.0005939329565041475,0.2030195014098121,-0.0007014831418622945,0.001358573353371043,0.4088809673084365
11.885,397,11,892000000,,17.158376144900483,0.9790435280197116,-0.00047667170337069726,0.0006320316714195206,0.20364956067413859,-0.0006759394921682547,0.001431721489898037,0.4101679740712547
11.885,398,11,902000000,,17.178767695000932,0.9789125297917686,-0.00047183091809388115,0.0006705547728053081,0.2042782091867875,-0.000649803721255859,0.0015055990568183452,0.4114522736788038
11.913,399,11,912000000,,17.206908303450437,0.9787814069917175,-0.00046684991191004105,0.0007093128761503618,0.20490543246511894,-0.0006232047220573083,0.0015798453332162602,0.4127338360615533
11.922,400,11,921000000,,17.238897909381418,0.9786501652345305,-0.0004617374420931258,0.000748410967417711,0.20553121603781876,-0.0005961160669067729,0.00165466870484121,0.4140126311499742
11.932,401,11,932000000,,17.246978696174356,0.9785188101547712,-0.00045635434754660094,0.0007880691776538795,0.20615554530735214,-0.000568173845469861,0.001730441850432827,0.41528862887453644
11.948,402,11,942000000,,17.234844655825473,0.9783873478112277,-0.00045063894954177263,0.0008279369476630119,0.20677840575809542,-0.000539400835374547,0.001806451858364735,0.41656179916571046
11.952,403,11,952000000,,17.25837769822516,0.9782557837446051,-0.00044497972644469105,0.0008680247954563077,0.20739978325983383,-0.0005105526003978678,0.0018828790633578323,0.4178321119539665
11.962,404,11,962000000,,17.28980852265317,0.9781241236919855,-0.0004392338936866543,0.0009085325050240383,0.2080196632389815,-0.00048126622628854053,0.0019600549489683077,0.4190995371697752
11.973,405,11,973000000,,17.325163299714273,0.9779923734770052,-0.00043338214976245304,0.0009494858220705615,0.20863803123448024,-0.0004514921223156352,0.0020380211932465157,0.4203640447436063
11.983,406,11,982000000,,17.35238536274985,0.9778605391482422,-0.0004273018892606467,0.0009907739908851432,0.2092548727191392,-0.0004210356963880188,0.0021165091628910526,0.4216256046059306
11.993,407,11,992000000,,17.395618870195577,0.97772862616503,-0.0004212580688810587,0.0010326714043184335,0.2098701734617213,-0.000390299243532922,0.0021961655602278436,0.42288418668721817
12.002,408,12,2000000,,17.45491125929744,0.9775966403460659,-0.00041526523815570105,0.001075250811157131,0.21048391904029054,-0.00035927873320345936,0.0022771384385326604,0.4241397609179395
12.014,409,12,14000000,,17.510119323628167,0.9774645880371287,-0.00040909649813633444,0.0011182574110410867,0.21109609488056463,-0.00032763605231293986,0.002358833573039336,0.4253922972285647
12.024,410,12,24000000,,17.569301841769633,0.97733247503966,-0.0004028420866221099,0.0011618015276526872,0.2117066866405398,-0.0002954998882593139,0.0024415038774570205,0.4266417655495644
12.035,411,12,35000000,,17.628426487435643,0.9772003074440805,-0.0003964550462841194,0.0012058302935217067,0.21231567989174585,-0.00026279946982375805,0.00252502539566187,0.4278881358114085
12.059,412,12,52000000,,17.553853234409413,0.9770680956070692,-0.00038819005372665177,0.001247662568922871,0.2129230593274745,-0.00022726474281953583,0.002603414748924691,0.42913137794456774
12.059,413,12,52000000,,17.612856276722173,0.9769358370480251,-0.000381535790943105,0.0012926640477052766,0.21352881243844923,-0.0001934306369411803,0.0026886406748874176,0.430371461879512
12.062,414,12,62000000,,17.61067961959089,0.9768035448824857,-0.00037377674764265377,0.0013364316467425758,0.21413292354611463,-0.00015786547962110968,0.002770941701449956,0.4316083575467118
12.074,415,12,72000000,,17.58367193775488,0.9766712245212326,-0.0003653615103768093,0.0013794333476213135,0.21473537870319007,-0.00012125035608691407,0.0028514216620846647,0.4328420348766375
12.082,416,12,82000000,,17.626051470323986,0.9765388763563676,-0.00035799567072429864,0.0014252507163854966,0.2153361638558148,-8.53777049996376e-05,0.002937808520930021,0.43407246379975956
12.092,417,12,92000000,,17.676563923718064,0.9764065097295318,-0.0003506386908725819,0.001471878242616399,0.2159352643380444,-4.907119052161828e-05,0.0030257381288572487,0.43529961424654795
12.103,418,12,102000000,,17.726996856463618,0.9762741313574159,-0.00034313897814662505,0.0015189939557672743,0.21653266579277802,-1.2171853554131691e-05,0.0031145156399976946,0.4365234561474732
12.112,419,12,112000000,,17.78558846837819,0.9761417468518467,-0.0003356529310553313,0.001566949990722129,0.2171283538782112,2.5168996539769484e-05,0.003204895625569335,0.43774395943300554
12.124,420,12,122000000,,17.84410474870484,0.97600936303903,-0.00032802346910809887,0.0016154037372742133,0.21772231427099084,6.311126890968206e-05,0.0032961403715002263,0.43896109403361566
12.133,421,12,133000000,,17.881928107488275,0.9758769878232246,-0.00031985211480922807,0.0016634686299068524,0.21831453273616883,0.00010204670189912387,0.003386344713814326,0.4401748298797731
12.14,422,12,142000000,,17.890623164253114,0.9757446285378176,-0.0003109226349780743,0.0017106516238486252,0.21890499509543643,0.00014217904737281797,0.00347445029278621,0.44138513690194886
12.153,423,12,153000000,,17.878161953605506,0.9756122914504788,-0.00030131373116013194,0.001757061295268874,0.21949368719028342,0.0001833981288728095,0.003560701640810821,0.4425919850306127
12.162,424,12,162000000,,17.894578781583203,0.9754799781886282,-0.0002921561494568154,0.0018051980861058384,0.22008059445977482,0.00022459468557174328,0.0036504730850836,0.4437953441962356
12.172,425,12,172000000,,17.89397432779468,0.9753476998603066,-0.0002824160461614439,0.001852588204907869,0.2206657031242717,0.0002666995425070056,0.0037384830680164635,0.4449951843292876
12.182,426,12,182000000,,17.909887795890214,0.9752154589170288,-0.0002728583552042425,0.0019013113144408737,0.22124899830926345,0.0003091373466460885,0.003829125004876527,0.4461914753602387
12.194,427,12,193000000,,17.934016931567427,0.9750832624571505,-0.00026331754757673493,0.0019509977729669547,0.2218304657784375,0.0003520711372306968,0.003921604307180535,0.4473841872195595
12.204,428,12,204000000,,17.98339341096793,0.9749511142971486,-0.0002542831766721615,0.00200289330495073,0.2224100907990086,0.00039510323125571114,0.004018567223670931,0.44857328983772043
12.212,429,12,212000000,,17.97739767461457,0.9748190327370522,-0.00024358177466930978,0.0020512890187679806,0.22298786131733345,0.00043993252863387493,0.004107914265729334,0.4497587531451915
12.223,430,12,223000000,,18.013715579705355,0.9746870097837643,-0.0002338782094316041,0.0021031617104238396,0.22356376041431059,0.00048446967727044764,0.004204434568351684,0.4509405470724432
12.232,431,12,232000000,,18.0156007824143,0.9745550642495279,-0.00022304619185147358,0.0021527074104597207,0.2241377764831262,0.0005302694308933021,0.004295863185357657,0.45211864154994574
12.243,432,12,243000000,,18.03437492966888,0.9744231941228154,-0.0002124873044452678,0.0022039642745133536,0.22470989329825297,0.0005764056260501135,0.004390697922691865,0.4532930065081697
12.252,433,12,252000000,,18.05725676263111,0.97429140793647,-0.00020184862485818903,0.0022560053100054833,0.22528009703110624,0.0006231537417496797,0.004486973191151942,0.4544636118775852
12.262,434,12,262000000,,18.097247510506968,0.9741597094943074,-0.00019156577831438504,0.0023100282701800376,0.2258483727413373,0.000670208027322053,0.004587218663613497,0.4556304275886624
12.272,435,12,272000000,,18.132790355087742,0.9740281096266669,-0.00018097704540979292,0.002364151707041818,0.22641470732069718,0.0007180119246609309,0.004687469331479549,0.456793423571872
12.282,436,12,282000000,,18.163868183325974,0.97389661509337,-0.00017008152415562373,0.0024183462089737455,0.22697908666563313,0.0007665532466034809,0.004787666562372511,0.4579525697576839
12.292,437,12,292000000,,18.186120843791958,0.9737652337216393,-0.0001587430964499647,0.002472149232618793,0.2275414970370066,0.0008158858904391326,0.004886846684874039,0.45910783607656874
12.302,438,12,302000000,,18.242957223411892,0.9736339619492411,-0.00014836128086476164,0.002529775674544296,0.2281019209980276,0.0008652051151567618,0.004993854768619144,0.4602591924589967
12.314,439,12,314000000,,18.251862125115135,0.973502826225508,-0.00013627579227592536,0.002583162753377547,0.22866035080452132,0.0009160160673678701,0.005091776224656612,0.46140660883543816
12.321,440,12,323000000,,18.277978463809553,0.9733718176853181,-0.00012456570584473573,0.00263868558171531,0.22921676718286915,0.0009671776589706959,0.005193972811981707,0.46255005513636327
12.333,441,12,333000000,,18.295200464029943,0.9732409496524199,-0.00011235478107476764,0.0026937277995187528,0.22977115816960378,0.0010191998287218727,0.005294948921688235,0.46368950129224246
12.342,442,12,342000000,,18.320987069593272,0.973110224156547,-0.00010023204327442583,0.0027501444136472587,0.2303235079214373,0.0010717879887258601,0.005398585108618592,0.464824917233546
12.352,443,12,352000000,,18.359750600894913,0.9729796464251441,-8.839309975972509e-05,0.0028084701450725846,0.23087380172835914,0.00112481227210208,0.005506011699623633,0.46595627289074437
12.367,444,12,361000000,,18.41151703080734,0.9728492229283987,-7.685711645114078e-05,0.002868756820209089,0.23142202525883507,0.0011782651169389305,0.005617338087701782,0.4670835381943077
12.372,445,12,372000000,,18.46753837075559,0.9727189629235422,-6.530851307980524e-05,0.002930055060675442,0.23196816523197356,0.0012323258809731924,0.005730570596500588,0.4682066830747065
12.382,446,12,382000000,,18.418152427694533,0.972588908864129,-4.97972145591482e-05,0.0029796710601046605,0.23251222211981493,0.0012887776191386972,0.005819179814551003,0.46932567746241094
12.392,447,12,392000000,,18.301400979079997,0.9724590622146855,-3.125353933654913e-05,0.0030199415987898948,0.2330541810234063,0.0013468582120348997,0.005888140710011031,0.4704404912878911
12.402,448,12,402000000,,18.316945105763413,0.9723293551203852,-1.7600061164209217e-05,0.0030773497412748003,0.23359399559916763,0.0014035003934647927,0.005992653383905853,0.4715510944816178
12.412,449,12,412000000,,18.350140434086168,0.9721998339565501,-4.493436156652298e-06,0.00313764494754219,0.23413166812468741,0.001460534774282543,0.00610297779096115,0.4726574569740611
12.422,450,12,422000000,,18.324898605812447,0.9720705373204637,1.1197835213666574e-05,0.0031899817841855986,0.23466719916581913,0.0015189680989285165,0.006196558739891834,0.4737595486956912
12.432,451,12,432000000,,18.31262207831275,0.9719414433144571,2.674266529664401e-05,0.003244402983953175,0.2352005610153125,0.0015781873298923957,0.006294201217519457,0.47485733957697845
12.442,452,12,442000000,,18.345161343081223,0.9718125432406082,4.04913697298029e-05,0.0033059704311371005,0.23573173252699373,0.0016373786502117981,0.006406520687902126,0.47595079954839353
12.452,453,12,452000000,,18.37300626775252,0.9716838658987449,5.4607639963285626e-05,0.0033673095443666648,0.23626070980276875,0.0016972854821646539,0.006518163587453418,0.47703989854040635
12.46,454,12,462000000,,18.396136022459135,0.9715554185116794,6.908155590832873e-05,0.0034283758624146414,0.23678747903400654,0.001757865604436024,0.006629047548042046,0.4781246064834873
12.48,455,12,467000000,,18.396348577758783,0.9714272177687907,8.472601480478384e-05,0.003486142740315877,0.23731203131801634,0.0018192597827242079,0.006732905749836433,0.47920489330810667
12.485,456,12,483000000,,18.45091351597237,0.971299230526731,9.817728267010148e-05,0.003553303628521957,0.23783433135845883,0.001880959539325919,0.006855996014190662,0.48028072894473506
12.491,457,12,492000000,,18.400399766373017,0.9711715490315673,0.00011674420628216518,0.003603337274297313,0.23835440982474837,0.0019445480604314356,0.006943320081035297,0.48135208332384255
12.507,458,12,502000000,,18.33554798095055,0.9710441355435266,0.00013624298679206415,0.003650429159647291,0.23887223076641662,0.002008619125493347,0.00702442409002723,0.4824189263758993
12.512,459,12,512000000,,18.237992546233148,0.9709170111459983,0.00015799140589786058,0.003690485736913043,0.23938778753533485,0.002073761137006749,0.007090727754788222,0.483481228031376
12.522,460,12,522000000,,18.204453655928273,0.9707901206614529,0.0001766390789477029,0.00374232361695056,0.23990103259199108,0.0021385903205948503,0.007181331521643411,0.4845389582207427
12.532,461,12,532000000,,18.161353741271856,0.9706635174986901,0.00019614212662115785,0.0037919208835065915,0.24041197695071165,0.002204082389277635,0.007267112656530208,0.4855920868744698
12.543,462,12,542000000,,18.12716625000188,0.9705371963033683,0.00021560212392845264,0.003843044103919474,0.24092059920093362,0.002270300108962741,0.007355814848578379,0.48664058392302767
12.552,463,12,551000000,,18.162211799924794,0.9704111153816114,0.00023129498242494624,0.003909821817052177,0.24142685629359217,0.002336841865356814,0.007476657117719209,0.4876844192968866
12.563,464,12,562000000,,18.0819025818786,0.9702854270187582,0.0002535849724467471,0.003950012976328865,0.24193082318541914,0.0024034300694484386,0.007542651531376426,0.4887235629265166
12.572,465,12,572000000,,18.135122138365283,0.9701599363814636,0.00026863242369025073,0.004022041297944028,0.24243235935149593,0.0024714540381072514,0.00767387159158722,0.4897579847423885
12.583,466,12,582000000,,18.128453340628045,0.970034810131104,0.0002874502858120461,0.0040799746442022,0.24293155067456534,0.0025400622228014063,0.007775851730753114,0.49078765467497226
12.593,467,12,591000000,,18.08964516134501,0.9699100351005104,0.0003080986365420515,0.004129909079813194,0.24342837290987535,0.0026084135725425407,0.00786136159464116,0.4918125426547383
12.603,468,12,602000000,,18.137806333072636,0.9697855086120056,0.00032395695349576046,0.004202394807050415,0.24392273821013877,0.002678545578053204,0.007992887342028597,0.492832618612157
12.612,469,12,612000000,,18.16291625154411,0.9696613378900243,0.00034129251577684895,0.004269465238341019,0.2444146987955623,0.0027490103710052925,0.008113125939781531,0.4938478524776987
12.621,470,12,622000000,,18.10564385663287,0.9695375922017038,0.0003639230438793658,0.004314751602817338,0.24490428290731583,0.0028191746857550745,0.008188466642852018,0.4948582141818335
12.632,471,12,632000000,,18.135072771605966,0.9694141097593951,0.000381505016004756,0.004383789147335061,0.24539136220746205,0.002891264583768951,0.008312273757038352,0.49586367365503203
12.642,472,12,642000000,,18.173466790117576,0.9692909737058527,0.0003986989363190777,0.004455871940616506,0.2458759738908364,0.0029642042346326013,0.008442112202366181,0.49686420082776406
12.654,473,12,654000000,,18.18889984338153,0.969168225313151,0.0004174166027885813,0.0045221181392713266,0.24635812804588272,0.0030373308781857333,0.008559823007766889,0.49785976563050066
12.667,474,12,663000000,,18.213302964870483,0.9690458381430532,0.000435749995496833,0.004591358927167282,0.24683778706423953,0.0031112875118009184,0.008683464515873254,0.4988503379937116
12.673,475,12,672000000,,18.25576364465114,0.968923808428737,0.0004532197514441976,0.004666283267482832,0.2473149284864875,0.0031864831313300032,0.008818484184073582,0.4998358878478673
12.683,476,12,682000000,,18.298052480192087,0.9688021633147913,0.0004708882917132868,0.004741750020151215,0.24778955270056027,0.0032624440038735505,0.008954392618255418,0.5008163851234381
12.693,477,12,692000000,,18.32195520879211,0.9686809316132748,0.0004898391171212176,0.004812492253481,0.24826166176997114,0.0033386541176411064,0.009080447199341155,0.5017917997508945
12.702,478,12,702000000,,18.34568206587379,0.9685600999895132,0.0005090480887269652,0.004883701188166529,0.24873122650976578,0.003415696727888553,0.009207213997653714,0.5027621016607066
12.713000000000001,479,12,712000000,,18.378337172950506,0.9684396644379017,0.0005279322284942711,0.004958071597431305,0.24919822462650285,0.0034937858039996716,0.009340202645020567,0.5037272607833445
12.723,480,12,722000000,,18.397155187198102,0.9683196604750767,0.000547931466952558,0.0050288677396771375,0.2496626632033645,0.0035723542851331218,0.009465648296609766,0.5046872470492789
12.733,481,12,732000000,,18.424896855363844,0.9682000668825577,0.0005675493572439324,0.005102865299930406,0.2501245072800124,0.003651882292715349,0.009597420379179596,0.5056420303889804
12.744,482,12,742000000,,18.4752197909458,0.9680808721628337,0.0005858769953350344,0.005184274358472396,0.2505837285219646,0.0037327280959559336,0.009744125397841637,0.5065915807329187
12.752,483,12,752000000,,18.38858348376396,0.9679622977704913,0.0006128467032888401,0.005224206659456153,0.25104047916335764,0.0038095920706054795,0.009806128663195735,0.5075358680115641
12.763,484,12,762000000,,18.347069841496108,0.9678441136818126,0.0006374670957853771,0.005277362940335334,0.2514945619443181,0.0038885938748168744,0.009894851762666643,0.5084748621553874
12.774000000000001,485,12,772000000,,18.341806365029676,0.9677263318303075,0.0006599402579096877,0.005342423295137079,0.251945965783239,0.0039694963238024236,0.010007635873614423,0.5094085330948586
12.782,486,12,782000000,,18.32702855454683,0.9676090238547322,0.0006829885269002739,0.005404769520429975,0.25239472844731803,0.004050220653622199,0.010114814584764681,0.5103368507604481
12.792,487,12,792000000,,18.33956272851143,0.967492142303236,0.0007045469038676382,0.005476582828167089,0.2528407902923926,0.0041329227374445375,0.01024100432259763,0.5112597850826263
12.806000000000001,488,12,802000000,,18.356464429275064,0.967375727919674,0.0007260981686100659,0.005550319358156691,0.2532841640694361,0.004216674741137225,0.01037085602786965,0.5121773059918633
12.812,489,12,812000000,,18.354685748748974,0.9672598249350246,0.0007491699811738221,0.005618008660568837,0.25372486632116814,0.004300390819699101,0.010488174325646242,0.5130893834186294
12.822,490,12,822000000,,18.375784897804483,0.9671443735050348,0.0007709350171373765,0.005694150261892975,0.2541628279460787,0.004385955101160686,0.010622444492270419,0.5139959872933951
12.832,491,12,832000000,,18.382823635286886,0.9670294411186902,0.0007937877518495162,0.005765836740190887,0.2545980852979148,0.0044714473820845445,0.010747480980155363,0.514897087546631
12.845,492,12,845000000,,18.398900033920487,0.9669149965727932,0.0008161740562549987,0.00584125405580794,0.25503059230923775,0.004558024384119144,0.010879908230259782,0.5157926541088066
12.852,493,12,852000000,,18.225137012711002,0.9668014080928239,0.0008515010864583667,0.005845528140742853,0.2554606467861313,0.00463335990824677,0.010868093585506718,0.5166826569103928
12.863,494,12,863000000,,18.240737517872418,0.9666879997757699,0.000874290361613902,0.0059210955248018525,0.25588764591842045,0.00472090556379189,0.011000485635112009,0.51756706588186
12.873,495,12,873000000,,18.256141818670923,0.9665751172673394,0.0008972688186486585,0.005997059097622786,0.25631186642540754,0.00480910683600639,0.011133484916043369,0.5184458509536785
12.883,496,12,883000000,,18.294501782504497,0.9664627224144916,0.0009189640932100586,0.0060826203883698055,0.25673325343121334,0.004899842559263101,0.011285634002319134,0.519318982056318
12.892,497,12,892000000,,18.33728635254292,0.9663508570637207,0.0009405680246535107,0.006170577777591476,0.2571518235476739,0.004991735594630878,0.01144239837015785,0.5201864291202497
12.903,498,12,903000000,,18.365992479577034,0.9662395660314784,0.0009633026910085053,0.006253495914015011,0.25756759670439733,0.005083321406865363,0.011588778631579028,0.521048162075943
12.914,499,12,912000000,,18.39912342224951,0.9661288196178494,0.0009859548042340791,0.006338782797126149,0.25798052567896657,0.0051760635305720575,0.011739716867119932,0.521904150853869
12.924,500,12,922000000,,18.381261419945236,0.9660187447601857,0.0010123765226257417,0.006403371918618468,0.25839070550970616,0.005265486908256927,0.011848654476298648,0.5227543653844975
12.933,501,12,933000000,,18.4093890573265,0.9659091403048028,0.0010357920746821951,0.006487658848972797,0.2587979329381792,0.005359358803800269,0.011997144059391406,0.5235987755982988
12.944,502,12,943000000,,18.39582047188054,0.9658002032935621,0.001062122600146533,0.006555074551637517,0.25920237308195915,0.00545020492034223,0.012111471370781052,0.5244373589057254
12.953,503,12,952000000,,18.39586914054094,0.965691814619502,0.0010875457085342236,0.006628870719369569,0.259603918487782,0.005542673073223842,0.012238535648728338,0.5252701226371618
12.962,504,12,962000000,,18.432591768526787,0.9655839227001156,0.0011108612295785468,0.006718729852714609,0.2600025247561108,0.005639496222893221,0.01239765919310358,0.526097081602972
12.972,505,12,972000000,,18.432177474735877,0.9654766969811378,0.001136682875372421,0.006793382356771706,0.2603983592394309,0.005733334082326271,0.012526051564633503,0.5269182506135216
12.982,506,12,982000000,,18.399140352262304,0.9653701335540164,0.0011648159480103315,0.006854245372014418,0.26079142579097186,0.005824511125598787,0.012626555022364629,0.527733644479176
12.992,507,12,992000000,,18.370416272866805,0.9652641458020248,0.0011926257426229916,0.006917535932087483,0.26118164975655156,0.005916378660947508,0.01273185887717015,0.5285432780103004
13.002,508,13,2000000,,18.392348905250053,0.9651586219920948,0.0012175232657521253,0.007003478906648101,0.26156892650814256,0.00601452639679014,0.01288235990694502,0.529347166017261
13.013,509,13,11000000,,18.344528791661077,0.9650538603477107,0.0012467441491669725,0.007058811303686204,0.2619535558834557,0.006105063479251442,0.012971451826453831,0.530145323310422
13.023,510,13,22000000,,18.37526090579277,0.9649494912042877,0.0012715757344026117,0.007149617673071636,0.26233517775332105,0.006205780014697067,0.01313125914642491,0.5309377647001491
13.033,511,13,31000000,,18.41040779190167,0.9648456983652665,0.0012963392325720583,0.007243089473689844,0.2627139804150354,0.006307855793612311,0.013296186329114673,0.5317245049968078
13.042,512,13,42000000,,18.28751538378083,0.9647429223116535,0.0013309554063495525,0.007263340382775168,0.26309041467480615,0.006390500014800736,0.013314582627559957,0.5325055590107644
13.052,513,13,52000000,,18.229346459663446,0.9646405856071802,0.0013625786048098484,0.007311237783209127,0.2634639060309007,0.006481918044201905,0.01338785275457965,0.5332809415523825
13.062,514,13,62000000,,18.20810064482766,0.9645387427583706,0.001392015819262627,0.007377261697956806,0.2638345163542874,0.0065787055963104,0.01349719560869826,0.5340506674320284
13.072,515,13,72000000,,18.228438604519326,0.9644373700955936,0.0014186175326250923,0.0074652414269820834,0.26420222720073344,0.006681674554211747,0.013650335705617038,0.5348147514600676
13.082,516,13,82000000,,18.253199899685786,0.9643365782205939,0.0014450897344558905,0.007556146566332592,0.2645671564471366,0.006786021288608776,0.01380912936259761,0.5355732084468651
13.094,517,13,93000000,,18.23610156516472,0.9642365153056358,0.001474566062554137,0.007625420851924673,0.26492946450518234,0.006884780039410234,0.013924556440610272,0.536326053202787
13.102,518,13,102000000,,18.2604530910696,0.9641369189778806,0.001501451586603096,0.007717133941760071,0.26528888584088467,0.006990499832188165,0.014084576314154587,0.5370733005381974
13.114,519,13,113000000,,18.23382160042311,0.9640380917480528,0.0015320301270475584,0.007781373739016449,0.26564574298338844,0.007088821418225725,0.014189602980747517,0.537814965263463
13.122,520,13,119000000,,18.243927092212854,0.9639397418476982,0.0015602688529944633,0.007866353026158315,0.2659997371009366,0.0071937072193012565,0.014335809434528599,0.5385510621889478
13.132,521,13,132000000,,18.18933783353443,0.9638422137658345,0.00159286609935397,0.007916218267061464,0.26635124033672797,0.0072883537004327665,0.01441194585424233,0.5392816061250183
13.142,522,13,142000000,,18.17600934380379,0.963745151693854,0.001622960937287174,0.00798886538185055,0.2666998811666346,0.007390348099052762,0.01453328518626883,0.5400066118820397
13.152,523,13,152000000,,18.176284180809144,0.9636486474125764,0.0016524445317613904,0.00806935568651741,0.2670457624935954,0.007495403061852816,0.014670016947603929,0.5407260942703767
13.17,524,13,168000000,,18.21772501495962,0.9635525939128318,0.0016793362597849562,0.008174451842786114,0.26738877487779844,0.007608683900368045,0.014855503617859754,0.541440068100395
13.173,525,13,172000000,,18.25892889023797,0.9634571416162675,0.001706449049796039,0.00828011665725437,0.2677290868926912,0.00772278760801083,0.01504191018349789,0.5421485481824606
13.183,526,13,183000000,,18.15759287812196,0.9633628377127843,0.0017437313324240168,0.008302071646030798,0.2680673011043984,0.007811685267418204,0.015061509337117779,0.542851549326938
13.193,527,13,192000000,,18.15247460429659,0.9632687793713428,0.001774535958510288,0.008380779458616807,0.26840244456085205,0.00791855030327697,0.015193891409318584,0.5435490863441932
13.204,528,13,201000000,,18.14252997887404,0.9631753512525316,0.0018059358346595908,0.008456499758741591,0.2687349418054038,0.008025007574528117,0.015320147411850296,0.5442411740445915
13.211,529,13,212000000,,18.13697356013755,0.9630825140301026,0.0018372015923867166,0.008535371668988814,0.26906475668552043,0.008132949479379993,0.015452496961085726,0.5449278272384975
13.223,530,13,222000000,,18.131224286919885,0.9629902848215829,0.0018686347998624624,0.008614854179815076,0.26939191493193,0.008241592735982432,0.015585882558625768,0.545609060736277
13.232,531,13,232000000,,18.125279749104408,0.9628986652688886,0.001900235393204731,0.00869478842641201,0.2697164254973423,0.00835085160820555,0.015719998387466537,0.5462848893482954
13.243,532,13,242000000,,18.11913651974685,0.962807659537817,0.0019320357378479836,0.00877464268865746,0.2700383002814698,0.008460500950981793,0.01585380320282853,0.5469553278849192
13.252,533,13,252000000,,18.117352923321338,0.9627172476286683,0.001963724784767604,0.008857443683769145,0.2703575236508873,0.008571577687218291,0.015993293868566832,0.547620391156512
13.262,534,13,262000000,,18.119914395723846,0.9626274272010082,0.0019953173270129813,0.008943544257585645,0.27067409947249194,0.008684306073146082,0.016139141179117862,0.5482800939734394
13.274000000000001,535,13,272000000,,18.117702139294742,0.9625382386704935,0.0020274424647045825,0.009027109078020304,0.27098808068963115,0.00879673883935153,0.016279768957429247,0.5489344511460676
13.282,536,13,282000000,,18.13347402680015,0.9624495746678311,0.0020584888083208202,0.009123635858677545,0.27129935148144996,0.008914179849606367,0.016445886881216003,0.549583477484762
13.292,537,13,291000000,,18.08534037232238,0.9623618261851038,0.0020941834121066456,0.009177360232920387,0.27160836871617905,0.009017373705791214,0.016527039189883606,0.5502271877998871
13.304,538,13,302000000,,18.07792761702447,0.9622745013113447,0.002127159115899174,0.009258682784155951,0.27191457502899785,0.009130357862065541,0.016662748634000548,0.5508655969018088
13.312,539,13,312000000,,18.074839843436084,0.9621877698429794,0.002160031269954199,0.009343277767556654,0.27221817167497236,0.009244968357728969,0.016804766603928198,0.5514987196008926
13.327,540,13,322000000,,18.062466761650906,0.9621016988404502,0.002193804647373524,0.009421794186712898,0.2725192435476663,0.009358045184002852,0.01693454982087729,0.5521265707075035
13.341,541,13,332000000,,18.054419392310045,0.9620162182966886,0.002227550746472393,0.009504083633233695,0.27281771596819426,0.009473166724096548,0.017071563782535645,0.5527491650320077
13.343,542,13,342000000,,18.064267956234882,0.9619312573157675,0.002260219996983717,0.00959982169490938,0.27311351308182863,0.009593606553942077,0.01723499710786116,0.553366517384769
13.352,543,13,352000000,,18.05125058030624,0.9618470322355201,0.0022946717034799165,0.009679338740908663,0.27340689724846795,0.009708658733057412,0.017366201226897245,0.5539786425761539
13.362,544,13,362000000,,18.038022999828208,0.9617634277505497,0.002329231350384647,0.009758594258097166,0.2736977412419318,0.009823811136649886,0.017496800134140202,0.5545855554165279
13.374,545,13,374000000,,18.020066958298585,0.9616804668848087,0.0023642920193826227,0.00983453624566889,0.2739860792673529,0.009938145331952863,0.0176207084416697,0.5551872707162557
13.385,546,13,385000000,,18.015441932204233,0.9615980439003226,0.0023986991678711864,0.009921332828050144,0.2742717910472943,0.010057208926897713,0.01776581198501169,0.5557838032857032
13.392,547,13,392000000,,18.01058923344154,0.9615162353867315,0.0024333603075204625,0.010008656115653086,0.27455497563894204,0.010177091724191945,0.017911746096790034,0.5563751679352353
13.402,548,13,402000000,,18.00100693874256,0.961435070848328,0.002468511438225192,0.010092653622379572,0.27483567697263855,0.010296128793259317,0.018050972541468726,0.5569613794752176
13.412,549,13,412000000,,18.01372146832026,0.9613543899816129,0.0025022623227526465,0.01019426385618449,0.2751137083657947,0.010422204637428458,0.018224796144628796,0.557542452716016
13.424,550,13,423000000,,18.044196045398547,0.961274212274807,0.002535005760309606,0.010310516475805144,0.2753890989332128,0.010554466847563686,0.018427284161083177,0.5581184024679945
13.432,551,13,432000000,,18.006917851318164,0.9611950667572707,0.002572392731805272,0.010373556537902139,0.27566250336575354,0.010666375894118592,0.018524857809904184,0.5586892435415199
13.444,552,13,443000000,,17.94252990766572,0.9611167062717745,0.002611991714277354,0.010415709726678409,0.27593362864187093,0.010771014451332866,0.018581021726599638,0.5592549907469564
13.452,553,13,452000000,,17.94530309434181,0.961038542934141,0.002647220224526012,0.01051184128935977,0.27620176033619537,0.010897069179179066,0.018743332942547226,0.5598156588946711
13.464,554,13,462000000,,17.92540658799102,0.960961145394112,0.0026840627265448504,0.01058940242064677,0.2764676064324533,0.01101599723538318,0.018869015429958814,0.5603712627950272
13.472,555,13,471000000,,17.918757029207235,0.9608842801940433,0.002720170998997521,0.010677918313520503,0.2767308851686083,0.011139603073553685,0.01901612310722687,0.5609218172583914
13.482,556,13,482000000,,17.90741711198134,0.9608080608156662,0.002756836058654953,0.010763077776110963,0.2769917440707757,0.01126245245492745,0.019156433731513742,0.5614673370951287
13.494,557,13,492000000,,17.904802424604522,0.9607323933851059,0.002793205630672688,0.010856490218757963,0.27725007289983045,0.011389341796663484,0.019312731260277983,0.5620078371156048
13.504,558,13,504000000,,17.897494795852857,0.9606573711357282,0.0028301190334674977,0.010946578851483325,0.2775059965483558,0.01151546727316742,0.01946230195506311,0.5625433321301843
13.512,559,13,512000000,,17.92118539692343,0.9605827433519318,0.0028650881844694063,0.011063770676167095,0.2777592076288325,0.011652953660228593,0.019664992551419163,0.5630738369492331
13.522,560,13,522000000,,17.908944069788,0.9605089837864718,0.0029025716412786075,0.011150517330471106,0.27801031115159963,0.011778392674619125,0.01980774967558203,0.5635993663831166
13.532,561,13,532000000,,17.896485258548058,0.9604358441220006,0.0029400674611659494,0.011237090528525735,0.27825900367362355,0.011903785467959675,0.019950131927756198,0.5641199352422006
13.542,562,13,542000000,,17.843764035577692,0.9603636208759496,0.0029802647018277698,0.011288268947076444,0.27850567086600037,0.01201466680832196,0.020022982346856778,0.5646355583368492
13.553,563,13,553000000,,17.817525932859663,0.9602918108928972,0.003019298260506153,0.011363981846485585,0.2787496756709266,0.012136987502572392,0.020143582819804988,0.565146250477429
13.562,564,13,562000000,,17.813287007159357,0.9602204499086866,0.0030569905976539353,0.011459642071992968,0.27899107331459033,0.012267881561803027,0.020303214027841552,0.5656520264743046
13.573,565,13,571000000,,17.81768595629618,0.9601496347278624,0.0030942240014821057,0.011563511997741891,0.27922999462819015,0.01240251337912864,0.02047883472036896,0.5661529011378417
13.582,566,13,582000000,,17.826267450520966,0.960079396412669,0.003131344605334202,0.011671766958363576,0.2794664865791916,0.012539419615449203,0.020662904528493183,0.5666488892784061
13.592,567,13,592000000,,17.8168863048929,0.960009913678481,0.0031696452380807474,0.0117638118596461,0.2797007896281861,0.012669560081401693,0.02081515052980766,0.5671400057063617
13.603,568,13,599000000,,17.807285915774962,0.9599410444403906,0.0032082998195510164,0.011856094034264901,0.2799327259275173,0.01280053801161745,0.02096762269034446,0.5676262652320757
13.612,569,13,612000000,,17.810706701688655,0.9598726751308914,0.003246504943504138,0.011961384807533183,0.2801621548607241,0.01293797064896361,0.02114529294951195,0.568107682665912
13.622,570,13,622000000,,17.813873545640984,0.9598049145322276,0.0032849917467796114,0.012067164584489415,0.280389226625949,0.013076253674317473,0.02132371110211578,0.5685842728182376
13.634,571,13,634000000,,17.81237531506033,0.9597378011147055,0.003323973974581613,0.012169106483484477,0.28061400028494615,0.013213366894287098,0.021494450803652084,0.5690560504994157
13.644,572,13,644000000,,17.828262049323552,0.9596711431454336,0.003361971306559699,0.012288383794214146,0.2808362330373287,0.013358362461083965,0.021698990706235804,0.569523030519813
13.652,573,13,652000000,,17.857105684674373,0.9596049726723372,0.0033993442829054524,0.012420976888380552,0.2810559734538787,0.013509693969093753,0.021929407937885375,0.5699852276897953
13.662,574,13,662000000,,17.872451098190847,0.9595395228880934,0.003437749199280833,0.012541278174547504,0.28127353632697377,0.01365614164464419,0.022135616047638654,0.5704426568197274
13.685,575,13,684000000,,17.891933736486425,0.9594746368292311,0.0034760839912546006,0.012666363811257115,0.2814887233075274,0.01380519257084243,0.02235101367390654,0.5708953327199741
13.685,576,13,684000000,,17.919956599949483,0.9594102714204189,0.003514115075112065,0.012800601707643862,0.2817014850584908,0.013958866065669229,0.02258411440639566,0.5713432702009014
13.693,577,13,692000000,,17.938892712914615,0.9593465880664528,0.0035528721865151765,0.012926745600031465,0.2819120435750739,0.014109417731297967,0.02280123931784666,0.5717864840728738
13.703,578,13,702000000,,17.94434344589086,0.9592836313913988,0.0035925482341470764,0.01304032163051295,0.2821204674487282,0.014254679447009835,0.02299369751538202,0.5722249891462591
13.712,579,13,712000000,,17.97154182578723,0.9592210655457227,0.003631232530338607,0.013176197181552619,0.2823263172137368,0.0144106704413314,0.023229475867114064,0.57265880023142
13.722,580,13,722000000,,17.985255981364592,0.9591592259179481,0.003670823344282898,0.013299476034658284,0.28253004854291375,0.01456132604804768,0.02344054102531898,0.5730879321387228
13.732,581,13,732000000,,18.00309904827523,0.9590979422100887,0.0037103909391370143,0.01342765176975316,0.2827314422122208,0.014714744966403208,0.023660985674131555,0.5735123996785328
13.742,582,13,742000000,,18.00306691419947,0.9590374319836412,0.0037510571108640488,0.01353871386211682,0.2829307986977272,0.01486061901338274,0.02384794800229422,0.5739322176612165
13.752,583,13,752000000,,17.971994034941215,0.9589778310812991,0.0037936742949252135,0.01361940220428709,0.2831283090995127,0.01499304626303549,0.023975513285191666,0.574347400897137
13.762,584,13,762000000,,17.93190624125525,0.9589189218658783,0.0038372583112851895,0.013691735848739959,0.2833236896302218,0.015122588211369982,0.02408648572165165,0.5747579641966613
13.773,585,13,772000000,,17.922316769503034,0.958860307192667,0.0038790762069507833,0.013795101871694002,0.28351641790646726,0.015266344470958428,0.02425796668076057,0.5751639223701546
13.782,586,13,782000000,,17.890484146563224,0.958802528528486,0.003921803773934531,0.013875712827801654,0.2837072352550442,0.015398937587670993,0.024385265552341794,0.5755652902279824
13.792,587,13,792000000,,17.809990381293435,0.9587458710674631,0.003967235342509655,0.013905807135440741,0.28389653799005804,0.015508004971437367,0.024414126857772788,0.575962082580509
13.806000000000001,588,13,806000000,,17.631909061539822,0.9586909118644302,0.004017053123036731,0.013828556891174081,0.28408514534741464,0.015564398448350895,0.02423462555612622,0.5763543142381002
13.813,589,13,813000000,,17.559008413342664,0.9586354369806723,0.004062937615629783,0.013861874858685341,0.28427001236185484,0.015676040865247126,0.024269408666377574,0.5767420000111226
13.823,590,13,822000000,,17.503474822661165,0.9585803980304465,0.004107312219575068,0.013912083972735865,0.28445246424957776,0.015794364936756372,0.024337434302108697,0.5771251547099397
13.83,591,13,832000000,,17.443339045944526,0.9585260321162659,0.004152724398780774,0.013955485907035945,0.2846328249668575,0.015910771640886306,0.02439180833262312,0.5775037931449191
13.842,592,13,842000000,,17.466929782950135,0.9584712531440409,0.004194058426946087,0.014098363447062433,0.284809590636477,0.01607603891059472,0.02463922900258026,0.5778779301264239
13.852,593,13,852000000,,17.454952884499022,0.9584174964763572,0.004237768451934127,0.014199520249584091,0.2849847669459215,0.016222098551440398,0.024805282100024913,0.5782475804648205
13.862,594,13,862000000,,17.39900194276108,0.9583648983587513,0.004283705159994157,0.014246595949296106,0.2851585628519335,0.016341562094867063,0.024866367093580474,0.5786127589704743
13.872,595,13,872000000,,17.343358915710702,0.9583129194157443,0.004328963082932135,0.014292038483107365,0.2853302405906133,0.016458759066361288,0.024924702717280582,0.5789734804537506
13.882,596,13,882000000,,17.29228262940462,0.9582614805568866,0.00437489670405878,0.014343149907381626,0.2854996833807116,0.016580457381426016,0.024993514943868356,0.5793297597250145
13.892,597,13,892000000,,17.24569475024628,0.9582105825120878,0.0044201665810306885,0.01439990662342856,0.28566691159194074,0.01670408155019698,0.025073522283093178,0.5796816115946316
13.902,598,13,902000000,,17.23766113285602,0.958159758350273,0.004463545717444722,0.014506632051398767,0.28583126467253345,0.016852647387799072,0.02525038339921391,0.5800290508729676
13.912,599,13,912000000,,17.237961144016158,0.9581094028632626,0.0045068424549750165,0.014624935507510609,0.2859933072249937,0.017007690717153263,0.025449469971844007,0.5803720923703879
13.922,600,13,922000000,,17.25505114339511,0.9580593883420755,0.004549912446941555,0.01476637353824799,0.28615286285281505,0.01717556571840985,0.025693011353519184,0.5807107508972565
13.932,601,13,932000000,,17.25909676690006,0.9580101354822053,0.004593558249245288,0.014891302834737856,0.28631054579924486,0.017335108726477286,0.025904566851398907,0.5810450412639401
13.942,602,13,942000000,,17.262892620430428,0.95796146246787,0.004637501653920378,0.015016721624128456,0.28646610284027163,0.017495517830718683,0.02611687607965746,0.5813749782808038
13.952,603,13,952000000,,17.262201600104135,0.9579134301395201,0.004681948476453249,0.015136955882879131,0.2866196299687132,0.017653930685089417,0.026318948344083798,0.5817005767582132
13.962,604,13,962000000,,17.25282526711633,0.9578661016363331,0.004727200977924369,0.015246270799083743,0.28677122612572037,0.01780762766816581,0.026499622871309997,0.5820218515065336
13.981,605,13,979000000,,17.06743529332107,0.9578220649019561,0.004780051806865689,0.015109305896209853,0.28692464510217874,0.017834410384607483,0.026204022541515506,0.582338817336129
13.982,606,13,982000000,,17.087100341104268,0.9577754729817656,0.004824207752313714,0.015259538512512194,0.28707144904797294,0.018009450464858776,0.02646372758996096,0.5826514890573662
13.993,607,13,993000000,,17.077352403662402,0.9577299108593849,0.004870074520756146,0.015368686948598644,0.2872168234642828,0.01816416831270588,0.026643719924958294,0.5829598814806104
14.002,608,14,2000000,,17.07567094055098,0.9576847921056408,0.00491575144135001,0.015490172470036917,0.2873599292075894,0.01832561987135298,0.026847450323901883,0.5832640094162276
14.012,609,14,12000000,,17.094492357422993,0.9576399107188,0.00496052081852418,0.015641952438354995,0.2875004764441516,0.018502777101483802,0.02710973221374032,0.5835638876745818
14.023,610,14,23000000,,17.05914821459961,0.9575964802199125,0.00500792071936423,0.015716071822949818,0.2876402386436209,0.01864026884064845,0.027221712954667847,0.583859531066039
14.033,611,14,33000000,,17.02379087857337,0.9575536412442629,0.005054555089396026,0.01578944336687803,0.2877779857648356,0.018775839486458303,0.027332701756346976,0.5841509544009634
14.047,612,14,45000000,,16.96381177988223,0.9575118043297024,0.0051025364199550095,0.015825708434337744,0.287914319970216,0.018892574197880957,0.027371836450028445,0.5844381724897235
14.054,613,14,52000000,,16.91615144734596,0.9574703323219138,0.005151370542752321,0.015880742026049485,0.28804830868727077,0.019021721480163744,0.027446437347966104,0.5847212001426818
14.062,614,14,62000000,,16.888803258010007,0.9574290947065075,0.0051988187016745084,0.01596602026036553,0.2881797825848133,0.01916563056478175,0.02757977202584335,0.5850000521702039
14.072,615,14,72000000,,16.89781355451238,0.9573877766804446,0.005244987901460952,0.016108172749614916,0.28830827587056396,0.019339903865811452,0.027822778048117384,0.5852747433826564
14.083,616,14,82000000,,16.817618109730475,0.9573486581266256,0.0052941445137021275,0.01610942828563647,0.2884371771067789,0.019438531818908294,0.027794201354291743,0.5855452885904039
14.083,617,14,94000000,,16.789988580472887,0.9573091444345873,0.005342744890566328,0.01619446699378931,0.2885626384300985,0.01958444106054393,0.02792641931786369,0.5858117026038131
14.083,618,14,102000000,,16.7702252416201,0.9572700495114866,0.00539102698953457,0.016292604181526962,0.28868588497752773,0.019737290955887693,0.02808390874020157,0.5860740002332465
14.114,619,14,113000000,,16.774237914142237,0.9572310635926088,0.005438216811932528,0.016429937609122876,0.28880646433456053,0.01991070174796946,0.0283170931936657,0.5863321962890717
14.122,620,14,122000000,,16.785970299181137,0.9571924782122111,0.005485269694163209,0.016580771473389957,0.2889248163237197,0.02009166452529136,0.02857620745811656,0.5865863055816531
14.133,621,14,132000000,,16.76552173500973,0.9571550735222514,0.005533348920919067,0.016679366119610413,0.28904211808347413,0.020244363949785807,0.02873469215029945,0.5868363429213577
14.142,622,14,142000000,,16.748896450427825,0.9571181573415625,0.005581233978479561,0.01678428265351826,0.28915734569638074,0.02040033426986634,0.02890539878040793,0.5870823231185496
14.153,623,14,152000000,,16.740002597758455,0.9570816381863212,0.0056292445763674905,0.01690279020814642,0.2892703668460816,0.020564402364587266,0.029102060724451807,0.5873242609835932
14.162,624,14,162000000,,16.74669385889804,0.9570453434388256,0.00567715226645312,0.017048680237083932,0.2893809306889063,0.020744132111559926,0.02935121498583204,0.5875621713268547
14.173,625,14,173000000,,16.721512586541394,0.9570102524678008,0.0057265769884841874,0.017141284951294612,0.2894905168355773,0.020895874716081474,0.02949746885533427,0.5877960689587007
14.18,626,14,182000000,,16.723729219084962,0.956975134682659,0.005775220711624696,0.017281452772407915,0.28959728903239623,0.02107368389361027,0.029735246380952478,0.5880259686894954
14.192,627,14,192000000,,16.733555450436654,0.9569403936217022,0.0058236799240912185,0.017435551426053214,0.289701862875876,0.021259218990639445,0.029999804753363963,0.5882518853296039
14.202,628,14,202000000,,16.703759272194745,0.9569070343056575,0.0058742260496868395,0.017522712440469997,0.28980575514195256,0.02140989778299189,0.030135005375526658,0.5884738336893913
14.213,629,14,212000000,,16.701263737281586,0.9568736338163518,0.005923463112597924,0.017657399999306527,0.28990684317054055,0.02158563756879541,0.030361960659373185,0.5886918285792245
14.225,630,14,223000000,,16.62033241606559,0.9568425188420915,0.005973819123231419,0.017654576139768598,0.29000866118502366,0.02168363608598573,0.03032502727208254,0.5889058848094684
14.232,631,14,232000000,,16.60960420240066,0.956810394306283,0.0060233279737125795,0.01777568611685886,0.29010621132725034,0.021851958102320337,0.030525853354197285,0.5891160171904878
14.243,632,14,242000000,,16.57142530411363,0.9567794271880767,0.006074348276633,0.017848547692323538,0.2902027900416274,0.021995111606658097,0.03063345172903551,0.5893222405326474
14.252,633,14,252000000,,16.564110866709218,0.9567482955212394,0.006124491584765974,0.017977409103766818,0.29029640435587056,0.022169110954243933,0.03084876788545708,0.5895245696463136
14.262,634,14,262000000,,16.564290706649068,0.9567175199133915,0.00617446407489064,0.018120639486595216,0.2903878535833655,0.022351125656747316,0.03109169691362097,0.5897230193418529
14.272,635,14,272000000,,16.56032583547358,0.9566873667646275,0.006224677211982093,0.018257253845982646,0.2904775522283483,0.02252974048696272,0.03132183137904165,0.5899176044296282
14.282,636,14,282000000,,16.556096417204728,0.9566577455160095,0.006274965414982815,0.018394210374235425,0.2905653726409518,0.02270868350430869,0.031552587511553196,0.5901083397200055
14.296,637,14,294000000,,16.540002485352982,0.9566289360198224,0.006325454504285424,0.01851014659526748,0.29065175359512047,0.02287575689889279,0.03174300533550175,0.5902952400233512
14.303,638,14,301000000,,16.523666623896943,0.9566006619144344,0.006375973078608234,0.018626184810271534,0.29073628227584625,0.023042921775608228,0.03193361515739294,0.5904783201500309
14.312,639,14,312000000,,16.518657513929536,0.9565726313015579,0.0064266183794960624,0.018764040060986968,0.2908185180170063,0.023223014180209566,0.03216592152345639,0.5906575949104085
14.325,640,14,321000000,,16.494107464858367,0.9565456071632727,0.0064780244963883885,0.018866272901574013,0.2908996396733303,0.02338378495838503,0.03232962250162435,0.5908330791148496
14.335,641,14,331000000,,16.43857045995827,0.9565198864644258,0.006531645637553681,0.018910916147015608,0.29098010525434215,0.02351519235154805,0.03238183574015332,0.5910047875737202
14.341,642,14,340000000,,16.40601182784728,0.956494123226672,0.006584177073004272,0.018998746486765444,0.29105787822535,0.023669644750221083,0.032517355731170684,0.5911727350973858
14.352,643,14,352000000,,16.380941572873148,0.9564686996689811,0.00663595490936226,0.019100909556464485,0.29113355339102576,0.023830977059398913,0.032680763027072145,0.5913369364962123
14.363,644,14,361000000,,16.344257941309557,0.9564441156975413,0.0066879279173495025,0.019180205219441304,0.2912079066499751,0.023979308212219885,0.03280031497446486,0.5914974065805633
14.373,645,14,370000000,,16.292244342462215,0.9564204673394919,0.006741726915907619,0.019229362961461282,0.29128108481739035,0.02411350451329107,0.03286115145657421,0.591654160160805
14.385,646,14,383000000,,16.26284685696063,0.9563967299420154,0.0067953425903839034,0.019323778844009862,0.2913515228147724,0.02427371684225382,0.033008724894964904,0.5918072120473029
14.388,647,14,395000000,,16.21061056444366,0.9563741558850062,0.006848810634041164,0.019371713301238155,0.29142118054787197,0.024406470254021574,0.03306746093054594,0.591956577050423
14.402,648,14,401000000,,16.180893050756026,0.956351490330277,0.006900988353725013,0.019464808198183102,0.29148812076070574,0.024563077162697115,0.03321339051270171,0.5921022699805301
14.413,649,14,413000000,,16.147223638242806,0.9563294535398595,0.006953701976853293,0.01954998647593376,0.2915534605347047,0.024716045959705193,0.033343882375196025,0.5922443056479877
14.423,650,14,421000000,,16.087219616888046,0.9563086949146936,0.007008255493824999,0.019580070535409166,0.2916182182637378,0.024840302500069945,0.033367905160912634,0.5923826988631649
14.433,651,14,432000000,,16.053374736017485,0.9562877045954652,0.007061485662945924,0.019664724969042736,0.29168006454274553,0.024993862014299133,0.03349714415847255,0.5925174644364248
14.444,652,14,442000000,,16.030552643170786,0.95626690310704,0.007114053350566864,0.019772988084808377,0.29173965998676665,0.025159911868711953,0.033671967677506985,0.5926486171781323
14.452,653,14,452000000,,15.985399561787073,0.9562472989723678,0.007166478917459355,0.01983237007649396,0.29179859815483267,0.02529707326033722,0.03375337241445975,0.5927761718986535
14.465,654,14,461000000,,15.932846909741484,0.9562284364930677,0.0072206166539169,0.019875181185562835,0.29185615825265965,0.02542776976200775,0.03380210056408488,0.5929001434083542
14.472,655,14,472000000,,15.913221575575804,0.9562090514421664,0.007274594082063903,0.01999168663939824,0.29191036755539485,0.025601210565427357,0.03399195020857149,0.5930205465175988
14.483,656,14,483000000,,15.911684260089388,0.9561895845522568,0.007328171123569328,0.020149613671426175,0.29196193137232557,0.025798081786288625,0.03426130993560999,0.5931373960367551
14.494,657,14,493000000,,15.898932239992822,0.9561709598840333,0.007382053792357291,0.02028320471672964,0.29201231542979844,0.02598126943298241,0.03448395539302345,0.5932507067761845
14.504,658,14,501000000,,15.882323587635135,0.9561529490275354,0.007435872326723933,0.020408762961415076,0.2920611721250742,0.026159598461455748,0.0346912966046972,0.5933604935462552
14.512,659,14,511000000,,15.88730135908734,0.956134708933864,0.007489771163351311,0.020584461115235254,0.29210717495547955,0.026367394558661193,0.03499454573856284,0.5934667711573317
14.522,660,14,522000000,,15.805278478568587,0.9561198769477007,0.007542881651800875,0.020559515933983107,0.29215610920612434,0.026456182399024437,0.03491441888924957,0.5935695544197805
14.534,661,14,534000000,,15.784633078484111,0.9561034759298945,0.007597383155874871,0.02067705001549689,0.29220007304347684,0.02663099455317614,0.0351060975283309,0.5936688581439644
14.543,662,14,543000000,,15.785232530668546,0.9560868204444616,0.007651834809110581,0.02084561185960411,0.2922411703758606,0.026835556184587283,0.035395457541053346,0.5937646971402515
14.56,663,14,560000000,,15.622954229932253,0.9560763925404776,0.00770642043235152,0.02062151126618547,0.2922897466282471,0.026810333063711375,0.03493356963743228,0.5938570862190049
14.568,664,14,567000000,,15.616110597751526,0.9560609850660863,0.007761186041294205,0.020773468409744034,0.29232793201459,0.027005665192161247,0.03519104545006367,0.5939460401905919
14.573,665,14,573000000,,15.609013432685147,0.956046051295601,0.007816205281629627,0.020925846526677554,0.29236443642178234,0.027201693045536674,0.03544920903324557,0.5940315738653776
14.583,666,14,582000000,,15.594690879500888,0.9560318441062141,0.007871674257680625,0.021061357107726334,0.292399673454047,0.027388659181097955,0.03567487291832971,0.594113702053726
14.592,667,14,592000000,,15.573185664791154,0.9560183669128233,0.00792769007442171,0.021179925627458233,0.2924336584694681,0.027566700366360865,0.03586783917515421,0.594192439566003
14.602,668,14,602000000,,15.548038124116722,0.9560054969547762,0.00798383100806663,0.021290011940960973,0.29246620937509976,0.027739964121935863,0.03604453969959606,0.5942678012125746
14.613,669,14,612000000,,15.52618275190358,0.9559929769015436,0.008039538366757333,0.02140889119739394,0.2924969287282725,0.027917507060476136,0.036238349649224476,0.5943398018038066
14.622,670,14,619000000,,15.511021889221183,0.9559806677882411,0.008095027846096142,0.02154543801766462,0.29252560134105593,0.02810494662901731,0.03646612010691743,0.5944084561500631
14.632,671,14,632000000,,15.468217633201595,0.9559699052753879,0.008149948662574565,0.021611313518938045,0.2925543875462297,0.02824981205014511,0.03655906758283406,0.5944737790617094
14.643,672,14,642000000,,15.449288069820534,0.9559586767651862,0.008205714730895798,0.021739110804939964,0.2925800499427807,0.028432555481088716,0.036770011502675407,0.5945357853491117
14.653,673,14,650000000,,15.41661222888781,0.9559484641541108,0.008262288118334363,0.021830996152207738,0.29260498301199267,0.02859573255739993,0.03691182251821758,0.594594489822636
14.662,674,14,662000000,,15.377135460060476,0.9559389927093584,0.008319799415421266,0.02190512588869765,0.2926287556193082,0.028750236310290254,0.03701915756201649,0.594649907292645
14.672,675,14,672000000,,15.337664987790168,0.9559299979908754,0.008376823368019756,0.021979087034122737,0.2926509653231509,0.028903654852004794,0.03712649481968813,0.5947020525695065
14.683,676,14,682000000,,15.311490957677096,0.9559209193039218,0.008433153053863595,0.022089122387213465,0.2926707170847095,0.02907685601791886,0.037303285324751446,0.5947509404635851
14.692,677,14,692000000,,15.281856482585576,0.9559124462861956,0.008489488766265714,0.022190025631744742,0.29268912924482027,0.029244659292151084,0.037462643427553746,0.5947965857852467
14.702,678,14,702000000,,15.242202245418452,0.9559048597519122,0.00854677781126635,0.02226348996291744,0.29270665982582766,0.02939813209686872,0.037568995971302206,0.5948390033448558
14.713000000000001,679,14,712000000,,15.114656497639174,0.9559016246408594,0.00860607276361015,0.022085714944787466,0.2927289543518555,0.029407948669671318,0.03719362303510023,0.5948782079527789
14.723,680,14,722000000,,15.104455328957044,0.9558936943264675,0.008662938274793495,0.022241996210223044,0.29274134018264214,0.029609093513169225,0.037458726991982993,0.5949142144193796
14.732,681,14,732000000,,15.094015806506643,0.9558862048398902,0.008719976678005628,0.022398631498827492,0.29275215919016917,0.029810728136331382,0.03772444890081107,0.5949470375550249
14.742,682,14,742000000,,15.089773621727202,0.9558788564697867,0.008777312318496402,0.022574479987473778,0.2927609321541582,0.030024158953130153,0.038026791987499343,0.5949766921700796
14.754,683,14,754000000,,15.072423484008604,0.9558725386698708,0.008834672500520828,0.022712979423343594,0.2927691222522273,0.03021566386442637,0.03825771996657748,0.5950031930749091
14.764,684,14,764000000,,15.058067005313019,0.9558665078663234,0.008892392776230463,0.02286124702460063,0.2927755247192519,0.03041353886302637,0.038507166506517074,0.5950265550798786
14.773,685,14,773000000,,15.027517707573299,0.9558616672704553,0.008950885480740366,0.022962529401649272,0.2927816198731309,0.03058525542522549,0.03866632796358662,0.5950467929953536
14.785,686,14,782000000,,15.00320752077972,0.955856963716825,0.00900965355018421,0.02308293725550986,0.2927857050209522,0.030768670530963677,0.0388619582558334,0.5950639216316995
14.792,687,14,792000000,,14.975574479638128,0.9558528539245734,0.009068507584760951,0.023193877444857677,0.2927885377939277,0.030946635793422855,0.03903947354142643,0.5950779557992814
14.802,688,14,802000000,,14.954128806681315,0.9558488789007981,0.009126993634176324,0.023323722730983903,0.29278938274680905,0.031134939952366762,0.03925341448354776,0.5950889103084651
14.812,689,14,812000000,,14.926257410238264,0.9558456601339875,0.009185203554049795,0.023433992034272808,0.29278926560929436,0.03131116562171218,0.03943011759601606,0.5950967999696153
14.821,690,14,822000000,,14.729606637892184,0.9558516275624594,0.009244330642782472,0.023003562256712608,0.2928020569611252,0.031171627487844408,0.038572030667104185,0.5951016395930986
14.833,691,14,833000000,,14.69920852238386,0.9558495035849375,0.00930214372838466,0.023102413850619462,0.29279937686538793,0.03134026914741794,0.03872721761779174,0.5951034439892785
14.842,692,14,842000000,,14.671685074649677,0.955847642876387,0.009360701018578171,0.023211602731528662,0.2927949493805,0.03151634593536451,0.038901790812239156,0.5951022279685225
14.852,693,14,852000000,,14.661940169341543,0.9558452321590319,0.009419639292864117,0.023381120217638537,0.2927874412808833,0.031728514569986654,0.039191592545052924,0.5950980063411939
14.862,694,14,862000000,,14.651957155667953,0.955843230352643,0.00947874487020199,0.023551014949634005,0.2927784522118251,0.031941166649831244,0.03948206877518195,0.5950907939176602
14.872,695,14,872000000,,14.62980187102131,0.9558422902646184,0.00953833342023053,0.023681385517210822,0.2927690699463295,0.03213147715942551,0.03969670657583996,0.5950806055082852
14.882,696,14,882000000,,14.598612620578685,0.9558422723095376,0.009598458274652834,0.023781176375610173,0.29275907452217703,0.03230479914221433,0.03985258413783902,0.5950674559234347
14.895,697,14,892000000,,14.582084738136965,0.9558418425465856,0.009658113921393267,0.023931366245027456,0.2927462768034396,0.03250675442930228,0.04010519881241155,0.5950513599734736
14.902,698,14,902000000,,14.559488565490401,0.955842161577371,0.009717686124785175,0.024061385956480125,0.29273260568876225,0.03269664645444546,0.04031933045321698,0.5950323324687681
14.912,699,14,911000000,,14.527996054794649,0.9558434128115749,0.00977663821302269,0.02416065067825881,0.29271838085227236,0.03286723425491175,0.04047504451262363,0.5950103882196839
14.922,700,14,922000000,,14.43901793140373,0.9558485631789618,0.009834373247954213,0.02405230532273228,0.29270855125909173,0.0329135480907106,0.0402343670582749,0.5949855420365847
14.934,701,14,932000000,,14.421941800883792,0.9558497857638605,0.009894477242057779,0.024203209477812744,0.2926900938300807,0.033116535390186164,0.04048829542796705,0.5949578087298376
14.943,702,14,942000000,,14.401821639865759,0.9558515788713535,0.009954775414510574,0.02434407871756992,0.29267051003983996,0.033313939522718675,0.04072296838569164,0.5949272031098067
14.952,703,14,952000000,,14.378688249412779,0.9558539432731776,0.010015053043211642,0.024474973674494516,0.2926498137796973,0.03350538528708813,0.04093862774927291,0.594893739986858
14.962,704,14,962000000,,14.358201481398577,0.9558565276878408,0.010075125533418057,0.024616580044532634,0.29262743259807544,0.033702662107773645,0.04117495473890607,0.5948574341713571
14.973,705,14,972000000,,14.292851164888726,0.9558623642399845,0.010132259418053837,0.024592077246846727,0.2926084545691007,0.03379675274457556,0.04109527878296166,0.5948183004736687
14.983,706,14,982000000,,14.272124839235923,0.9558657521322358,0.010191985503296391,0.02473410688394337,0.29258334075751724,0.0339934889682959,0.04133272878716341,0.594776353704158
15.003,707,14,992000000,,14.25397625231413,0.9558693468349492,0.010252139470119524,0.024886792800119878,0.2925565466055012,0.03419723143239951,0.04159037290410277,0.5947316086731914
15.003,708,15,3000000,,14.23563042649555,0.9558733246087819,0.010312566648567393,0.025039689313668793,0.2925283785029205,0.03440155234573527,0.04184831897341598,0.5946840801911343
15.012,709,15,12000000,,14.173419088502913,0.9558805962794097,0.010373082902585628,0.025025245764529365,0.29250371259531216,0.034507776396905124,0.04178612242410677,0.5946337830683502
15.024,710,15,22000000,,14.130510755397879,0.9558870076154775,0.01043247221208804,0.02508379030612069,0.2924756325907349,0.03465461775341902,0.04186427829961842,0.5945807321152068
15.032,711,15,32000000,,14.07436976539405,0.9558947694460945,0.010490194306873864,0.0250878171621984,0.2924478534697055,0.03476622230534581,0.04183916240471599,0.5945249421420676
15.044,712,15,42000000,,14.034393856883279,0.955901824780728,0.010550690872592581,0.025154339319160612,0.29241690018944166,0.03491974242278491,0.04193204415263955,0.5944664279592995
15.052,713,15,52000000,,14.018041500400304,0.9559075641416388,0.010612007290923698,0.025318292220257763,0.29238176789448717,0.035131923919993466,0.042210913028083615,0.5944052043772673
15.064,714,15,62000000,,13.954539518992751,0.9559171091529596,0.010673452448331084,0.02528634614481425,0.2923510878039053,0.03522937157384011,0.042114959515840066,0.594341286206335
15.072,715,15,73000000,,13.917236653889807,0.9559251663857427,0.010733551082458354,0.025362109096715116,0.2923159772809499,0.03538736496632219,0.04222592699038923,0.5942746882568709
15.082,716,15,82000000,,13.908106848148087,0.955931456001433,0.010795118673597483,0.025559526651997098,0.29227594399322204,0.0356194495511622,0.04256885944812585,0.5942054253392376
15.092,717,15,92000000,,13.898755158527097,0.9559380955906537,0.010856784327707748,0.0257572615436269,0.2922345823312992,0.035851830480508516,0.042912408568992574,0.5941335122638014
15.102,718,15,102000000,,13.873797904656394,0.9559462837606176,0.010917652967491615,0.025888530216535637,0.2921939277623232,0.036043636635035584,0.04312931453430379,0.5940589638409277
15.114,719,15,113000000,,13.846145605563725,0.9559550394331303,0.010978674358092584,0.026008590325890864,0.29215233102099486,0.03622909247726049,0.043324747767822025,0.5939817948809828
15.122,720,15,122000000,,13.820911898771048,0.9559639552009768,0.011040217773848195,0.026139921165805716,0.29210911397876,0.036422083665052486,0.04354150520348256,0.5939020201943305
15.132,721,15,132000000,,13.798056490072288,0.9559730224784863,0.0111021568989524,0.02628273665350615,0.29206427402121815,0.03662249123191306,0.043780071770696156,0.593819654591337
15.143,722,15,142000000,,13.767513285127919,0.9559830533093374,0.011164398462946331,0.026392235793260544,0.2920191909483867,0.03680387742504418,0.043954775335099915,0.5937347128823677
15.153,723,15,152000000,,13.736879240512588,0.9559934380455187,0.011226651917180721,0.02650212852206383,0.2919728512797716,0.036985447020359524,0.0441302892139062,0.5936472098777883
15.162,724,15,162000000,,13.718544744360955,0.9560031454942092,0.011288856818136187,0.02666835919810479,0.2919235278880386,0.037199862683210336,0.04441370487749324,0.5935571603879629
15.172,725,15,172000000,,13.682708461313515,0.9560146586165611,0.011350047472566953,0.026756030515093742,0.29187542507670317,0.03736623524088239,0.044547447317418574,0.593464579223258
15.183,726,15,182000000,,13.63214961849042,0.9560278129508685,0.01140869069107573,0.02677517167263487,0.2918282933901294,0.03748752479966163,0.04455159670080563,0.5933694811940382
15.193,727,15,192000000,,13.601159156255386,0.956039635925599,0.011469537938172613,0.026884854361757984,0.2917770875937314,0.037666002073710264,0.044727788058133676,0.5932718811106696
15.202,728,15,202000000,,13.57249892230213,0.9560515849114819,0.011531160007954443,0.027006269035756855,0.2917242889611396,0.03785276016201156,0.0449260449383536,0.5931717937835175
15.212,729,15,212000000,,13.531737623197671,0.9560649338866292,0.01159281676374074,0.027071258914144792,0.29167206882497493,0.03800647449513842,0.045016363563656826,0.5930692340229468
15.222,730,15,222000000,,13.481560298216774,0.9560795001852175,0.01165305440377756,0.027090337666289772,0.2916201454868539,0.03813053361606619,0.04501970807261221,0.5929642166393229
15.247,731,15,242000000,,13.434000871640995,0.9560942490539532,0.011711152892481426,0.027119102514937436,0.29156678497845157,0.03825611391534917,0.04504289894516767,0.5928567564430116
15.248,732,15,247000000,,13.419115586536442,0.9561062781946623,0.011773842945570583,0.027309716539016506,0.29150701672790447,0.038485136385592124,0.04537323415245404,0.592746868244378
15.252,733,15,252000000,,13.397042436194623,0.9561192894969739,0.011835627846319356,0.027465723586443024,0.2914471756479353,0.038692090071921946,0.04563793658726975,0.5926345668537872
15.261,734,15,263000000,,13.324237160655056,0.9561375043328344,0.01189491270973984,0.027365226039811882,0.2913944547578023,0.03874412231978364,0.04541322278773627,0.5925198670816052
15.272,735,15,272000000,,13.17790236633006,0.9561638164415341,0.011953787707691163,0.02684700670062386,0.2913539107659551,0.03855103260556569,0.044389283246741934,0.5924027837381971
15.283,736,15,283000000,,13.151578600552837,0.956178366356286,0.012017969841833651,0.026977185600262448,0.29129148901091123,0.03874731653698601,0.044603325778325674,0.5922833316339283
15.293,737,15,291000000,,13.13371340316434,0.9561923321189285,0.012081645971255307,0.027156350811464555,0.29122635601571956,0.038971195243479854,0.04491149791190174,0.5921615255791641
15.306,738,15,303000000,,13.087989047368117,0.9562096102615935,0.012145309314549598,0.02717511612220537,0.2911652207403387,0.03910120312769758,0.04491272884339506,0.592037380384269
15.313,739,15,312000000,,13.055115785145365,0.9562258708842339,0.012208145752529907,0.02726635996922026,0.29110065380036926,0.03927193399953098,0.04505323911594455,0.5919109108596103
15.323,740,15,321000000,,13.026369790453545,0.9562419978128714,0.01227121977917734,0.027381861870031735,0.29103417741651894,0.03945722479800922,0.045240114224280016,0.5917821318155521
15.333,741,15,332000000,,12.997544406148538,0.9562584440473672,0.012334618480818958,0.027497152029609992,0.29096658228274525,0.03964293871634227,0.045426465854721765,0.5916510580624592
15.342,742,15,342000000,,12.970699499002764,0.9562749510055598,0.012398434621884398,0.027625716734582927,0.2908974332529272,0.03983713002450016,0.045638057304636666,0.5915177044106978
15.354,743,15,354000000,,12.941727716691611,0.9562919980190561,0.01246254896100778,0.027742114109598356,0.29082756833361956,0.04002470874293023,0.04582625569766333,0.5913820856706336
15.362,744,15,362000000,,12.890756322940202,0.9563120082977618,0.012525663162304572,0.02771968380208374,0.29076119011614787,0.04012924692412717,0.04574933675361454,0.5912442166526312
15.373,745,15,372000000,,12.85794139596525,0.9563301759009638,0.012587357309153006,0.02781125308085326,0.29069001926326316,0.040297567358123405,0.04589154932435394,0.5911041121670564
15.382,746,15,382000000,,12.80980869475476,0.956350625133627,0.012645319582666053,0.027800919719961584,0.29062120803874075,0.04039920891113807,0.04584091104584669,0.5909617870242745
15.394,747,15,392000000,,12.790498870013392,0.95636769509647,0.012708846255022029,0.027981632867847647,0.29054491085679063,0.040622919529147226,0.046152861444326725,0.5908172560346506
15.404,748,15,404000000,,12.754001333716186,0.9563872688408793,0.012770345928228441,0.028048054878107104,0.29047137015807856,0.04077599118910132,0.04624724934615526,0.5906705340085504
15.414,749,15,412000000,,12.732504862727057,0.9564051601286293,0.012834162916986662,0.02821653081770361,0.29039332177266847,0.04099294969640601,0.04653575525124633,0.5905216357563396
15.423,750,15,422000000,,12.703403322315022,0.956424326127454,0.012897776014398284,0.028334193646713322,0.2903159128189813,0.04117980137158977,0.04672716727514547,0.5903705760883831
15.433,751,15,431000000,,12.685313224393356,0.9564422817071999,0.012962094307666885,0.028528563470065327,0.2902348479080673,0.04141263833568606,0.04706511967169086,0.5902173698150459
15.443,752,15,442000000,,12.667043861120154,0.9564605059778458,0.013026463743179884,0.028723162072525066,0.29015270411889377,0.041645608107211476,0.04740356431176327,0.5900620317466936
15.452,753,15,452000000,,12.646749090854211,0.9564792507205935,0.01309080551398561,0.028905204549239946,0.2900699276070057,0.041871110053528,0.04771806581699445,0.589904576693692
15.463,754,15,462000000,,12.615281921549808,0.9564998019885397,0.013154621112504332,0.029010506627786713,0.289988750203297,0.04205080715731645,0.0478860023066492,0.5897450194664062
15.473,755,15,472000000,,12.576602620403847,0.9565217035784667,0.013217380608011465,0.029062878258117007,0.28990840025871095,0.04219758320091496,0.047953264409407226,0.5895833748752022
15.486,756,15,484000000,,12.534567284605231,0.9565444547359925,0.01327969394298479,0.029087322536357294,0.2898280240250581,0.04232718611077568,0.047967371561774774,0.5894196577304437
15.493,757,15,492000000,,12.511979596100991,0.9565645842688076,0.013344095229169723,0.02925628390565867,0.2897416109177103,0.042544850680359805,0.048257098392902244,0.5892538828424978
15.503,758,15,502000000,,12.470115202396652,0.9565879008577547,0.013408993379491899,0.02927998374081559,0.28965922975324077,0.04267884473094367,0.04826841974808182,0.589086065021729
15.513,759,15,512000000,,12.420004712889293,0.9566128231641021,0.013475369882548792,0.029237115864486404,0.28957816219539284,0.042776894355223534,0.048151459080658085,0.5889162190785026
15.522,760,15,522000000,,12.400490668932253,0.956633241045452,0.013540228695617596,0.029432952587526387,0.28948783331208405,0.043010834258020395,0.04849262182943768,0.5887443598231838
15.532,761,15,532000000,,12.372409901871611,0.9566552626061701,0.013604932143312872,0.029562218387989773,0.2893988417276001,0.043205667086122924,0.04870645597205387,0.5885705020661396
15.543,762,15,542000000,,12.34091167016868,0.956678105348901,0.01366903566806893,0.02966437473516437,0.2893098426972612,0.04338350987948574,0.04886879126760119,0.588394660617733
15.553,763,15,551000000,,12.314306518360352,0.9567003933032606,0.013733303157627743,0.029806682740493622,0.2892184563643454,0.043584924062262206,0.049108016468344305,0.5882168502883313
15.578,764,15,560000000,,12.268051576236637,0.9567262704375121,0.01379641078774395,0.029786757343505547,0.2891318930714208,0.04368978026820707,0.04903723232131381,0.5880370858882981
15.578,765,15,578000000,,12.249386609956508,0.9567476865465835,0.013861450870788446,0.02999693521241357,0.2890361713443142,0.043931941032736906,0.04940617273509982,0.5878553822280006
15.582,766,15,582000000,,12.227328661530162,0.9567698945913521,0.013926415766976775,0.030180252639428154,0.28894043693840854,0.0441582518080196,0.04972379240445365,0.5876717541178029
15.592,767,15,592000000,,12.201899318690787,0.9567929028735388,0.01399137677582328,0.03033668802607854,0.28884471216616087,0.044368848949324476,0.04999000344356551,0.5874862163680706
15.602,768,15,602000000,,12.173138208612631,0.9568167187656125,0.014056382997282728,0.03046619114971725,0.28874901901905964,0.044563810164962664,0.05020467606487804,0.5872987837891696
15.612,769,15,612000000,,12.142686411821174,0.9568410673465043,0.014121260312370638,0.030582170698845862,0.2886528930770292,0.04475059395992951,0.0503935949223388,0.5871094711914647
15.622,770,15,622000000,,12.116883438565175,0.9568648046678886,0.014186080610502942,0.03073889532046324,0.2885543640620829,0.0449608179424831,0.05066069057160536,0.586918293385322
15.632,771,15,632000000,,12.0925219696065,0.9568884887688816,0.01425087591363233,0.030909311818048218,0.28845441067911404,0.04517883738540174,0.05095411934600861,0.5867252651811056
15.643,772,15,642000000,,12.053940589083327,0.9569150592561441,0.014313206828502019,0.03095611843172772,0.28835814573327995,0.04532039119567418,0.051012213755062534,0.5865304013891823
15.653,773,15,653000000,,12.020090284678286,0.9569410261094476,0.014375256592210586,0.03104302395999212,0.28825952752671524,0.045484583834490146,0.051147374855502595,0.5863337168199159
15.662,774,15,662000000,,11.978729451055147,0.9569687405842295,0.014435687644534413,0.03106007693701081,0.28816264866830016,0.04560514305405048,0.051149694275631104,0.5861352262836734
15.673,775,15,673000000,,11.930272370976382,0.9569981671664464,0.01449652837717124,0.03100805296037385,0.2880674562609927,0.04568644260291111,0.051019474548298444,0.5859349445908191
15.684,776,15,684000000,,11.851426800116048,0.9570345505097932,0.014544365817736628,0.03064302871234153,0.28798322059594517,0.045561637642493026,0.05029701192624795,0.5857328865517187
15.695,777,15,695000000,,11.804972104125891,0.9570646132515852,0.014602534133286042,0.030583733382880174,0.2878866570559406,0.045633634522250645,0.05015449285362344,0.5855290669767372
15.703,778,15,702000000,,11.784279348085459,0.9570891443980878,0.014667966665740044,0.030796288365422652,0.2877790976637163,0.045876782862421445,0.05052881676680373,0.5853235006762411
15.714,779,15,712000000,,11.752738397072749,0.9571163195043964,0.014730966882285444,0.030894656170903975,0.28767493768688446,0.046049124854526724,0.05068579885955149,0.585116202460594
15.72,780,15,722000000,,11.722490573932559,0.9571434134249786,0.014794030248102302,0.031007491771829397,0.2875693972943204,0.04622987693167072,0.05087055004702503,0.5849071871401632
15.732,781,15,731000000,,11.693499485244278,0.9571704250470944,0.014857100345468902,0.031134594996865498,0.2874624862114547,0.0464188070303069,0.051082722403887476,0.5846964695253122
15.743,782,15,741000000,,11.668326520460464,0.9571967219984701,0.014921253004847411,0.03130472075575563,0.28735310345035986,0.04663457971616743,0.05137681465863737,0.5844840644264084
15.752,783,15,752000000,,11.63660527707327,0.9572247973187987,0.01498289817887448,0.031402868648864324,0.2872456440066033,0.04680387852686127,0.05153447254479866,0.5842699866538147
15.762,784,15,762000000,,11.59481661235138,0.9572556230949174,0.015040853405585752,0.03138493948727466,0.28714182968591184,0.04689902100332434,0.051471828071803026,0.5840542510178988
15.772,785,15,772000000,,11.535316693902903,0.9572913711213265,0.015096830610857662,0.031147909181223753,0.28704550899778253,0.046863906355742876,0.050990387650590094,0.5838368723290248
15.782,786,15,782000000,,11.51230749752957,0.9573179290108325,0.015162042094618293,0.031346953560254305,0.28693181032507165,0.047098109204233574,0.051339607087834874,0.583617865397558
15.793,787,15,792000000,,11.468407119961418,0.9573505125864602,0.015219523177224657,0.031277605237507146,0.286827602533833,0.04716260931651393,0.05117884310016922,0.5833972450338649
15.803,788,15,802000000,,11.417681178350982,0.9573856322822146,0.015274642058374574,0.031099881501036406,0.2867267580470894,0.04716010547703224,0.050811723961553285,0.5831750260483088
15.815,789,15,813000000,,11.382742000741947,0.9574163787654848,0.015337642567890695,0.031133933413680308,0.2866170137696608,0.04729478025977808,0.05084612310351121,0.5829512232512569
15.823,790,15,822000000,,11.347984938005542,0.9574473469964814,0.015400377677259703,0.031167459708045707,0.2865065366656483,0.047428597002428734,0.05087973509960288,0.5827258514530751
15.832,791,15,832000000,,11.322442532322988,0.9574756114681862,0.01546506837001876,0.03133649468297026,0.286390134615209,0.04764414338363768,0.051172102943199786,0.5824989254641265
15.843,792,15,842000000,,11.283867560673823,0.9575083743159452,0.01552466558637082,0.03130652312658479,0.286280630645861,0.047735275493597996,0.05108591153651692,0.5822704600947776
15.854,793,15,847000000,,11.249454902131117,0.9575400502686728,0.015585854948708022,0.031336129701958114,0.28616809785908615,0.047863720971250544,0.05111310250090948,0.5820404701553946
15.862,794,15,862000000,,11.201963885529567,0.9575765532433046,0.015645378741353883,0.03114916444710269,0.2860630985586215,0.047864366730593334,0.05072603933956439,0.5818089704563413
15.875,795,15,873000000,,11.16900360492859,0.9576083222532029,0.015707620913681792,0.031192667069398747,0.2859485781005656,0.04800277933293622,0.050779391451081894,0.5815759758079846
15.883,796,15,882000000,,11.124618502339489,0.9576451622459203,0.01576045441024738,0.03101026293561729,0.285842115330179,0.047993277363790623,0.05040499428273065,0.5813415010206886
15.897,797,15,895000000,,11.090241068838536,0.9576784889374551,0.01581861933627942,0.031000401223511255,0.2857282944210251,0.048093169001779,0.05035846248707445,0.5811055609048187
15.902,798,15,902000000,,11.065328341548847,0.9577078592126642,0.0158832946874227,0.031183651952914154,0.2856062975549523,0.0483164124109654,0.0506786095057098,0.5808681702707412
15.913,799,15,913000000,,11.0350042032127,0.9577398130299317,0.015944670847468333,0.03125483565604109,0.285487921385601,0.04846889104963131,0.05078580733569216,0.5806293439288215
15.924,800,15,924000000,,11.007686508635674,0.9577705598275114,0.016007841419563584,0.03139029105690508,0.2853663493969537,0.04866163024794823,0.05101532029286206,0.5803890966894241
15.932,801,15,932000000,,10.979600686395148,0.9578018296581856,0.01607018751708677,0.0315096788591108,0.2852447095298934,0.04884348406477189,0.05121456997349381,0.5801474433629145
15.942,802,15,942000000,,10.950805671140877,0.957833633660069,0.016131381959054107,0.031612729027809726,0.2851230332839743,0.049013680709060564,0.051383220766968746,0.5799043987596579
15.953,803,15,949000000,,10.908399246715803,0.9578731851431094,0.016175303405107408,0.03137097815842714,0.28501435485415605,0.04895306261342541,0.0509004266205895,0.5796599776900214
15.964,804,15,962000000,,10.875845792289573,0.9579079264733059,0.01623127228384502,0.03135611774201064,0.2848960232783332,0.049045616013270836,0.05084600360409366,0.5794141949643679
15.964,805,15,971000000,,10.84700615356515,0.9579406833569657,0.016292001091057266,0.03144012767123604,0.28477313117998837,0.04920389638402013,0.050978584236143314,0.5791670653930647
15.983,806,15,982000000,,10.822727346498233,0.9579707186219717,0.016357532162798134,0.03165631561763056,0.2846443589568622,0.049446985434507595,0.051362068070871174,0.5789186037864764
15.996,807,15,996000000,,10.794918485478195,0.9580030731610062,0.0164194100104582,0.03177333800051407,0.28451883906216335,0.0496261999149265,0.05155748637907656,0.5786688249549679
16.002,808,16,2000000,,10.768739673003942,0.9580344896024139,0.01648299100143166,0.031939964894706095,0.28439069320639526,0.049836974330230994,0.051847183000396875,0.578417743708904
16.012,809,16,12000000,,10.735435617788083,0.95807088724307,0.016536936900602518,0.031889115469756334,0.2842706264280197,0.0499048227813468,0.05172519748744864,0.5781653748586533
16.022,810,16,22000000,,10.706040615843813,0.9581049000484829,0.016594954132942152,0.031953602263761996,0.2841453418635986,0.050046394815486804,0.051822240017005465,0.5779117332145777
16.034,811,16,32000000,,10.67148304336017,0.9581432032264274,0.016644468359619583,0.031831834749105566,0.284026931963383,0.05006520003789244,0.05156680847629836,0.5776568335870429
16.044,812,16,44000000,,10.641616010626318,0.9581782502406272,0.016701801560024602,0.0318636999712432,0.28390173513841405,0.05018676476097953,0.05160176500071469,0.5774006907864163
16.054,813,16,54000000,,10.615305076225155,0.9582104593863895,0.016764934010746593,0.0320304514092679,0.2837705106114061,0.05039640553510073,0.05189232560588139,0.5771433196230628
16.063,814,16,62000000,,10.589343306073996,0.9582424255932132,0.016828732127622103,0.032213999529406546,0.28363798370904325,0.050616804462167146,0.052214829880235604,0.5768847349073458
16.073,815,16,73000000,,10.56287248020887,0.9582748907472441,0.016891680519274907,0.0323810203329076,0.2835055103781789,0.05082603711057655,0.0525061908249233,0.5766249514496333
16.085,816,16,80000000,,10.53428674706276,0.958309367618671,0.01695030160770684,0.03246503974905575,0.28337583595607235,0.05097954686874796,0.05264080002784696,0.5763639840602888
16.093,817,16,93000000,,10.507307708820303,0.9583424786666037,0.017011857549290833,0.03261552536228924,0.2832428600886788,0.05117649895515678,0.052901383593772784,0.5761018475496777
16.103,818,16,102000000,,10.47838999985527,0.9583776442798334,0.017068098911011156,0.03268216921597622,0.28311278098937803,0.05131540198990222,0.05300414195359866,0.5758385567281664
16.112,819,16,112000000,,10.450998643681752,0.9584114288550564,0.017127922532652377,0.032815070482994604,0.28297939582047477,0.05149884724761186,0.05323211554702718,0.5755741264061188
16.124,820,16,122000000,,10.422553709567905,0.9584465324948306,0.01718446260798214,0.03289642961486351,0.2828475976778035,0.0516465711539612,0.05336309255227049,0.5753085713939013
16.133,821,16,132000000,,10.39416209289504,0.9584817842391865,0.017241207979974457,0.032976972272590485,0.28271527961677256,0.05179416204494969,0.05349245585972457,0.5750419065018799
16.142,822,16,142000000,,10.367368114959726,0.9585151802766634,0.01730316330372792,0.033142905245103514,0.2825788342229368,0.05200024412497836,0.053782865101124386,0.5747741465404195
16.152,823,16,152000000,,10.338964921178441,0.9585506840923528,0.017360556601937405,0.03322312508733147,0.2824454302338504,0.052148750536928155,0.05391139002694663,0.5745053063198856
16.166,824,16,161000000,,10.311162357328165,0.9585855089600387,0.017420068439619282,0.033337667070390944,0.2823100479644433,0.05232076098089243,0.05410468145724589,0.5742354006506427
16.173,825,16,173000000,,10.28507618812665,0.9586180387038413,0.01748478957292539,0.03355513463059613,0.28216979098605416,0.0525611420172537,0.05449272081549907,0.5739644443430558
16.185,826,16,184000000,,10.250012696106625,0.95866446452783,0.01751818492955997,0.0331838382397594,0.28205387876790544,0.05240707109089073,0.05376809260184861,0.5736924522074915
16.193,827,16,192000000,,10.222489645613104,0.9586997441019265,0.0175769390422544,0.03329547637859259,0.2819171210223462,0.052575840223231134,0.053956425975086375,0.5734194390543148
16.203,828,16,203000000,,10.193017731567943,0.9587396783863917,0.01762586795582178,0.033211956808784325,0.2817880831250559,0.05261500101730309,0.05377563697819451,0.5731454196938909
16.214,829,16,213000000,,10.163330839824585,0.9587821063636957,0.017671715334548792,0.03302421813640959,0.2816628907229498,0.0525891977940337,0.053396496273103715,0.5728704089365859
16.222,830,16,222000000,,10.13685414361805,0.9588152930145001,0.017736240107209353,0.0332418704946455,0.28152022611953686,0.05282900388923239,0.053785335457329955,0.5725944215927639
16.232,831,16,232000000,,10.10995143610587,0.9588497924512676,0.0177981513634263,0.03340664225705859,0.28137927709288474,0.05303371845644719,0.05407419052689351,0.572317472472792
16.243,832,16,243000000,,10.080471702482123,0.9589045805653297,0.017806600558567615,0.032703431991145566,0.28127462715889806,0.052644392874759395,0.052726278584862576,0.5720395763870338
16.254,833,16,254000000,,10.053969721359346,0.9589458612093108,0.017849920742378074,0.03258597664473956,0.2811447487063072,0.0526537621245116,0.05248364324539766,0.5717607481458558
16.265,834,16,265000000,,10.027281094041847,0.9589807882876306,0.017910759921143916,0.03275067221703399,0.28100257266369305,0.05285635491920105,0.052773083768155836,0.5714810025596228
16.272,835,16,272000000,,10.000848600031054,0.9590191054999888,0.017961312970363894,0.032772649006615015,0.28086598227530407,0.05295843230634012,0.05279427103915939,0.5712003544387001
16.285,836,16,281000000,,9.975036503006255,0.9590597232927358,0.018003960754471218,0.032700004014311126,0.28073299466268076,0.05299184834930884,0.05263820675461034,0.5709188185934532
16.293,837,16,293000000,,9.948634848964554,0.9590962788358341,0.0180602507561513,0.03280731877026516,0.28059193698498686,0.05315309748039385,0.052820190939377946,0.5706364098342486
16.305,838,16,303000000,,9.921607019997762,0.9591303557986393,0.01812433766482649,0.03302512665815773,0.28044573446390625,0.05339161053867771,0.053210122154800976,0.5703531429714495
16.314,839,16,313000000,,9.895053521064343,0.9591666574435618,0.01818231738457317,0.03315024542142748,0.28030302854512823,0.05356597772514602,0.05342551458356989,0.5700690328154215
16.322,840,16,322000000,,9.868495175205961,0.9592030452295564,0.018240704108151738,0.033274948058043624,0.280159905353566,0.05374081162796813,0.053639953986195275,0.5697840941765333
16.339,841,16,332000000,,9.842763863024663,0.9592421317762276,0.018293848937237137,0.03328691831150103,0.280021157746666,0.05384195935451807,0.053640819534572205,0.5694983418651469
16.342,842,16,342000000,,9.816721854222285,0.9592799990998759,0.018350509854279048,0.03335473731417125,0.2798796234343129,0.05398130227842897,0.053747070401630896,0.5692117906916276
16.352,843,16,352000000,,9.79005682932745,0.9593162031448945,0.018410663288683408,0.03349744701690267,0.279734500740048,0.05416947405739882,0.0539953253283637,0.5689244554663417
16.362,844,16,362000000,,9.764464570402101,0.9593551367512572,0.018465186770874144,0.033526731035700356,0.27959384251544767,0.054282904314907475,0.05402886049583706,0.5686363509996555
16.373,845,16,373000000,,9.742619824547573,0.9594013850174768,0.01850253989397781,0.033246718043032836,0.2794660877161769,0.054189333110862804,0.053477716008218136,0.5683474921019334
16.382,846,16,382000000,,9.717435335791444,0.9594401665743368,0.018556656353701167,0.03329040045948467,0.2793241244612191,0.0543101033629053,0.05353922538762845,0.5680578935835405
16.396,847,16,396000000,,9.695343091066908,0.9594835436377894,0.018599021944702893,0.033140293984348264,0.27919012659046827,0.05429936080668154,0.053234947555692747,0.5677675702548421
16.403,848,16,402000000,,9.667753400100876,0.9595184364414208,0.018662321718330193,0.03335806483809978,0.27904001037010767,0.05453553913944637,0.05362598630150587,0.5674765369262046
16.412,849,16,412000000,,9.641353545155049,0.9595551915377507,0.018720738489709433,0.033498432874754125,0.27889285279168763,0.05471875315968941,0.053871082725504636,0.5671848084079932
16.422,850,16,422000000,,9.61690620343584,0.9595947681079648,0.018771004520176614,0.033522155797736736,0.27875041790066774,0.05482076392265882,0.053896609685319924,0.5668923995105735
16.432,851,16,432000000,,9.593341263860184,0.9596353970589786,0.01881674829792117,0.033505249346100566,0.27860946315802854,0.054891273704941713,0.053846615464173395,0.5665993250443085
16.442,852,16,442000000,,9.57084477919981,0.9596771477115229,0.01885839950371399,0.033444256284136165,0.2784701324200413,0.05492920351031955,0.05371420072235454,0.5663055998195664
16.452,853,16,452000000,,9.544217354730966,0.9597137805399211,0.01891672721554697,0.03360162722393303,0.2783209433749619,0.05512155399106117,0.05399227557838242,0.5660112386467104
16.462,854,16,462000000,,9.518384928614475,0.9597514200706415,0.018972078598725982,0.0337186689544202,0.2781731893442879,0.05528550399182448,0.05419455839305957,0.565716256336107
16.472,855,16,472000000,,9.492985877517922,0.9597895906807601,0.01902616749578555,0.03381550060123813,0.2780260032629484,0.05543564152016271,0.05435875894737872,0.5654206676981212
16.486,856,16,482000000,,9.470696455808923,0.9598311605021658,0.01907145303228681,0.03377176743481079,0.27788467164029035,0.05549015223847951,0.05425767810316921,0.5651244875431201
16.492,857,16,492000000,,9.444521770210164,0.9598684675026659,0.01912880159126963,0.033909049283673144,0.2777351083684652,0.05566908915004008,0.054497947491884656,0.5648277306814667
16.502,858,16,502000000,,9.418800904949553,0.9599062955280602,0.019184818535043446,0.03402627800230104,0.2775861288837828,0.05583417500148449,0.05470047242779816,0.5645304119235275
16.512,859,16,512000000,,9.395464388626122,0.9599465829735263,0.01923423404836861,0.034042982411186966,0.27744130447100857,0.05593034000171532,0.054713441225099496,0.5642325460796677
16.525,860,16,525000000,,9.368347456226852,0.9599830615722628,0.019293659989539788,0.03422012413919405,0.277289125791928,0.05613531697179822,0.055029404312915045,0.563934147960252
16.532,861,16,532000000,,9.342675857184082,0.9600210334437933,0.01934881213540296,0.03433685823686128,0.27713934939102636,0.05629825989164047,0.05523165458539755,0.5636352323756466
16.545,862,16,542000000,,9.317529748381766,0.9600595348700982,0.01940201535009861,0.03443361044644575,0.2769902124209224,0.056446238251600035,0.05539662440217512,0.5633358141362166
16.552,863,16,552000000,,9.291911124451696,0.9600975864380805,0.019456208749814304,0.03455044830480608,0.2768399302463305,0.05660725918383586,0.055599734874735886,0.563035908052327
16.562,864,16,562000000,,9.265789811434535,0.9601351786504916,0.01951162658940691,0.034687312842376535,0.2766884989901083,0.05678172408758329,0.05584074909101388,0.5627355289343436
16.572,865,16,572000000,,9.240207615435061,0.9601732990368653,0.019565283715511497,0.03480395455106862,0.276537737456212,0.056941457796239874,0.05604391077122111,0.5624346915926325
16.583,866,16,582000000,,9.215746621984414,0.9602124555489298,0.019615690885069283,0.03488002600473647,0.27638858273399236,0.05707228520845971,0.056170898294017606,0.5621334108375575
16.594,867,16,592000000,,9.190802924525174,0.9602511703524313,0.019667668355086123,0.034974988836037335,0.276238344214157,0.05721659628338217,0.056333410155659125,0.5618317014794864
16.605,868,16,601000000,,9.165907521956717,0.9602899410745427,0.019719718775644306,0.03506864242195168,0.2760879426580274,0.05736026142926219,0.05649342101641343,0.5615295783287818
16.613,869,16,612000000,,9.138738852424298,0.9603266860955075,0.01977766125189717,0.03524418667727066,0.27593359236179155,0.05756072350696413,0.056807773105921465,0.5612270561958096
16.622,870,16,622000000,,9.118027074587982,0.9603691714009062,0.019819390401811056,0.035191123768336705,0.27578946897000867,0.05760288499145404,0.05669134435940432,0.5609241498909364
16.633,871,16,632000000,,9.101964400540494,0.9604153628853267,0.01984876461853288,0.034991304348323246,0.2756518926054513,0.05753981638978568,0.05629941007090688,0.5606208742245268
16.642,872,16,642000000,,9.09054847998662,0.9604648619032833,0.019864376994362193,0.03465947111019155,0.27552019279554585,0.05737712748172163,0.05566107095914026,0.5603172440069454
16.652,873,16,652000000,,9.082303478484262,0.9605157792279422,0.019877942342153898,0.03426533568214852,0.27539098030431347,0.05717613933198275,0.054903959151558844,0.5600132740485599
16.662,874,16,662000000,,9.061227946978725,0.9605568784469346,0.019922985427795557,0.03427219563172057,0.27524348225980905,0.05725822290779654,0.054901018304724936,0.5597089791597336
16.675,875,16,675000000,,9.041119393016194,0.9605985118050581,0.01996538822669306,0.03425849149541785,0.27509677960914664,0.05732382779548602,0.05485999769586074,0.5594043741508332
16.683,876,16,683000000,,9.020479247636962,0.9606396765865161,0.02000846054768921,0.034265206711389905,0.2749490296096557,0.05740203439522954,0.05485793126608309,0.5590994738322232
16.692,877,16,692000000,,8.996016549817877,0.9606783000902257,0.020059809794156145,0.034376445045152984,0.27479641153558426,0.0575540109397537,0.05505248649769828,0.5587942930142682
16.703,878,16,703000000,,8.998368429485467,0.9607331559173834,0.02005845728225461,0.03382009533707091,0.27467373839497694,0.05723523448564963,0.053991338507443386,0.5584888465073352
16.712,879,16,712000000,,8.972513043360628,0.9607708043656024,0.020113494244513058,0.03397405564649018,0.2745189836256839,0.05741798223691423,0.05426611954399773,0.5581831491217885
16.722,880,16,722000000,,8.947538058239084,0.9608089476736499,0.020166751036240587,0.034107252919213224,0.2743650187636912,0.057585745272046976,0.05450198422826326,0.5578772156679941
16.733,881,16,732000000,,8.93327460588245,0.9608531488282432,0.02019999311076111,0.03399085730490113,0.27422218780553265,0.057577072331038634,0.05426850544514657,0.5575710609563161
16.739,882,16,745000000,,8.920423775418518,0.9608979889494543,0.020231009602646635,0.03384773702569805,0.2740804476455612,0.05754943339430878,0.05398481458569489,0.5572646997971228
16.755,883,16,755000000,,8.921756813466489,0.9609500273122507,0.020245445008816403,0.033397477325487084,0.2739521408444794,0.057320532082238126,0.053119024345839976,0.5569581470007768
16.764,884,16,764000000,,8.900216771007154,0.96098982884637,0.020295339325406277,0.03346276843260415,0.27380082392921484,0.057444390938131654,0.053226127185336335,0.5566514173776436
16.772,885,16,772000000,,8.87473745685536,0.9610276014063396,0.02035028824702432,0.03361387479566477,0.2736456148463957,0.05762523373462817,0.05349570058428225,0.5563445257380899
16.782,886,16,782000000,,8.858344277453721,0.9610699481525764,0.020391995313974676,0.03357173204015207,0.2734989215571851,0.05767406814201501,0.05340056415885871,0.5560374868924807
16.792,887,16,792000000,,8.841139392084875,0.9611118244521966,0.020433326218580027,0.033550223834834636,0.27335128051364216,0.057733565370817884,0.05334537939425543,0.5557303156511804
16.802,888,16,802000000,,8.813714075299837,0.9611485683060922,0.020490198270726803,0.03374377792267406,0.27319395833268506,0.057941319062415605,0.05369577014167056,0.5554230268245549
16.812,889,16,812000000,,8.803088863508554,0.9611935861414186,0.020518374851405292,0.033592141456170586,0.2730521091045542,0.05790390680693543,0.05339730218810179,0.5551156352229698
16.824,890,16,822000000,,8.796144777239265,0.9612400582077717,0.020540782526167665,0.03337855917717724,0.27291298711711753,0.05782143746656996,0.05298270877552585,0.5548081556567903
16.832,891,16,832000000,,8.777544367133004,0.9612808673496889,0.020583228375134197,0.033401454823159524,0.2727632079162862,0.057907566204181915,0.05301249101681006,0.5545006029363827
16.843,892,16,840000000,,8.760167580482907,0.9613221757830368,0.020623898233319046,0.0334026487794833,0.27261436540275025,0.05797835254294609,0.053001483577063156,0.5541929918721105
16.852,893,16,852000000,,8.739561100956557,0.9613619608943619,0.020669385579631473,0.0334672464773127,0.27246265809893055,0.0580932076771142,0.05310996800878868,0.5538853372743421
16.862000000000002,894,16,862000000,,8.716772904748678,0.9614007137261941,0.020718054687264686,0.03357417146287871,0.2723090245792841,0.05823737015816092,0.05329826881818861,0.5535776539534395
16.872,895,16,872000000,,8.691765961863071,0.9614384108548886,0.020770060379307474,0.03372377526164248,0.27215343780075335,0.05841129583154755,0.05356699316976649,0.5532699567197693
16.882,896,16,882000000,,8.674756789083576,0.9614797369153979,0.02080892158460118,0.033721544240482786,0.27200470903574464,0.058476649531521624,0.05355050405303751,0.552962260383697
16.894,897,16,894000000,,8.679027953853756,0.961530473059491,0.020814298449223313,0.03332522975144878,0.27187376375823974,0.05826175776872929,0.05279324469626098,0.5526545797555883
16.903,898,16,903000000,,8.661426159030976,0.961571271886692,0.020854600321015243,0.033343013926668164,0.2717241582008237,0.05834096613582126,0.05281452100081926,0.5523469296458086
16.912,899,16,912000000,,8.643950760767495,0.9616120498281546,0.020894298903066055,0.033360761155066775,0.27157458186251276,0.05841898894828971,0.052836078746565596,0.5520393248647213
16.922,900,16,922000000,,8.627826160581085,0.9616533473739965,0.020931118288518187,0.03335594567685413,0.2714260648124691,0.05847913009881356,0.05281576303798154,0.5517317802226941
16.932,901,16,932000000,,8.60939641019583,0.9616936134239893,0.02097113461978759,0.033393196613225144,0.27127568971844845,0.058568420952634884,0.05287476372370963,0.5514243105300931
16.942,902,16,942000000,,8.586097582595075,0.9617317455849079,0.021019001262464938,0.03351778818009002,0.2711213916231052,0.05872051073733825,0.053097787035338455,0.5511169305972815
16.952,903,16,952000000,,8.559100887198719,0.9617682225536506,0.021072951156370468,0.033708672004902136,0.27096409770893737,0.058920436352625186,0.05344527257918636,0.5508096552346247
16.962,904,16,962000000,,8.543432285376342,0.9618095347170527,0.021107224965696163,0.03369838308836688,0.2708160315765,0.058972624790972955,0.053415900449953625,0.5505024992524887
16.972,905,16,972000000,,8.524121254330403,0.9618492040126246,0.02114747827091364,0.033754196093463605,0.27066500909638386,0.0590723841664457,0.053510661826787605,0.5501954774612389
16.984,906,16,984000000,,8.510063732705992,0.9618910022902418,0.021178570149149242,0.033720995509226984,0.27051813680671793,0.0591059682109813,0.053438900419664856,0.549888604671241
17.008,907,16,993000000,,8.50405179732036,0.9619359385649588,0.021195909353256673,0.033557138305742695,0.27037733261604835,0.05904193112153165,0.0531228300196873,0.5495818956928606
17.008,908,16,998000000,,8.475943632404283,0.9619716761862704,0.02125104630022725,0.03376946630049766,0.27021937456870604,0.059255575622047946,0.05351118540583359,0.549275365336461
17.012,909,17,12000000,,8.455767017199701,0.9620105808362945,0.02129231868483957,0.03384954595615338,0.2700675614778655,0.05937045306225312,0.053652250096048265,0.548969028412411
17.023,910,17,23000000,,8.45308166028216,0.9620565367899906,0.02130232764332645,0.03364016699772038,0.2699291944584562,0.059267672381050344,0.05325241030214392,0.5486628997310727
17.036,911,17,36000000,,8.438625567684072,0.9620976059752945,0.021332427387183377,0.033628647371130915,0.2697818344410275,0.059311255395699786,0.0532230032711906,0.5483569941028135
17.042,912,17,42000000,,8.429849566641888,0.9621408575367497,0.02135200216932371,0.03352583833036724,0.2696387962183025,0.059284993711223435,0.0530233434993725,0.5480513263379978
17.052,913,17,52000000,,8.403286244246688,0.9621769139023791,0.021403693041784036,0.03371481394756483,0.2694824291079992,0.05947907754923719,0.05336872359736003,0.5477459112469903
17.064,914,17,60000000,,8.390630779000427,0.9622184315359557,0.021430595190695158,0.03367827580919079,0.26933658002725563,0.05950294526902556,0.05329285185726934,0.5474407636401586
17.072,915,17,72000000,,8.382353594632143,0.9622615513251148,0.021451427603368087,0.03357274594191398,0.26919400778078345,0.059477736675135215,0.053087265732739954,0.5471358983278667
17.083,916,17,83000000,,8.390123509958938,0.9623106820407865,0.021447436943175836,0.03321465401537889,0.26906308821055913,0.05926788911925546,0.05240819307503726,0.5468313301204791
17.096,917,17,96000000,,8.372455489326219,0.9623498676302221,0.0214839953413144,0.033266225385730985,0.2689136078090027,0.05935829941308763,0.052496927429163086,0.5465270738283616
17.102,918,17,101000000,,8.360757033966612,0.9623912026257183,0.02151008963445722,0.03322646215335667,0.2687684716727628,0.0593790818809814,0.0524152391766278,0.5462231442618821
17.112,919,17,112000000,,8.344824548069036,0.9624308310293694,0.021543140450904465,0.033254703802989186,0.2686203887619207,0.05945010188621313,0.05246091095427311,0.545919556231404
17.125,920,17,125000000,,8.321595231365556,0.9624676301496686,0.021588450069000738,0.03339663551166594,0.26846725028241314,0.05960622812969984,0.0527191947508502,0.5456163245472906
17.132,921,17,132000000,,8.29990364551062,0.9625049016864886,0.021631075793558576,0.033515654335097574,0.26831532141118325,0.05974473199260076,0.05293478293877966,0.5453134640199109
17.142,922,17,142000000,,8.281253634704875,0.962543208616602,0.02166853234078594,0.03358896997310293,0.2681656714577739,0.05984853000128452,0.05306505762754098,0.5450109894596272
17.153,923,17,151000000,,8.280718031915125,0.9625881224407762,0.0216759453406543,0.03338867895572055,0.268028834357653,0.05974665976139042,0.05268390298258785,0.5447089156768076
17.163,924,17,162000000,,8.26534109113636,0.9626274278085126,0.021707817631372053,0.033415272548474435,0.26788173779666535,0.059814502311501636,0.052727088006851455,0.5444072574818153
17.174,925,17,173000000,,8.256225465450948,0.9626689341377113,0.0217287414564027,0.033348624908903585,0.26773915338920645,0.059810949764125966,0.05259634756479756,0.5441060296850175
17.188,926,17,179000000,,8.245803888237877,0.9627098614830677,0.021751124234396423,0.03330287993945474,0.2675958321527649,0.059821530196493486,0.05250512240993303,0.5438052470967774
17.193,927,17,192000000,,8.241877865022758,0.9627530182214284,0.0217614703119787,0.03316267621505084,0.26745710164743536,0.059758056509886415,0.052238168588522205,0.5435049245274626
17.202,928,17,202000000,,8.239878384741557,0.9627966720533347,0.021768110742484192,0.03299838248418259,0.26731970445732933,0.05967456287864702,0.051926708387382,0.5432050767874371
17.212,929,17,212000000,,8.220607397013023,0.9628340174076001,0.021804978263973453,0.03309072214722893,0.26717073558573734,0.05978756604299844,0.05209400051177067,0.5429057186870665
17.222,930,17,222000000,,8.201412281364755,0.9628712701939728,0.02184158537968861,0.03318303533775395,0.2670219997470632,0.0599000185017958,0.052261401770491704,0.5426068650367158
17.232,931,17,232000000,,8.185497742983321,0.9629095635526554,0.021872301223819817,0.0332289231430458,0.2668756518020381,0.05997611883392466,0.052342423876144926,0.5423085306467524
17.248,932,17,242000000,,8.176130795896562,0.962950040876385,0.02189129078336216,0.033181874060495394,0.26673386248813624,0.05997966233237536,0.052250448536172125,0.5420107303275388
17.252,933,17,251000000,,8.166947913915518,0.9629904515418418,0.02190960255192586,0.033133993813038345,0.26659238175396877,0.05998149569369084,0.05215721772358706,0.541713478889441
17.262,934,17,262000000,,8.156313711263275,0.9630302334440995,0.021929984810655143,0.03310831585193974,0.26645015417570267,0.05999928260150731,0.05210569727949244,0.541416791142826
17.281,935,17,278000000,,8.162353412036186,0.963075676933246,0.02191976247669625,0.03284648690410852,0.26631911837228944,0.05983139919988246,0.05161491641173873,0.5411206818980584
17.282,936,17,282000000,,8.138848168922213,0.9631107544304702,0.02196300279410358,0.033006391017485724,0.2661688925487678,0.059992898962761866,0.05190919301554649,0.5408251659655041
17.293,937,17,292000000,,8.123724735903634,0.9631485960775785,0.021991098148698242,0.033048384530893204,0.266024393159541,0.06006193556775382,0.05198408323775787,0.5405302581555271
17.302,938,17,302000000,,8.110383577430571,0.9631869169064592,0.022016040323036255,0.033066525795330516,0.2658812929496001,0.060112110944101904,0.05201463481967422,0.5402359732784919
17.312,939,17,312000000,,8.088773830322218,0.9632222561030855,0.022055587632873047,0.03320215314411101,0.2657330491836603,0.06025335951419708,0.052264098906938,0.539942326144768
17.322,940,17,322000000,,8.07731570147602,0.9632609631093576,0.022076964426697245,0.03319605559403868,0.2655916912938597,0.060283675408741855,0.052249783077628245,0.5396493315647155
17.332,941,17,332000000,,8.074452569591722,0.9633024974952923,0.022082308408987877,0.033070766765000835,0.2654562004554384,0.06021934831280044,0.05201398346752326,0.539357004348703
17.342,942,17,342000000,,8.068436275160032,0.9633428146381281,0.02209220247808852,0.032991218459670874,0.26531893181471705,0.06018833472176111,0.05186399551488187,0.539065359307096
17.343,943,17,351000000,,8.074793714504592,0.9633871905220021,0.022077463358470717,0.03274185836864106,0.2651898894383927,0.06001915550462007,0.05139936271770974,0.5387744112502593
17.362,944,17,361000000,,8.071122504866459,0.9634279690331894,0.02208137937922674,0.03263474119758029,0.26505458840823953,0.05996206506075527,0.05119926874936635,0.5384841749885578
17.372,945,17,372000000,,8.046642656448515,0.963461605431633,0.02212504005714281,0.03281564431773022,0.2649063059830448,0.060135419562279385,0.051533908566479956,0.5381946653323586
17.382,946,17,382000000,,8.043251475047501,0.9635021581816103,0.022128391256531387,0.032708827794620324,0.2647717093348133,0.06007747757448848,0.051334651994128594,0.537905897092024
17.395,947,17,395000000,,8.054190125741549,0.9635472517392255,0.022103330267902194,0.03241086698155349,0.26464631521779713,0.059862910085979874,0.050781496532235126,0.5376178850779212
17.404,948,17,404000000,,8.051308889337458,0.9635876129582873,0.022103764075006836,0.03230257267309597,0.26451253196354485,0.059798763044077906,0.05058083767473336,0.5373306441004159
17.413,949,17,413000000,,8.03610377653874,0.9636237824726405,0.02212815865099445,0.03236233458876912,0.26437138602315197,0.059870412167517255,0.05069183394433433,0.537044188969873
17.429,950,17,429000000,,8.02999456957178,0.9636627667304035,0.022133720121999694,0.032301757952895,0.26423619525760894,0.059841667649921715,0.050580507560807675,0.536758534496657
17.437,951,17,437000000,,8.015018516587324,0.9636986989147618,0.02215712938277044,0.03236151199524556,0.26409583841645856,0.05991142318201722,0.05069199024534559,0.5364736954911337
17.454,952,17,453000000,,7.994722035243183,0.9637327445317222,0.02219128129116195,0.03249301851729306,0.2639525485757731,0.060040048128231986,0.05093630423159721,0.5361896867636696
17.454,953,17,453000000,,7.969091180632995,0.9637648855781048,0.022236163326647403,0.03269594750703618,0.2638063179375173,0.060227290088706496,0.05131284636471145,0.53590652312463
17.463,954,17,462000000,,7.979703122311154,0.9638086131823085,0.02220761175590801,0.03242278027285622,0.26368265482407466,0.06001986305686418,0.05080904399917836,0.5356242193843785
17.472,955,17,472000000,,7.965105012594401,0.9638440283898944,0.022230160162722477,0.032482318844577474,0.26354393918047037,0.06008783979546241,0.05092053259830299,0.5353427903532825
17.489,956,17,489000000,,7.985295723217064,0.9638905111034944,0.022183454922321183,0.03208186435157417,0.26342689861151397,0.05977809342060367,0.05018042882550631,0.5350622508417061
17.495,957,17,495000000,,7.963659334368571,0.9639233964468037,0.022219970541343108,0.0322351245790811,0.2632847421233732,0.0599228294187145,0.05046544095009493,0.5347826156600145
17.505,958,17,505000000,,7.940270046691204,0.96395553801107,0.022259833989430447,0.032412431736204686,0.2631418909970392,0.06008672041460399,0.0507951368530224,0.5345038996185734
17.514,959,17,513000000,,7.915125259450346,0.9639869228596957,0.022303049121332054,0.03261381041976247,0.2629983382557587,0.06026977037975192,0.051169570622151335,0.5342261175277496
17.523,960,17,522000000,,7.902967785751001,0.9640223574224486,0.02232021250991839,0.032644396016885735,0.2628631695614084,0.06031201767189757,0.051227934914688536,0.5339492841979058
17.532,961,17,532000000,,7.896512989113499,0.9640594729588565,0.022325703508864484,0.032601260665784296,0.26273190397081114,0.06029272516143011,0.05115006048061015,0.5336734144394089
17.557,962,17,551000000,,7.9481865655689,0.9641147915822863,0.02221184782859608,0.031807468933427493,0.2626358455891596,0.0596460285321151,0.04968528758052521,0.5333985230626239
17.557,963,17,552000000,,7.92338382506981,0.9641457282096129,0.022253993484833708,0.03200777419612183,0.26249433696775715,0.059826483357050944,0.050058126448716385,0.533124624877918
17.563,964,17,562000000,,7.917543244433078,0.9641824122691623,0.0222550889378755,0.03196668699413528,0.2623644751291713,0.05980006095021148,0.04998635898649617,0.5328517346956536
17.572,965,17,572000000,,7.902393916200117,0.964216010480289,0.02227582959261911,0.032045868656033545,0.2622295461070621,0.05987513202810846,0.05013651969889685,0.5325798673261981
17.583,966,17,581000000,,7.887360906923666,0.964249467044,0.022295989412629662,0.03212466852061277,0.2620951350825014,0.05994886724592902,0.050286238790771265,0.5323090375799158
17.593,967,17,592000000,,7.866723112308431,0.9642809798753744,0.0223284053335949,0.03227557900818872,0.26195786143105637,0.06008430321278967,0.05056880098147631,0.5320392602671724
17.603,968,17,602000000,,7.8480886193757975,0.9643129314218665,0.022356180785599034,0.032402041283500424,0.2618222282273048,0.06019783943426465,0.0508065797812759,0.5317705501983335
17.612,969,17,612000000,,7.83337994104457,0.9643459355101216,0.022374911183281988,0.032479878490624114,0.2616893912788269,0.06026824379944924,0.05095517123064675,0.5315029221837642
17.622,970,17,622000000,,7.814953210852069,0.9643775710136097,0.022401843238314272,0.032605760126049446,0.2615548171072725,0.06037979061709662,0.05119226403424421,0.5312363910338297
17.632,971,17,632000000,,7.794709145173508,0.9644084306413934,0.022432768607489363,0.03275551868930751,0.26141963544424457,0.06051159225917161,0.05147339123179705,0.5309709715588968
17.642,972,17,642000000,,7.795707119973402,0.9644458460264671,0.022415740537927636,0.032639381437486376,0.2612975611019103,0.06041077499883623,0.05126592821812078,0.5307066785693282
17.652,973,17,652000000,,7.789169934760249,0.9644806333301866,0.0224165635926529,0.032620375284577105,0.26117143167657486,0.06039562309623112,0.05123672326175246,0.5304435268754918
17.662,974,17,662000000,,7.773103738474524,0.9645122304248079,0.022438513769213828,0.03272130496503633,0.2610402012376173,0.06048438604474559,0.051428156376197194,0.530181531287751
17.672,975,17,672000000,,7.749408667898056,0.9645412210613062,0.02247687907368388,0.032918253262711326,0.26090498535444534,0.060655308577800625,0.05179652231663047,0.5299207066164717
17.685,976,17,682000000,,7.770441333075434,0.9645840120447361,0.02242051611381724,0.03256084388753178,0.26079646395264283,0.06035194335352832,0.05114324862319484,0.5296610676720217
17.693,977,17,689000000,,7.754751395166039,0.9646151461948129,0.02244204608764805,0.032659970263262054,0.26066703021548876,0.06043897887262138,0.05133134021309339,0.5294026292647623
17.703,978,17,702000000,,7.731351342541569,0.9646436603501889,0.02247946585718706,0.032856041132098904,0.26053361150164644,0.06060757876291585,0.051698456978466416,0.5291454062050629
17.712,979,17,712000000,,7.717837817916834,0.9646750603034158,0.022496326261794514,0.03293008088353546,0.2604065150996183,0.06067238037789671,0.05184049222860996,0.5288894133032854
17.722,980,17,722000000,,7.728150350050005,0.9647136837219215,0.02246427034714847,0.03271057138771289,0.260293840720329,0.060488743373801855,0.05144073286409549,0.5286346653697973
17.732,981,17,732000000,,7.712990663746149,0.9647441605881247,0.02248441005649152,0.032807802448676884,0.26016687724230897,0.060572098296622315,0.05162580349516902,0.5283811772149618
17.74,982,17,742000000,,7.701937132863311,0.9647757042104277,0.022495941327781432,0.03285552956521917,0.2600428567871829,0.0606128742114097,0.05171967026570975,0.5281289636491473
17.753,983,17,753000000,,7.685029991871762,0.9648052145541799,0.02251937242603378,0.0329764499528432,0.2599160048613937,0.06071498190073811,0.05194877344203224,0.527878039482717
17.763,984,17,762000000,,7.684262163569412,0.9648395501340233,0.02250923319993828,0.03289981726242655,0.2597991126659692,0.06064879920635746,0.051813512476582814,0.5276284195260367
17.775,985,17,775000000,,7.720104872221242,0.9648849148139993,0.02242151879908017,0.03237782495310478,0.2597037795459086,0.06019980177145365,0.05085776459601735,0.5273801185894726
17.784,986,17,784000000,,7.721950816067863,0.9649195774724967,0.02240397801139495,0.032273616031202344,0.2595894537299885,0.060105142066707695,0.05067289810449141,0.5271331514833885
17.794,987,17,794000000,,7.70356171444994,0.9649478593529346,0.022429565473716363,0.03241716724341501,0.2594641990540542,0.06022339392684661,0.050944447267031685,0.5268875330181517
17.802,988,17,802000000,,7.7181679133854315,0.9649860291006185,0.02237960851105568,0.03216128632279462,0.2593583783600897,0.0599869650761849,0.05048314640390192,0.5266432780041259
17.814,989,17,814000000,,7.702101003721132,0.9650146085388109,0.0223988380849159,0.032279316461470205,0.2592356902278533,0.060079630932937986,0.05070859627230045,0.5264004012516783
17.831,990,17,831000000,,7.752718786944303,0.9650630934266178,0.022254037869097677,0.03160252776859083,0.2591510442637716,0.059440466972883264,0.04948274306708058,0.5261589175711712
17.834,991,17,834000000,,7.734854764335137,0.9650907486608568,0.022276776327413685,0.031745009267646285,0.2590286595577452,0.059552800754407505,0.04975350669072048,0.525918841772974
17.846,992,17,844000000,,7.744366406399014,0.9651263686377699,0.022229750374454838,0.03156357045303305,0.2589221345860902,0.05936138181408669,0.04943425108743554,0.5256801886674487
17.859,993,17,854000000,,7.798597893588207,0.9651748402451563,0.022058980284617637,0.030862839689366164,0.2588405189935463,0.058660307302928906,0.04817518931601346,0.5254429730649606
17.863,994,17,863000000,,7.776882180980628,0.9652007945316667,0.022091258023138573,0.031053985297319616,0.25871809475092444,0.05881658285304953,0.048534899043695484,0.5252072097758778
17.874,995,17,874000000,,7.833703724310177,0.9652489914334832,0.02191354459760113,0.030339427209012674,0.25863816473297513,0.058095404010123246,0.047252427289685435,0.5249729136105648
17.878,996,17,882000000,,7.827005370350217,0.9652788063875208,0.02190641521910637,0.03035979477399254,0.2585250815155312,0.05808672873797747,0.04730225521513957,0.5247400993793847
17.906,997,17,892000000,,7.845776635936115,0.9653155332076011,0.02183385831755392,0.030086302848075647,0.2584260404062017,0.05779876724567777,0.046817777321829644,0.524508781892707
17.906,998,17,903000000,,7.851916117111333,0.9653485831099065,0.021795334522814888,0.029953283055540778,0.25832126763959884,0.057649773084108756,0.04658717185850905,0.5242789759608938
17.913,999,17,912000000,,7.845490425688647,0.9653779098639357,0.021788330480592834,0.02996716887377347,0.25821062834689446,0.05763813877435355,0.04662421895262735,0.5240506963943097
17.922,1000,17,922000000,,7.849626033366124,0.9654100484207723,0.021753386479731657,0.029854922173521335,0.2581063970669433,0.05750700452078421,0.04643178930869007,0.5238239580033229
17.934,1001,17,933000000,,7.851680209708638,0.9654413846638045,0.021722931891673087,0.0297677725425458,0.258001795974991,0.05739766139916878,0.046285493026493325,0.5235987755982973
17.943,1002,17,942000000,,7.849597774787568,0.9654713159682874,0.021702754943320978,0.029731037139802616,0.2578957035332801,0.05733442193761912,0.046231299449675974,0.5233751598008074
17.953,1003,17,952000000,,7.85171398532816,0.9655022294868097,0.021671235201530144,0.02964419093788526,0.2577925995145664,0.05722330742500946,0.04608600887105861,0.5231531044772696
17.962,1004,17,962000000,,7.849748219942419,0.9655317466527161,0.021650627226520572,0.02960713644744469,0.25768801683011144,0.05715917719637386,0.046031300031232104,0.5229325993053067
17.972,1005,17,972000000,,7.849930609643532,0.9655616465299991,0.021624252052653288,0.029545233394571355,0.25758528229908845,0.05707106557786053,0.045931458822747656,0.5227136339625438
17.982,1006,17,982000000,,7.850206285502154,0.965591336724793,0.021597468242105518,0.02948360760571516,0.2574832745832454,0.05698236570621958,0.04583230267128013,0.5224961981266025
17.992,1007,17,992000000,,7.850581233476233,0.965620816888315,0.021570248975098603,0.029422379146453546,0.2573819845219509,0.05689308721938753,0.04573407787382906,0.5222802814751097
18.002,1008,18,2000000,,7.842823293311291,0.9656477517397426,0.02156470787976486,0.0294603601846192,0.2572770298954673,0.056897140192837245,0.045816480762301076,0.5220658736856887
18.012,1009,18,12000000,,7.847492436345671,0.9656779910528144,0.021526317371179875,0.029349722295863277,0.25717937136907293,0.05676078617380592,0.04562834316452194,0.5218529644359632
18.022,1010,18,22000000,,7.852222002090976,0.9657080420649108,0.021489032077700657,0.029236971200273777,0.25708247413340735,0.05662555144667611,0.04543548045209381,0.5216415434035576
18.034,1011,18,34000000,,7.857022483886088,0.9657379212134952,0.021453090421845747,0.029121117870559148,0.2569863672173248,0.05649138638144452,0.04523585810705708,0.5214316002660957
18.043,1012,18,43000000,,7.853744922453255,0.9657652995817095,0.0214380357113514,0.02910417670269725,0.25688663578930615,0.05644880979061478,0.045216724538138964,0.5212231247012021
18.052,1013,18,52000000,,7.846495423584153,0.9657913347727848,0.021432507998076812,0.029137323645527378,0.25678543893587696,0.05645057204424371,0.04528951838268813,0.5210161063865003
18.063,1014,18,63000000,,7.847529722817643,0.9658195263105184,0.021404605221633496,0.029070001468874243,0.25668934626749007,0.05635719640564951,0.045179450204402914,0.5208105349996167
18.072,1015,18,72000000,,7.838477349838205,0.9658446123226596,0.021402219688214135,0.02912887203848058,0.2565884616530419,0.05637837095007524,0.04530029498380099,0.5206064002181727
18.082,1016,18,82000000,,7.845878815704653,0.9658741574098968,0.02135537619869535,0.028989031696499266,0.256496970735394,0.05621103119904733,0.04505958087788981,0.5204036917197928
18.092,1017,18,92000000,,7.84522525995051,0.965901171876472,0.02133044768166122,0.028949393871163954,0.25640177605439934,0.05613784577355519,0.04500136493546049,0.5202023991821019
18.104,1018,18,102000000,,7.8548554309390415,0.9659308464049596,0.02127981700838886,0.02878559683520875,0.25631261921007437,0.055950974078541646,0.044716120955248455,0.5200025122827243
18.112,1019,18,112000000,,7.862523101448687,0.9659597741337368,0.0212367006411548,0.028643113425019427,0.2562231241607588,0.055789711576135693,0.04446817709787165,0.5198040206992843
18.122,1020,18,122000000,,7.864201010125637,0.9659868314374032,0.021209804183434343,0.028573149616005,0.2561311398816,0.055697266651423064,0.04435212937879272,0.5196069141094057
18.132,1021,18,132000000,,7.866002543555569,0.9660137312450463,0.021182644551496523,0.02850178481259519,0.2560398697045544,0.05560364545548592,0.04423345098990564,0.519411182190712
18.144,1022,18,142000000,,7.869954727628755,0.9660410461237858,0.02114866939183064,0.02840495197806958,0.2559503656769026,0.055483784453576934,0.04406894250840773,0.5192168146208285
18.152,1023,18,152000000,,7.8699684807863,0.9660670460811488,0.021122875873039286,0.0283598601379101,0.2558593459771481,0.0554064412731401,0.04400027843792698,0.5190238010773766
18.163,1024,18,163000000,,7.872132793314688,0.9660934341280171,0.0210898446020803,0.028291238408191224,0.2557700154801686,0.055303037200929,0.04388974909885665,0.5188321312379846
18.172,1025,18,172000000,,7.8743985285518425,0.9661196327557167,0.021055854607153687,0.02822380230180705,0.2556812921868749,0.055198440155870256,0.0437819487649776,0.5186417947802735
18.182,1026,18,182000000,,7.874723031043798,0.9661450754385764,0.021028547996447364,0.028180727278480956,0.2555921359999257,0.0551193448381125,0.043717803350453825,0.5184527813818702
18.192,1027,18,192000000,,7.865046846848048,0.9661675431822917,0.021027862271633578,0.028261266724634727,0.2554983528567232,0.055155312768828284,0.04387914824250027,0.5182650807203963
18.204,1028,18,204000000,,7.855491796827435,0.9661898409895717,0.021027090547650847,0.028341300108941803,0.25540521400273325,0.055190853724120886,0.04403952962100838,0.518078682473476
18.213,1029,18,213000000,,7.846059055132699,0.9662119723046501,0.02102615521403885,0.028420799018101683,0.2553127171827633,0.05522580333046521,0.04419893227443273,0.5178935763187343
18.229,1030,18,227000000,,7.852861508570569,0.9662384486036195,0.020985285521182777,0.028299500645195184,0.2552293409757149,0.05508041053907812,0.04399019648476019,0.5177097519337954
18.235,1031,18,235000000,,7.843672386505296,0.9662602712549849,0.020983617284105444,0.028377962807864074,0.25513813361940346,0.05511344240809026,0.04414789375861794,0.5175271989962844
18.257,1032,18,257000000,,7.882935527022845,0.9662953281173318,0.020860521570670344,0.02785798844766344,0.2550727542840816,0.054604550115029446,0.043209631451915934,0.5173459071838232
18.257,1033,18,257000000,,7.86796795455081,0.9663151994533957,0.020872740044152877,0.028011203524525265,0.2549796786128275,0.05470287852733012,0.04350477637843009,0.5171658661740378
18.263,1034,18,263000000,,7.851116555672604,0.9663343416556313,0.02088961327235009,0.028188839879944125,0.25488615792257574,0.05482270912698125,0.04384478778700346,0.5169870656445517
18.272,1035,18,272000000,,7.884735341779624,0.9663671313717118,0.020777572853419187,0.02774981291868692,0.2548191667706874,0.054377061976531825,0.04305726955833991,0.5168094952729875
18.284,1036,18,282000000,,7.888255649848522,0.9663914799326551,0.020742624479740946,0.027680393907404142,0.2547372113304146,0.054270093170338714,0.042945556715573645,0.5166331447369716
18.292,1037,18,292000000,,7.903962151985714,0.9664189417647605,0.0206794152225048,0.027459634573278963,0.2546620491031947,0.054030988857078736,0.04255534061393125,0.5164580037141269
18.302,1038,18,302000000,,7.89769165702132,0.9664402862658775,0.02067043299824014,0.0275111002193799,0.25457620793529195,0.054036262538141096,0.04266421221568969,0.5162840618820793
18.312,1039,18,312000000,,7.881496716372274,0.966458756546826,0.02068514679118905,0.027686970168351012,0.2544858115476909,0.054151060124815874,0.043001728325935025,0.5161113089184508
18.324,1040,18,324000000,,7.907682875550967,0.9664884923173445,0.020598244952050114,0.027338765128703094,0.2544175670905597,0.053801086161640206,0.042376775215069815,0.5159397345008664
18.329,1041,18,333000000,,7.915866068787109,0.9665131507778479,0.020552732267258123,0.02721757609946967,0.254340555399836,0.05364743941715909,0.04217000122273042,0.5157693283069507
18.348,1042,18,348000000,,7.9221463387443745,0.9665371009389561,0.02051112197663083,0.027122574279673656,0.254263037715319,0.05351479348791005,0.04201186564496809,0.5156000800143264
18.352,1043,18,352000000,,7.914500927838343,0.9665571868026311,0.020504053655319397,0.027199146848388183,0.2541790605746329,0.0535367271597064,0.04216815532682494,0.5154319793006192
18.362,1044,18,362000000,,7.938985187881706,0.9665855755432265,0.02041736685428933,0.026884048932846443,0.25411159791611887,0.05320448310285167,0.041606891862893694,0.5152650158434517
18.372,1045,18,372000000,,7.9435378192821355,0.9666085413004134,0.020381416199996998,0.02681192656740957,0.25403473453941966,0.05309463680472098,0.04149000174672796,0.5150991793204498
18.382,1046,18,382000000,,7.948178092984263,0.9666313725648759,0.020345850636362704,0.026738450673258286,0.25395844382658533,0.05298488791091228,0.04137024925393027,0.5149344594092371
18.393,1047,18,392000000,,7.952917230109078,0.9666540630058176,0.020310053429054183,0.026664602848014248,0.25388269566674154,0.052874544445209705,0.041249848253410236,0.5147708457874368
18.402,1048,18,402000000,,7.943876111456596,0.9666729717399508,0.020306654538831376,0.026763380824932986,0.2538005652785516,0.052915023316105696,0.0414470586288864,0.5146083281326745
18.412,1049,18,412000000,,7.9468571697550825,0.9666948616045531,0.020274613709410916,0.026714553986989544,0.253724884848854,0.05282477165665982,0.04137309835565343,0.5144468961225721
18.422,1050,18,422000000,,7.9657347039108775,0.9667207176927777,0.020205507191473765,0.026469809829435618,0.25365752626383836,0.052562919154655524,0.04093870360127662,0.5142865394347567
18.432,1051,18,432000000,,7.972806022129994,0.9667433205389622,0.020165555480624438,0.02637150838133225,0.25358479077253965,0.052432236062369776,0.04077289889685087,0.5141272477468488
18.442,1052,18,442000000,,7.9720998854782374,0.9667637544962802,0.020143914593368357,0.026370497368406152,0.25350870313591634,0.05238661887243103,0.04078607378272014,0.5139690107364763
18.459,1053,18,454000000,,7.971501801288707,0.9667840672974718,0.020122296077189634,0.02636846697097158,0.25343315562479246,0.05234054515199182,0.0407972298113541,0.5138118180812601
18.463,1054,18,462000000,,7.957318160107513,0.9668006860819232,0.020130180804949802,0.0265389756874577,0.2533513212551757,0.05243946798553067,0.04112737724335476,0.5136556594588272
18.472,1055,18,472000000,,7.966742091111953,0.9668233266353692,0.020085691756761677,0.02641204036451829,0.25328170913856723,0.052285547274009164,0.04090828574726749,0.5135005245467998
18.482,1056,18,482000000,,7.980163360043519,0.9668468505336332,0.020030351928914336,0.026236824684852087,0.2532144973046654,0.05208610771670681,0.04060118560053645,0.513346403022803
18.492,1057,18,492000000,,7.974191075586736,0.9668651623292615,0.020018697028991093,0.026308087616783358,0.2531380930820568,0.05209670955729888,0.0407490334728016,0.5131932845644608
18.503,1058,18,502000000,,7.98588977259166,0.966887905045393,0.019965440312354196,0.02615949270818465,0.25307082252072327,0.05191494657396633,0.040492317880938586,0.513041158849397
18.512,1059,18,512000000,,7.995715018009282,0.966909960650382,0.01991771942121152,0.026036609178567774,0.25300297909435193,0.051757034766907115,0.040282522212680444,0.5128900155552365
18.522,1060,18,522000000,,7.99785777469249,0.9669298889385121,0.01988871805496599,0.026010106436555044,0.2529318151886907,0.051684407500370386,0.04024978640309029,0.5127398443596007
18.532,1061,18,531000000,,8.002032433857181,0.9669501901003684,0.019856415935132262,0.02595802713810805,0.25286208382865505,0.051592416602387024,0.04016917083521525,0.5125906349401181
18.544,1062,18,544000000,,8.0043747824336,0.9669698901783377,0.019828603834757295,0.025928901672521525,0.2527919105044989,0.05152081114765262,0.04013068380170993,0.5124423769744104
18.553,1063,18,553000000,,7.997201076442401,0.9669870084787835,0.01982032990371072,0.026022138876478283,0.2527174870167371,0.05154920544850357,0.040319175684757465,0.512295060140101
18.562,1064,18,562000000,,7.992086485341774,0.9670045093124933,0.01980759635571285,0.026090292854539607,0.25264448285026536,0.05155622124432428,0.04046134091246913,0.5121486741148136
18.578,1065,18,578000000,,7.992874963989404,0.9670233972718578,0.019782320706176297,0.026084093315235594,0.25257479880660055,0.051501208801307014,0.04046586853518468,0.5120032085761763
18.582,1066,18,582000000,,7.9841788628535575,0.9670396804188287,0.01977635787153766,0.026200942226557215,0.2525008174070474,0.05154605303212279,0.04069884317432402,0.5118586532018106
18.593,1067,18,593000000,,7.973697104513046,0.9670553430299604,0.01977387835846609,0.026342096748976463,0.25242632824398,0.05160995962595838,0.0409771024330158,0.5117149976693387
18.6,1068,18,601000000,,7.994097379708563,0.9670789329440839,0.01970547395114757,0.026089589652688025,0.252367519827428,0.05134652803288959,0.040526434338557724,0.511572231656388
18.607,1069,18,612000000,,7.997324196368547,0.9670978935767797,0.01967234207150069,0.026059433381286884,0.25230055316749483,0.05126422593069492,0.04048842197631769,0.5114303448405807
18.625,1070,18,624000000,,8.029375447316125,0.9671240773114882,0.019574469917570798,0.025668165168578862,0.25224790288271454,0.050873543108426615,0.039783856990823166,0.5112893268995422
18.632,1071,18,632000000,,8.038513489254791,0.967144211449121,0.01952815629943234,0.02556846138963388,0.25218441497081,0.050730568966419885,0.03961774847879178,0.511149167510896
18.642,1072,18,642000000,,8.059183077397169,0.967167050231923,0.01945863777968514,0.025325342754718767,0.25212672483454823,0.05047004905322155,0.03918561643442309,0.5110098563522665
18.648,1073,18,652000000,,8.07997301085774,0.9671896895734126,0.019392613392015975,0.025081517404441887,0.25206933255238345,0.05021601728999667,0.03875030092551846,0.5108713831012777
18.663,1074,18,662000000,,8.100874549664024,0.9672121782738572,0.019330368839935032,0.024833868796617517,0.2520123369992919,0.049967448411478176,0.038305624901409124,0.5107337374355518
18.672,1075,18,672000000,,8.112324914160325,0.9672322386935809,0.019288410888403752,0.02470422586949884,0.251951294621386,0.04981797244442979,0.03807916914229642,0.5105969090327162
18.682,1076,18,682000000,,8.108722667208035,0.9672485431770661,0.019272905556626002,0.024768765291893053,0.25188354273188174,0.04981803046612978,0.03821534984860828,0.5104608875703939
18.692,1077,18,692000000,,8.10336015806471,0.9672642931361873,0.019260214652118513,0.024857261153984934,0.2518153051806598,0.0498356558309515,0.0383964825133085,0.5103256627262082
18.702,1078,18,702000000,,8.105656877977903,0.9672817869614251,0.019235327481609825,0.024846628246161552,0.2517510513467312,0.049779515925654584,0.03839178454002397,0.5101912241777842
18.712,1079,18,712000000,,8.106180281505898,0.9672987326658016,0.01921348129483076,0.02485974549699594,0.25168630668650244,0.04974129017452456,0.03843152007948923,0.510057561602745
18.722,1080,18,722000000,,8.138566807763153,0.9673233755227076,0.019142299114263774,0.02444979444130084,0.2516371735331507,0.04939366301185432,0.03767680062130053,0.5099246646787159
18.732,1081,18,732000000,,8.170820001854269,0.9673478585383313,0.01906159264865667,0.024044528690168127,0.2515882288722363,0.04903009210059787,0.03693589980126684,0.5097925230833207
18.744,1082,18,742000000,,8.160487788082554,0.9673618854722945,0.019055540160431067,0.024204872535874226,0.251519369175027,0.04909696732770738,0.03725268310124798,0.5096611264941839
18.752,1083,18,752000000,,8.152144109631926,0.9673762596004565,0.019045399074413,0.024340598367765875,0.25145174568219986,0.04914346421828472,0.03752384153875695,0.5095304645889267
18.762,1084,18,762000000,,8.160533951557419,0.9673945905266128,0.019002221146688012,0.024259512131486794,0.25139231866244727,0.04901647576619933,0.037391729287175615,0.5094005270451778
18.772,1085,18,772000000,,8.167111101583744,0.967412344636457,0.01896239942993104,0.024204565560681568,0.2513322937047117,0.048909215072933006,0.03730851886547527,0.5092713035405595
18.782,1086,18,782000000,,8.171910900096064,0.9674295436572429,0.018926232865660916,0.024174415437443416,0.2512717123094275,0.048821572744230005,0.037271462260066786,0.5091427837526941
18.792,1087,18,792000000,,8.200244583100066,0.9674522083293621,0.01884749226963847,0.02384035759587245,0.25122228003003144,0.04849814969670416,0.03666720910702733,0.5090149573592075
18.802,1088,18,802000000,,8.226700080112948,0.9674741990341879,0.01877977853877502,0.02352706266660492,0.2511721948056214,0.0482066511558212,0.03609757472011981,0.508887814037724
18.814,1089,18,814000000,,8.220926531564217,0.9674885689601859,0.018764522178246784,0.0236375626285368,0.25110760098367324,0.04823056110844143,0.03632230118653289,0.508761343465868
18.822,1090,18,822000000,,8.2296317790016,0.9675061930864637,0.018727741207020535,0.02355772909473219,0.25104993815677434,0.0481168014864416,0.03618919977440702,0.508635535321261
18.833,1091,18,833000000,,8.236630840370037,0.9675233300110354,0.018694616673543246,0.02349950050868852,0.25099181394545234,0.048021042730093666,0.036096076384878197,0.5085103792815306
18.842,1092,18,842000000,,8.236593246019684,0.9675387341141315,0.018671496130642996,0.02353594799767502,0.250930732220902,0.0479923954751039,0.03618127181216334,0.508385865024299
18.852,1093,18,852000000,,8.245531615832325,0.9675561484701514,0.018636376495514882,0.02345130578221545,0.2508741144196284,0.04787950000981112,0.03603794140528779,0.5082619822271908
18.863,1094,18,863000000,,8.250986591631188,0.9675726675634628,0.0186052318636189,0.023414256844379477,0.2508161695502321,0.047798306604019146,0.0359847695606568,0.5081387205678307
18.872,1095,18,872000000,,8.254766418234706,0.9675887102204354,0.018575445765515574,0.023401007915663685,0.2507577187188825,0.0477317481617232,0.035976989921993136,0.5080160697238411
18.883,1096,18,883000000,,8.249879415767621,0.9676026060007352,0.01855693148552455,0.023508016456393735,0.250695453322778,0.047747580644059213,0.03619646275425974,0.5078940193728485
18.892,1097,18,892000000,,8.27486450024416,0.9676235241711422,0.01849286816874684,0.023207140288544762,0.25064747742026056,0.04746986544968105,0.03564871833402098,0.5077725591924744
18.902,1098,18,902000000,,8.278940298532536,0.967639371208934,0.018458534333923707,0.023195660037782832,0.25058988637220353,0.047395444751308226,0.03564657248519583,0.5076516788603467
18.912,1099,18,912000000,,8.27965186580893,0.9676543243011306,0.01842905758988977,0.02323191972885736,0.2505309489930988,0.04735446077518708,0.03573444129947311,0.5075313680540843
18.922,1100,18,922000000,,8.290887028605841,0.9676716512805866,0.018381948125470622,0.023128102070311896,0.25047708515079864,0.047208866532742304,0.0355597976198467,0.5074116164513156
18.933,1101,18,933000000,,8.293548840216989,0.9676868633280602,0.018348841890018234,0.02314182794281439,0.2504194687780095,0.04714953582409331,0.035605794174442824,0.5072924137296635
18.952,1102,18,942000000,,8.289423796945908,0.9677003910610633,0.018326457033484365,0.023248462380600222,0.25035894853150886,0.04715768678325696,0.03582637078633834,0.5071737495667521
18.952,1103,18,952000000,,8.358723613972845,0.96773047430283,0.018215763467043393,0.02235716619343483,0.25033192402634497,0.0464931830932795,0.03415808993692965,0.507055613640206
18.963,1104,18,962000000,,8.358189080591716,0.9677446815165519,0.018191697714251758,0.022415690739191304,0.25027351106216933,0.04647397584110647,0.034286247992522924,0.5069379956276469
18.972,1105,18,972000000,,8.359478516933367,0.9677592057844128,0.01816579158238874,0.022450222992520006,0.2502161288232511,0.046439144574294926,0.03436883762861197,0.5068208852067025
18.982,1106,18,982000000,,8.369343972814605,0.9677755430880535,0.01813280462262293,0.022366548624572446,0.25016282117806,0.046331225585493505,0.03422597212095532,0.506704272054995
18.996,1107,18,992000000,,8.377629762227379,0.9677914406693106,0.018101761089683144,0.022305737021962743,0.25010899165879574,0.046238577084574795,0.034126399920631004,0.5065881458501487
19.002,1108,19,2000000,,8.39105130398139,0.9678083670132739,0.01806847142530498,0.02217348274247717,0.25005765683642245,0.046105731289794644,0.03388953164421294,0.5064724962697886
19.015,1109,19,12000000,,8.392800440784411,0.9678226737362766,0.018042579639452012,0.02220582685956384,0.2500012775475394,0.04606986648786499,0.03396780122382804,0.5063573129915359
19.024,1110,19,24000000,,8.399645988214575,0.9678380483500691,0.018012187745830154,0.022166622631094653,0.24994742267058653,0.04598938038081587,0.03390970000227212,0.5062425856930194
19.034,1111,19,33000000,,8.408216405707241,0.9678537862067033,0.017978349412063357,0.02210222742603607,0.24989461582950276,0.04588959514190279,0.03380450150579745,0.5061283040518587
19.042,1112,19,42000000,,8.416869089946289,0.9678695422463903,0.017941555604578507,0.022035408574461096,0.24984213124132496,0.045782889649053915,0.03369606483615559,0.5060144577456805
19.052,1113,19,52000000,,8.42726528750788,0.967885685312918,0.017900058842111304,0.02194285541674314,0.24979071070788783,0.045654189980157744,0.03354010253736826,0.5059010364521088
19.062,1114,19,62000000,,8.431175496566624,0.9679002601034189,0.017864250864490668,0.021947412113144927,0.24973639329164765,0.04558522114472431,0.033569409194885505,0.5057880298487674
19.074,1115,19,73000000,,8.443360394078008,0.9679166774750787,0.017816435897685126,0.02183448660579349,0.2496860734445748,0.0454341114419107,0.03337709245244048,0.50567542761328
19.082,1116,19,82000000,,8.437682909158562,0.9679288792006219,0.017791553474994934,0.021982479509162586,0.24962755462689556,0.0454582060213431,0.033678795930803196,0.505563219423272
19.092,1117,19,92000000,,8.4321394997201,0.9679410225010204,0.01776607767287134,0.022130112015241864,0.24956923204993336,0.045480944590694,0.033980092570872235,0.5054513949563666
19.102,1118,19,102000000,,8.43974147233499,0.9679561395833548,0.01772289928572926,0.022090963354620748,0.24951713372404216,0.04537580095814488,0.03392834211571766,0.5053399438901875
19.112,1119,19,112000000,,8.4554569181059,0.9679729811140304,0.01767000120959199,0.021941248997293154,0.2494687565265619,0.04519646895068345,0.03366720577118629,0.5052288559023594
19.122,1120,19,122000000,,8.463130632218107,0.967987874262773,0.017628250756583818,0.021908921390404613,0.2494167580957821,0.04509754310347627,0.033627915767601296,0.5051181206705069
19.136,1121,19,132000000,,8.489882807431956,0.9680067603135071,0.017569202583866312,0.021616867603197365,0.24937310629444623,0.044835105789494394,0.03309401521295522,0.5050077278722531
19.142,1122,19,142000000,,8.496059188872211,0.9680211096470127,0.017531191370341204,0.02161153257033741,0.24932053719431907,0.04475698098880467,0.033105113965309824,0.5048976671852224
19.152,1123,19,152000000,,8.500773186582245,0.9680350760754136,0.01749490404906421,0.021627813751027264,0.2492674417013437,0.04469301580914631,0.03315721989016345,0.50478792828704
19.162,1124,19,162000000,,8.515051497882656,0.9680509502585903,0.017452896222492333,0.02151505542833479,0.24921849150254316,0.04455341671178211,0.032962139350957285,0.5046785008553294
19.173,1125,19,173000000,,8.518429292063825,0.968064511361185,0.017418614131777223,0.02155161821343524,0.24916504866682426,0.044503492312192056,0.03305251164334765,0.5045693745677139
19.191,1126,19,189000000,,8.529764027915457,0.9680796715164456,0.01738213533163735,0.021476906596431165,0.24911514095086926,0.04439366676897721,0.032928357432443434,0.5044605391018187
19.192,1127,19,192000000,,8.527112723516773,0.9680918798462327,0.017350395816878507,0.021598857976046493,0.2490593609461721,0.0443913577326794,0.03318289035396191,0.5043519841352664
19.202,1128,19,202000000,,8.538646771399627,0.9681069869785275,0.01731665925071107,0.02152007898313759,0.24900980156674785,0.0442848275494629,0.03304945802187614,0.5042436993456844
19.213,1129,19,212000000,,8.542475120823635,0.9681204434973002,0.01728450637376474,0.021551079667433713,0.2489570318090533,0.04423624307055108,0.03312794190708618,0.5041356744106937
19.223,1130,19,222000000,,8.547964121621089,0.9681342072268591,0.01725290931681466,0.021557905882454896,0.24890510362644247,0.044176653430759376,0.03315929420022484,0.5040278990079186
19.226,1131,19,232000000,,8.552012607301707,0.9681476328253044,0.01722123466335809,0.02158572184320909,0.248852660712995,0.044127398683496556,0.03323134689301498,0.5039203628149855
19.251,1132,19,242000000,,8.557721970844804,0.9681613803633945,0.017190022203192833,0.02158871513612569,0.24880106930692927,0.04406663911721436,0.03325505779801508,0.5038130555095166
19.253,1133,19,252000000,,8.565094076670738,0.9681754682325674,0.0171592138256578,0.021565828548749708,0.24875035504002838,0.04399374195017352,0.0332284056354199,0.5037059667691373
19.262,1134,19,262000000,,8.56796149582352,0.9681885486294008,0.01712611134887516,0.021612204749363206,0.24869769443811035,0.0439509819505577,0.03333710407510283,0.5035990862714694
19.273,1135,19,273000000,,8.57250008350442,0.9682019638416717,0.01709304204033749,0.02163355532967816,0.2486458815479067,0.043895788022149884,0.03339728058495981,0.5034924036941401
19.283,1136,19,282000000,,8.572538039897623,0.9682143376366414,0.017057481090984372,0.02172622621683816,0.24859205503805867,0.04387135143001223,0.033596898964387334,0.5033859087147716
19.292,1137,19,292000000,,8.57887443782407,0.9682280889629126,0.017023774452492525,0.021721514590001652,0.24854121318311212,0.04380190665704802,0.03360686770720467,0.5032795910109891
19.302,1138,19,302000000,,8.585329645609162,0.9682418397587926,0.016989366313955007,0.021715821499279496,0.2484904913057443,0.043730615031663124,0.033615272399222636,0.5031734402604143
19.312,1139,19,312000000,,8.593432113691831,0.9682559365697454,0.016954827045932215,0.02168516663593299,0.2484405938755975,0.04364662331821503,0.0335753559803803,0.5030674461406752
19.322,1140,19,322000000,,8.603155647470476,0.9682703778925772,0.016919612494595705,0.021630162890440716,0.24839150158999315,0.04354919042324625,0.033488575220206436,0.5029615983293936
19.332,1141,19,332000000,,8.614466299511191,0.9682851640742116,0.016882576736013694,0.021551757901654107,0.2483431927149961,0.043436575862039244,0.03335733469506315,0.5028558865041943
19.343,1142,19,342000000,,8.625814483953032,0.9682999378141327,0.016842838319469113,0.021475130512437473,0.2482949214059051,0.043319626920828296,0.03323086839757611,0.5027503003426994
19.353,1143,19,351000000,,8.634199539947907,0.9683140077522718,0.01680078193638749,0.021447578856905576,0.24824527684980402,0.04322265430407427,0.03320065163715789,0.502644829522538
19.362,1144,19,362000000,,8.639668795544162,0.9683273789842083,0.016757489969287415,0.02146794169948244,0.24819428099513213,0.043147161106649526,0.033263899093525263,0.502539463721329
19.374,1145,19,374000000,,8.646735074101635,0.9683410930857321,0.016712235602744603,0.02146545790682152,0.24814403627638998,0.04305648163923397,0.033283831789901394,0.5024341926166982
19.382,1146,19,382000000,,8.656867099701449,0.9683554867590953,0.016663066423193557,0.02141894487922321,0.24809518794445137,0.04293629167184635,0.033220362349947845,0.5023290058862702
19.392,1147,19,392000000,,8.661146834435295,0.9683684897350854,0.016615362786858948,0.021465435413674322,0.24804361086339705,0.042865250451244036,0.03333640758767418,0.5022238932076687
19.406,1148,19,406000000,,8.686186292409479,0.9683861899705293,0.01654352753963842,0.021210041549398744,0.24800127602167701,0.04259717880009762,0.032879314477379955,0.5021188442585186
19.414,1149,19,414000000,,8.722746764527928,0.9684061625046704,0.01644235303810578,0.02081756405272938,0.24796326840171065,0.04220409400859468,0.03217106453516206,0.5020138487164446
19.422,1150,19,422000000,,8.733048512280138,0.9684203209426481,0.01637816964523327,0.0207970538836397,0.247913936869575,0.04206782406206079,0.03216537231774504,0.5019088962590694
19.432,1151,19,432000000,,8.740554397474288,0.968433848711221,0.01631791629348435,0.020816748105744232,0.2478634085066063,0.04195916854406713,0.0322356408489321,0.5018039765640165
19.442,1152,19,442000000,,8.749610779721232,0.9684476656071145,0.01625445916818297,0.020818277228543475,0.24781345982515987,0.04183526436193624,0.032272278077306496,0.5016990793089118
19.453,1153,19,453000000,,8.761655911949289,0.9684620633889228,0.016185146126706015,0.020783584457001885,0.24776463718304473,0.04168199964723218,0.032241598137531614,0.5015941941713797
19.462,1154,19,461000000,,8.779559976657936,0.9684776022338369,0.016104943888414165,0.02067746457910212,0.247717999370916,0.04147213165607665,0.03207785468060882,0.5014893108290424
19.474,1155,19,474000000,,8.793244583158472,0.9684922184949639,0.016032281127729822,0.020629155940619766,0.2476695915967923,0.04130562319375376,0.03202240950112007,0.5013844189595256
19.483,1156,19,482000000,,8.822731437470718,0.9685098040258977,0.015942617846445642,0.020383153229775883,0.24762697653190108,0.04100795001299519,0.03159217788532593,0.5012795082404514
19.492,1157,19,492000000,,8.840804018665771,0.9685249938402536,0.015879969568500775,0.02028274807954257,0.24757983157677071,0.04083500435409348,0.03143075131153111,0.5011745683494464
19.502,1158,19,502000000,,8.861751697921745,0.9685405459295082,0.015827238871773834,0.02014606645803472,0.24753352380341262,0.040663281074790426,0.03119407875160123,0.5010695889641346
19.512,1159,19,512000000,,8.867207886266057,0.9685533485282134,0.015778074342096892,0.020206362533712666,0.24748164848731016,0.040596297618575694,0.03133744131764568,0.5009645597621382
19.522,1160,19,522000000,,8.885485169919463,0.9685683076114375,0.015739483136018823,0.02009975264451325,0.24743423794001568,0.040466935335604574,0.031152031105927208,0.5008594704210845
19.533,1161,19,532000000,,8.899662979081123,0.9685825321190218,0.015704237802161847,0.020043757684985293,0.2473853333704783,0.04036919759892781,0.031063066226043753,0.5007543106185919
19.54,1162,19,542000000,,8.91115592864063,0.9685962839332294,0.01566992411084179,0.020021950565511534,0.24733542755669205,0.04029023811692395,0.031039903194958994,0.5006490700322894
19.552,1163,19,552000000,,8.92134381410071,0.9686098064322232,0.01563791178595688,0.02001537755239099,0.24728502433374602,0.04022329791409147,0.031045125801220416,0.5005437383398013
19.562,1164,19,562000000,,8.935887948504455,0.9686239970180415,0.015625441274682548,0.01994213869238854,0.24723614033983357,0.04016116547436538,0.03091144309623263,0.5004383052187507
19.572,1165,19,571000000,,8.956177900229525,0.9686390101841319,0.015648078148350092,0.01977522104408973,0.24718929230940787,0.04012063740848829,0.030578791640405827,0.5003327603467618
19.583,1166,19,583000000,,8.994877533500166,0.9686566233565378,0.015784033219575652,0.019298137596169815,0.2471493317979094,0.040146011189617734,0.029588828383487382,0.5002270934014557
19.592,1167,19,592000000,,9.012573143218013,0.9686711800034954,0.015826709480475723,0.019140434705227867,0.24710180909283355,0.040148997968133544,0.029264134591934873,0.5001212940604614
19.604,1168,19,602000000,,9.016253159147373,0.9686837455072119,0.015787084071009462,0.019221234417952232,0.24704880755450792,0.040110683394153544,0.02944248767800421,0.5000153520013981
19.612,1169,19,612000000,,9.018634347088323,0.9686961228858294,0.015738350865952763,0.019326096546655513,0.2469951979497815,0.04006661605284835,0.029671989226917807,0.49990925690189547
19.622,1170,19,622000000,,9.026773336527421,0.9687093646809739,0.01572382510362139,0.019331430347270497,0.24694376668428572,0.04003952644224695,0.029691636490165405,0.4998029984395736
19.632,1171,19,632000000,,9.049026732703915,0.9687247288338021,0.015800084075799418,0.019082941102075035,0.24689795148597163,0.040062702279090805,0.029174355521064142,0.49969656629205694
19.642,1172,19,642000000,,9.071117802353475,0.9687401130670913,0.015877593106697268,0.018827864424477925,0.24685219645186562,0.04008509468854568,0.02864369423661999,0.49958995013697477
19.654,1173,19,654000000,,9.091654188173477,0.9687553834646416,0.015940757927154846,0.018593539736108,0.24680595520583534,0.040090011258512206,0.028160357200011074,0.4994831396519448
19.662,1174,19,662000000,,9.112001486281557,0.9687708155631123,0.015991920214377165,0.018356343970122705,0.24675982257468473,0.04007029227037547,0.027677387366608918,0.4993761245145913
19.673000000000002,1175,19,672000000,,9.128146213390814,0.9687857611761631,0.016005291642265267,0.018199671117154478,0.24671187963492072,0.040017209980419785,0.02736919009270979,0.4992688944025412
19.682,1176,19,682000000,,9.144124764536725,0.9688008153475328,0.01600678168318346,0.018047656002787838,0.24666383041481274,0.03994343139059106,0.027075887653656157,0.4991614389934194
19.692,1177,19,692000000,,9.16493971033007,0.968816880164515,0.016014507988178467,0.017802823042463597,0.24661801988887852,0.039835868435195196,0.026599555038115685,0.49905374796484697
19.706,1178,19,702000000,,9.185475175491067,0.9688330067331804,0.016008221798153643,0.017567163977908293,0.2465719705258072,0.039705729281804526,0.026147918519125818,0.4989458109944506
19.713,1179,19,713000000,,9.20339355334431,0.9688487042281266,0.01598460261434582,0.017388791428639777,0.24652446273624173,0.03957035567416083,0.025815892393365198,0.4988376177598544
19.729,1180,19,722000000,,9.216392950970604,0.9688635182006854,0.015943655455748516,0.01731042472952356,0.24647440464718035,0.03945084851175804,0.025686296519838777,0.49872915793868083
19.732,1181,19,732000000,,9.231687737208741,0.9688787607983528,0.01590106342061422,0.01719812840520263,0.24642509497877862,0.03931139936905649,0.025491721329258206,0.49862042120855277
19.742,1182,19,742000000,,9.245719625576822,0.9688937533935489,0.01585031125007086,0.0171202156970053,0.2463748373570746,0.03917313439707693,0.02536782510251911,0.49851139724709753
19.752,1183,19,751000000,,9.266482511591763,0.9689098366592964,0.015805981834815575,0.016938229105605714,0.24632700980172473,0.03899593237812294,0.025038969388897343,0.4984020757319411
19.763,1184,19,762000000,,9.282570464371464,0.9689250344958658,0.015757710679976285,0.016843197946429272,0.24627683359229927,0.03885405741595751,0.02488064108602283,0.49829244634070285
19.775,1185,19,774000000,,9.299637392750993,0.968940211160307,0.015720072221670975,0.01673954602563142,0.2462265910189648,0.0387285544086155,0.024700350501647494,0.49818249875100806
19.783,1186,19,782000000,,9.316591468934263,0.9689551407073255,0.015694768780992362,0.0166461009708153,0.2461757844553922,0.03863201922237305,0.024533767278939397,0.4980722226404817
19.792,1187,19,792000000,,9.334598264355185,0.9689699822985235,0.015686285020267105,0.01654270294570572,0.24612487246499964,0.03856319658296283,0.024339598484447677,0.4979616076867451
19.802,1188,19,802000000,,9.35156881049444,0.9689844772886257,0.015693677647630733,0.01645474504465866,0.2460732261362389,0.03853278877846628,0.024167549797940936,0.4978506435674279
19.814,1189,19,812000000,,9.357933312912007,0.968998048253318,0.015644524135898452,0.016528789288168887,0.24601794745605202,0.03847266503474569,0.024337464178292245,0.49773931996015186
19.822,1190,19,822000000,,9.37192787027322,0.9690121176102346,0.015652165274905185,0.01648841525136769,0.24596474911912586,0.03846621284294033,0.024257565455289537,0.49762762654253917
19.832,1191,19,832000000,,9.390300694398416,0.9690262330747389,0.015711245690966685,0.01638213788566631,0.24591246802493572,0.038527008027591785,0.024024571339991616,0.49751555299221645
19.842,1192,19,842000000,,9.405534689548869,0.9690400985719876,0.015754458634001888,0.016323094952781496,0.24585898593280045,0.03858034067528821,0.023890989319181648,0.4974030889868071
19.852,1193,19,852000000,,9.419778406616732,0.9690539262235419,0.015795151278575004,0.016274821820507945,0.24580506797366034,0.038634104131479344,0.023779544527018047,0.49729022420393226
19.863,1194,19,863000000,,9.42982173300912,0.9690677344667592,0.015792339229380146,0.01628951199499289,0.2457498318129469,0.03863454241611904,0.023811601652305493,0.4971769483212199
19.872,1195,19,871000000,,9.44941398153477,0.9690820550084505,0.015893685093943424,0.016122180695910555,0.24569785657254217,0.03874727623776319,0.023439489533519917,0.4970632510162951
19.882,1196,19,882000000,,9.475179087932831,0.9690973386932964,0.01604260031954957,0.015793966998978545,0.24564920866754852,0.03887306385829047,0.02273203635421654,0.49694912196677915
19.892,1197,19,892000000,,9.489508957859988,0.9691121736918948,0.016063367052550948,0.015688177433365556,0.24559609958206785,0.03885994920122332,0.02251891005877959,0.49683455085029576
19.903,1198,19,902000000,,9.50917111840649,0.969127837319524,0.016115428215620002,0.015456317832187328,0.24554557651254838,0.03884548700536491,0.022045937286681885,0.49671952734447095
19.912,1199,19,912000000,,9.517407678345924,0.9691424286933276,0.01606945926360891,0.01548096990471164,0.24548943960216135,0.03876720889660192,0.02211856791620067,0.49660404112692863
19.923000000000002,1200,19,923000000,,9.537541990141259,0.9691587094286517,0.016099838657041423,0.015223524319017636,0.24543927037276633,0.03869818758965944,0.02160663818353216,0.4964880818752894
19.932,1201,19,929000000,,9.54379897238863,0.9691732321641376,0.016033602213496794,0.01529761987740096,0.24538164658886824,0.03860493297733853,0.021785107106211978,0.4963716392671837
19.942,1202,19,942000000,,9.551083502690338,0.9691879489954377,0.0159716870115775,0.015350032509883486,0.24532427771822013,0.03850937022882757,0.021919403081835268,0.49625470298023094
19.952,1203,19,952000000,,9.560297231843398,0.9692030011367632,0.01591819845882326,0.015360865536394371,0.24526760355841912,0.03840968667805293,0.021968924292256702,0.49613726269205877
19.963,1204,19,963000000,,9.571357732730176,0.9692183850916132,0.015870824957071893,0.015334393184806602,0.24521153174604438,0.0383035152261934,0.02194309389086732,0.4960193080802876
19.972,1205,19,972000000,,9.576984518549587,0.9692330197799387,0.015794811007550192,0.015432135129620425,0.24515245566552704,0.03820283599456634,0.022172213080780902,0.49590082882254555
19.983,1206,19,983000000,,9.593415184199046,0.9692492996092209,0.015764930131143606,0.015300578066852397,0.24509825477921093,0.038078944032083936,0.02193399412492226,0.49578181459645077
19.992,1207,19,992000000,,9.602688201552784,0.9692645642215967,0.015700478840517375,0.015329290352500207,0.24504022601561856,0.0379667468531745,0.022023558430154317,0.49566225507963235
20.002,1208,20,2000000,,9.612010535128295,0.9692798764546531,0.015634139868585778,0.015361771609287006,0.24498185798880306,0.03785272289368595,0.02212135506176566,0.4955421399497141
20.012,1209,20,12000000,,9.619677152682305,0.9692950009571081,0.015560156260213846,0.015430057477751155,0.24492242850125176,0.03774143208688273,0.022292338948171127,0.4954214588843199
20.022,1210,20,21000000,,9.6291345148494,0.9693103851414137,0.01549050016795419,0.015471674197836523,0.24486332710119513,0.03762541834863509,0.02240947369980683,0.4953002015610735
20.032,1211,20,32000000,,9.638668993693937,0.9693257914196136,0.015419236164244163,0.015519297601227921,0.24480381665083495,0.037509212950167285,0.022539043422532056,0.4951783576575962
20.045,1212,20,45000000,,9.653406519386074,0.969341731206512,0.015360864214931236,0.015502091198877686,0.24474545380986004,0.03738618632141016,0.02253655213004419,0.49505591685151584
20.054,1213,20,54000000,,9.663969358115772,0.9693572405831282,0.01528932685753058,0.015552458000217496,0.24468530332543198,0.037270759413777714,0.02267157053157724,0.494932868820456
20.071,1214,20,54000000,,9.671209292104704,0.9693725029561154,0.015207767187823455,0.015646692624056657,0.24462390590391078,0.03715737985177218,0.02289658091416682,0.49480920324203886
20.072,1215,20,72000000,,9.681106290235517,0.9693880421496687,0.015132480839067687,0.015711022716976223,0.2445628662043238,0.037041473850081004,0.023060513156854916,0.49468490979389074
20.083,1216,20,83000000,,9.691101270644447,0.9694036340996383,0.015056544767239837,0.015777108851734015,0.24450148770583624,0.03692514078443032,0.02322816685010071,0.4945599781536362
20.092,1217,20,92000000,,9.705398186531724,0.9694196052970644,0.014992011365056408,0.01579817287226405,0.24444076213842056,0.03680883710299868,0.023302908607562744,0.4944343979988979
20.102,1218,20,102000000,,9.717811395382682,0.9694354957485937,0.014923925474281032,0.015838393375897465,0.2443792980724574,0.03669500950900902,0.023416544562770085,0.49430815900729996
20.112,1219,20,112000000,,9.73148545920164,0.9694515419835179,0.014863776526382759,0.015860592967222597,0.24431786157356808,0.03658772964113667,0.02349134095548168,0.4941812508564639
20.122,1220,20,122000000,,9.74407442946029,0.9694675520642514,0.014804097217181032,0.015892839250262098,0.2442558532782732,0.036486262038720206,0.02358539571504114,0.49405366322401895
20.133,1221,20,133000000,,9.754374338826398,0.9694834589391025,0.014735730477046509,0.0159525766165085,0.24419294909983774,0.036381379330473834,0.02373702437673251,0.4939253857875882
20.142,1222,20,142000000,,9.765271117810876,0.969499465149203,0.014672358096350854,0.016003730080892616,0.24412986217748797,0.03628195628177548,0.023869560560547735,0.4937964082247951
20.154,1223,20,152000000,,9.774797367124098,0.9695154548297548,0.01460155293700882,0.016072200433360235,0.2440661014383426,0.03617656176834509,0.02403932050193409,0.493666720213262
20.162,1224,20,162000000,,9.785502145213693,0.9695315928202398,0.014540982265438762,0.016121692808409964,0.24400233888058567,0.0360817075385697,0.024167266090666713,0.49353631143061394
20.174,1225,20,174000000,,9.799342592733998,0.9695479302141905,0.014526894735785204,0.01610628902661445,0.24393927072225552,0.036045264587513226,0.024146624580942095,0.4934051715544774
20.182,1226,20,182000000,,9.808124344625252,0.9695640391423973,0.014465165581574822,0.016175096480455068,0.24387435133778568,0.0359575635943614,0.024312613147427716,0.49327329026247174
20.192,1227,20,192000000,,9.818182305873243,0.9695802084188605,0.014426760234855307,0.016219140793297813,0.24380940815213034,0.0359029750033765,0.024419182845807366,0.4931406572322268
20.202,1228,20,202000000,,9.829638408565414,0.9695963785431772,0.014419555386630551,0.016235827802732368,0.2437444092363305,0.035895522806766285,0.02445746586653217,0.49300726214136104
20.213,1229,20,213000000,,9.841377814571088,0.9696125463115077,0.014424857810725625,0.01624692512277482,0.24367903261567198,0.03590958917040372,0.024478818678220427,0.4928730946675021
20.223,1230,20,223000000,,9.855384471863603,0.9696286401796617,0.014485466686067427,0.016210647882750548,0.2436138056298296,0.03600780207573031,0.024381313094943735,0.49273814448827447
20.232,1231,20,232000000,,9.877666504954583,0.9696441553101943,0.014749682277385105,0.015998188397706312,0.24355023488694783,0.036415006804532364,0.023842781537282157,0.49260240128130306
20.242,1232,20,242000000,,9.891970576602684,0.969660265289636,0.014830459455253249,0.015950423403277146,0.24348431445174248,0.03654677817234455,0.023713237403225663,0.49246585472420845
20.252,1233,20,252000000,,9.916207086198677,0.9696755896464015,0.015153943050686028,0.015682031511561802,0.24342079356864813,0.03704177943968921,0.02303743431623067,0.49232849449461474
20.262,1234,20,262000000,,9.935490682331446,0.969691480450206,0.015347143836597639,0.015520956134730727,0.2433557022940087,0.03733645011875658,0.022633380281880014,0.4921903102701504
20.272,1235,20,272000000,,9.947980638134462,0.9697081704078133,0.015372310823286509,0.015510048947587111,0.2432882954149813,0.03737838599456242,0.022602560249645822,0.4920512917284361
20.282,1236,20,282000000,,9.967003231243622,0.9697243486256503,0.015562903502728946,0.015334637510575108,0.24322280446031871,0.03766107670495416,0.022172053257124787,0.4919114285470974
20.292,1237,20,292000000,,9.977479771633336,0.9697414580146819,0.015543405571182332,0.015362208497168885,0.24315408633395025,0.037635123872436074,0.022237688538050557,0.49177071040375875
20.302,1238,20,302000000,,9.988956261642993,0.9697585764771242,0.015551769129391286,0.015360458172217512,0.24308538037230357,0.03764892455667288,0.022232888252758626,0.4916291269760414
20.312,1239,20,312000000,,10.003300901127481,0.9697754586780506,0.015652815160664045,0.015263617467879423,0.24301763537882737,0.03779622971744842,0.021998517272204032,0.4914866679415715
20.322,1240,20,322000000,,10.012558466380739,0.9697930335991584,0.015603901363786945,0.015316376355785699,0.2429473170465127,0.03772543567186855,0.02212738386426196,0.49134332297797473
20.332,1241,20,332000000,,10.022886081983673,0.9698105883734833,0.015590528288038601,0.015331799048097226,0.24287711716900523,0.03770539957040938,0.022166532208534023,0.4911990817628734
20.342,1242,20,342000000,,10.032299022811518,0.9698283785340039,0.015546476916413567,0.015376375807787135,0.24280607552656044,0.03764000843549079,0.02227717568421451,0.49105393397389335
20.351,1243,20,356000000,,10.04214542672019,0.9698462493699878,0.015518906943247347,0.015400456953689589,0.2427349213357483,0.03759660054767588,0.022340047708420442,0.4909078692886549
20.362,1244,20,362000000,,10.052282847953064,0.9698642636751449,0.015507964413454178,0.015397944150723255,0.24266379293489854,0.03757250344156989,0.022343247590096725,0.4907608773847869
20.376,1245,20,376000000,,10.061434201933993,0.9698828131743759,0.015487193775055159,0.01536557323173349,0.24259302277104627,0.03751480638688836,0.02229328702643334,0.49061294793990795
20.382,1246,20,382000000,,10.069395368694305,0.9699020327108011,0.015409890062275187,0.015353506628048305,0.2425218589446055,0.03735727243987744,0.02231017495370774,0.49046407063164915
20.392,1247,20,392000000,,10.078705526627397,0.9699234003256579,0.015222328838949941,0.015282701472508691,0.24245271135034677,0.036957222276270504,0.022266549667381737,0.49031423513762906
20.402,1248,20,402000000,,10.090221858947679,0.9699441375408229,0.014983636946431424,0.015350770492827733,0.2423803096774226,0.03652540874773196,0.022517205313854125,0.49016343113547667
20.415,1249,20,415000000,,10.103852170398703,0.9699653290554124,0.014690458136407738,0.015446215792959773,0.2423073776999891,0.03600110430600858,0.022847362468233132,0.49001164830281013
20.421,1250,20,422000000,,10.114406050865934,0.9699850631891105,0.014505994166951896,0.015553015646528119,0.242232650622381,0.035693229469715364,0.02314680175079868,0.48985887631725694
20.435,1251,20,432000000,,10.123744521094078,0.9700043570802915,0.014362957407434467,0.015659288924451988,0.24215705517317304,0.035465439469450515,0.02342511634122738,0.4897051048564407
20.442,1252,20,442000000,,10.132103587068348,0.9700233608472527,0.014252374655832274,0.015763293040657805,0.2420807051786336,0.035299478487284416,0.023683289095874388,0.48955032359798795
20.452,1253,20,452000000,,10.146419561353774,0.9700445522343812,0.013941395152222365,0.01589304026260729,0.24200540376780735,0.03475703114255498,0.0240884578268483,0.4893945222195177
20.462,1254,20,462000000,,10.1566776542989,0.9700645241587544,0.013737984455263363,0.016020341612909682,0.24192857500998496,0.03442209192524348,0.024436740132963757,0.48923769039866016
20.473,1255,20,472000000,,10.166067303498338,0.9700843310199211,0.013550660884018781,0.016150747989800925,0.2418510360503099,0.03411981341331896,0.024783229303966158,0.4890798178130345
20.484,1256,20,481000000,,10.174325540502728,0.9701043398513652,0.013301476694541202,0.01632917619022016,0.2417726173995731,0.03372067536498653,0.025252827596651574,0.4889208941402683
20.494,1257,20,494000000,,10.179857394712851,0.9701237205145922,0.013105470848926697,0.01651373096636378,0.2416930082114998,0.033427631927745234,0.02570855473366946,0.4887609090579823
20.503,1258,20,502000000,,10.181951914364209,0.9701426150967926,0.012942578433442578,0.01671355342706741,0.24161219581902588,0.03320616763156289,0.026177881035821922,0.48859985224380326
20.512,1259,20,512000000,,10.1737714960009,0.9701600828749255,0.012804735462375878,0.017016404236015286,0.24152824748408389,0.033083114607597906,0.026835082294196646,0.4884377133753537
20.522,1260,20,522000000,,10.168603179886599,0.9701766357252329,0.012757377696151373,0.017320057964345277,0.24144266482810758,0.03313596601834062,0.027450127790680012,0.4882744821302594
20.532,1261,20,532000000,,10.156961842918298,0.970187916181059,0.012948057081309184,0.017856301619319972,0.24134810462598028,0.033763294837800044,0.028401776326900233,0.48811014818614445
20.543,1262,20,542000000,,10.162401696829681,0.9702055141271082,0.012924070659619983,0.018062780375454897,0.24126326848496193,0.03381425998930806,0.028816999383074186,0.48794470122063055
20.543,1263,20,552000000,,10.168018093844582,0.9702230809177933,0.012906673825036068,0.0182733806989442,0.24117768259727296,0.03387992663192758,0.029237073236484192,0.48777813091134536
20.57,1264,20,559000000,,10.176112247606413,0.9702424834360894,0.012817470333630107,0.018405317935022092,0.24109433851031614,0.03376809001439221,0.0295390992778766,0.4876104269359112
20.57,1265,20,572000000,,10.18393941608512,0.9702617945813077,0.012736033301255837,0.018546109267104705,0.24101013518659808,0.033675541686632546,0.029854570980688437,0.4874415789719495
20.582,1266,20,582000000,,10.189805327043247,0.9702802692592606,0.012691273246540772,0.018730456329451958,0.2409238482908017,0.03367516567207874,0.030236930893388875,0.487271576697089
20.594,1267,20,593000000,,10.198996263526466,0.9703007100778244,0.012571105041111268,0.018830282524191215,0.24084002948134345,0.033487497548962124,0.03049154701153812,0.4871004097889516
20.603,1268,20,602000000,,10.208236801656051,0.9703212651292724,0.012450314011453325,0.018929834469294332,0.2407556717627011,0.03329842658452866,0.03074591828425572,0.48692806792516174
20.613,1269,20,612000000,,10.214453817727506,0.9703406452807087,0.012378656571748067,0.019089289889375353,0.24066865186229758,0.0332335921641408,0.03109292827095535,0.4867545407833447
20.623,1270,20,622000000,,10.219925868247236,0.9703602640467095,0.01229761962110541,0.01924525492899091,0.24058126833478335,0.033148785661053747,0.03143768565921626,0.486579818041121
20.633,1271,20,633000000,,10.217687505520662,0.9703787688855775,0.012248930277734604,0.019466748166920136,0.2404912770122193,0.03315830617299196,0.031894123500497806,0.4864038893761191
20.642,1272,20,642000000,,10.220918796533047,0.9703988284948286,0.012152419413431181,0.01961571879203673,0.24040311132457504,0.03303991653347848,0.03223276328469798,0.48622674446595904
20.652,1273,20,652000000,,10.227970077350239,0.9704196268597028,0.01203764309824588,0.019731804104440632,0.24031541536259907,0.03287013471887027,0.03251632722872251,0.48604837298827125
20.662,1274,20,662000000,,10.226402942955707,0.9704395353166767,0.01194877558207267,0.019901116405565522,0.2402254787116763,0.03277623100219347,0.03289078955608785,0.4858687646206753
20.672,1275,20,672000000,,10.22119519355469,0.9704594597215382,0.011863184831790762,0.020074333032304777,0.24013480180085273,0.03269048300051809,0.033271263781830616,0.48568790904079423
20.684,1276,20,682000000,,10.211881496288248,0.9704793421263839,0.011795413905925145,0.020247100149860055,0.24004326620892885,0.03263903143376522,0.03364231123709602,0.4855057959262528
20.692,1277,20,692000000,,10.211934436911212,0.9704999785845221,0.011718331255078016,0.020382043915611426,0.23995217141309733,0.032551207978443235,0.033944386506317016,0.48532241495467643
20.702,1278,20,702000000,,10.212361537678062,0.9705202611657449,0.011666920755838101,0.020534123305429725,0.23985965773120047,0.03252140289396237,0.03426742425094046,0.4851377558036884
20.713,1279,20,712000000,,10.215423012329943,0.970540529730579,0.01161946034077123,0.020692800406364575,0.23976629517723816,0.03250236033538124,0.03460139706592076,0.4849518081509148
20.722,1280,20,722000000,,10.221671221125641,0.970561410432273,0.011546610588594648,0.020832873682376962,0.2396731435471367,0.03242498594601834,0.034911432905868775,0.48476456167397997
20.732,1281,20,732000000,,10.229497826153228,0.970582788932349,0.011454812838189724,0.020958430272009138,0.23958001020886224,0.032303758271139814,0.03520236510619986,0.48457600605050555
20.743,1282,20,742000000,,10.236171940099652,0.9706036080252324,0.011396524008364795,0.02111055847429776,0.2394850718726141,0.03226029266412453,0.03552884790265721,0.48438613095811656
20.752,1283,20,752000000,,10.245746129044898,0.9706258345354013,0.011274714577518535,0.021212637532730137,0.2393917169673095,0.03206934640142024,0.03578856075501575,0.48419492607443854
20.762,1284,20,762000000,,10.25568044505743,0.9706483568238452,0.011144045130223643,0.021307938719311484,0.2392980346781786,0.031857865812588405,0.03603933622545915,0.4840023810770902
20.772,1285,20,772000000,,10.26565188899958,0.9706710083511627,0.011012774103487045,0.02140297455442151,0.23920373122780791,0.03164501691636444,0.036289865296144544,0.48380848564370194
20.782,1286,20,782000000,,10.274730177383601,0.9706932868065754,0.01090607129952751,0.021517579087848945,0.23910791360315833,0.03148919754253864,0.03656663167187474,0.4836132294518967
20.792,1287,20,792000000,,10.281593959537345,0.9707140929925454,0.010879762072049229,0.021694817341938812,0.23900860934998822,0.03151947528561178,0.03692660772874046,0.4834166021792962
20.802,1288,20,802000000,,10.288776266235473,0.970734376999148,0.01088889123812341,0.021895916553081162,0.23890745111440295,0.03162992698830459,0.037316023060004457,0.4832185935035272
20.812,1289,20,812000000,,10.295730479771013,0.9707540720875159,0.010961633232447242,0.022112302433503882,0.23880414611868203,0.03187116286648145,0.03770478153504775,0.4830191931022112
20.822,1290,20,822000000,,10.304404808751894,0.9707755954173378,0.01097021632864675,0.022254500740135817,0.23870302656779027,0.03195214517496607,0.03798013507374571,0.4828183906529753
20.832,1291,20,832000000,,10.314097699096767,0.9707983951563487,0.010904316792941076,0.02236091297189239,0.2386033558192348,0.031871233011865736,0.03822156925643413,0.4826161758334399
20.843,1292,20,843000000,,10.324124413638415,0.9708217381694801,0.010802704560616192,0.022458345443384667,0.23850383014054705,0.0317165743710889,0.038462609811162694,0.48241253832123476
20.852,1293,20,852000000,,10.334188351209947,0.9708451865106458,0.010708365268977178,0.022554718740497172,0.23840352221582753,0.03157546105648564,0.03869811421524923,0.482207467793979
20.863,1294,20,862000000,,10.3443180930642,0.9708687624702402,0.01062088836889136,0.02264913253847027,0.2383024540054396,0.03144666610351797,0.03892653302200892,0.48200095392929754
20.872,1295,20,872000000,,10.35456615043279,0.9708926334164094,0.010515876980511981,0.022741429169215253,0.23820104556534186,0.03128271955538276,0.039159193618203955,0.48179298640481605
20.888,1296,20,888000000,,10.36490027621503,0.9709164417834552,0.010456766092320716,0.022828326600701183,0.2380982709346223,0.031205290742893126,0.03935948104360767,0.48158355489815774
20.892,1297,20,892000000,,10.37526039681991,0.9709408176110588,0.010318352372360815,0.022920309182146912,0.23799604981613234,0.030976148376610953,0.03960742813305897,0.4813726490869473
20.907,1298,20,901000000,,10.385708214194432,0.9709652207875913,0.010210157023485954,0.02300765894650816,0.23789270763153064,0.030803423414269417,0.03983196146254073,0.4811602586488082
20.912,1299,20,907000000,,10.396250944999899,0.9709897865521001,0.010108557780231831,0.023091663618009604,0.23778861735260476,0.030641840869578447,0.04004684242538716,0.4809463732613644
20.922,1300,20,922000000,,10.407091847221752,0.9710145423283519,0.010035527652581165,0.023163704168649223,0.23768359131581399,0.030529986091548732,0.04022487339855564,0.48073098260224356
20.932,1301,20,932000000,,10.417872041716144,0.9710395318195485,0.00993153487367866,0.023241522736990976,0.23757824790916973,0.030360655425195813,0.04042885394717731,0.48051407634906385
20.943,1302,20,942000000,,10.428914056730331,0.97106468604076,0.009847325731546456,0.023312186859103225,0.23747199338941682,0.030226282250367838,0.0406095155111416,0.4802956441794533
20.952,1303,20,952000000,,10.440041478446895,0.9710898418610825,0.00977265932450264,0.023388405290151088,0.23736469127047666,0.03011302647500618,0.04079643270371494,0.4800756757710354
20.962,1304,20,962000000,,10.451016093457774,0.9711150169777253,0.009680986502421152,0.02347741342089094,0.23725664028590848,0.02997273953691216,0.04101628035626687,0.4798541608014331
20.973,1305,20,972000000,,10.461735067929832,0.971140470269052,0.00955636905513943,0.023569272177412438,0.23714837596979937,0.02976970881945312,0.04125729678450289,0.47963108894827267
20.983,1306,20,983000000,,10.473591270554424,0.9711645468289055,0.009543275386022733,0.023711771645651667,0.23703607481338726,0.02980740029010152,0.04154381181807355,0.4794064498891752
20.993,1307,20,993000000,,10.485807938135377,0.9711879171251334,0.009510295227774395,0.023906237208791058,0.23692208790516506,0.029831052222781436,0.041940794210970286,0.4791802333017694
21.002,1308,21,2000000,,10.497880987660588,0.9712118154179771,0.009437062057916116,0.024090975168064802,0.23680831144130923,0.029771731564199683,0.04233797736222161,0.4789524288636762
21.013,1309,21,13000000,,10.5137321806404,0.9712313110116858,0.00947494908524412,0.024484376842874737,0.23668646167656093,0.030027353304179515,0.04308813406982489,0.4787230262525161
21.034,1310,21,23000000,,10.526330372398027,0.9712555093004431,0.00937849837773177,0.024672250988287493,0.23657146796028986,0.02992410991320908,0.043502468991795065,0.4784920151459207
21.034,1311,21,32000000,,10.541208368604671,0.9712775716322624,0.009372727074962516,0.024953575896935223,0.23645158041609654,0.030041326905349185,0.04405555473737695,0.47825938522151157
21.042,1312,21,42000000,,10.554277166398807,0.9713020595475277,0.009345993703391009,0.02512276676418698,0.2363341027243834,0.030064453239984964,0.04440062336775669,0.47802512615691223
21.052,1313,21,52000000,,10.566414985483176,0.9713278299265969,0.009290639091481413,0.025241853132229014,0.23621765320528143,0.03000807746903714,0.04466184913441359,0.4777892276297453
21.062,1314,21,62000000,,10.578409338163391,0.9713542344948826,0.009241093477191833,0.025335909559631022,0.2361009212328332,0.02995103469150737,0.04487168113614175,0.4775516793176374
21.072,1315,21,72000000,,10.589541827177234,0.9713812943144103,0.009124962514589819,0.02542086656562948,0.2359849479484244,0.02976016259248476,0.04509528355116449,0.47731247089821066
21.083,1316,21,82000000,,10.601087936904985,0.9714085215185048,0.009044523757241915,0.025497533361147934,0.23586766777948737,0.02963465768177,0.04528589814758799,0.4770715920490898
21.093,1317,21,92000000,,10.614530388467308,0.9714364381396368,0.009140566684842198,0.025509653223399955,0.23574764959099248,0.029821605662826097,0.04526773772384379,0.4768290324478994
21.102,1318,21,102000000,,10.626738901207586,0.9714646750076641,0.00912120966140809,0.025540725575297817,0.2356286486903781,0.029793141207856286,0.04534092243596246,0.47658478177226377
21.113,1319,21,113000000,,10.640448798617715,0.9714942216980901,0.009246338959876067,0.02548314446298015,0.23550815648579965,0.030003611668573824,0.045173641130963685,0.4763388296998082
21.122,1320,21,122000000,,10.653539072971832,0.9715243004061673,0.009338497682051895,0.025415052618212582,0.23538776791023588,0.030145019376060837,0.04500153369435978,0.4760911659081519
21.139,1321,21,133000000,,10.66649367219453,0.9715551251058937,0.009445540124701758,0.025314493408499367,0.23526707605547972,0.030300037509275644,0.044759346048808664,0.475841780074925
21.144,1322,21,142000000,,10.678447095135189,0.9715854590645658,0.009456513425456184,0.025271063052939014,0.23514600455951945,0.0302952556933775,0.04467352995526365,0.4755906618777491
21.152,1323,21,152000000,,10.68937948970421,0.9716143743295806,0.009317764001123436,0.025344903599659806,0.23502408968376154,0.030054664129587752,0.04488621837117688,0.47533780099424616
21.164,1324,21,160000000,,10.700934703476992,0.9716450246514662,0.009301212821636567,0.025311448522376954,0.23490160511115615,0.030000995418469165,0.044832763696856,0.47508318710204556
21.172,1325,21,172000000,,10.71206755661144,0.9716750276398401,0.009212925145443349,0.025336869765104065,0.234778205338329,0.029835556175896585,0.044927531914344274,0.47482680987876735
21.182,1326,21,182000000,,10.723197207658847,0.9717054120390637,0.00913590499432462,0.025349775793827845,0.23465403538215793,0.02968606888824451,0.04499265324432495,0.4745686590020375
21.194,1327,21,193000000,,10.734212635984537,0.9717356292176802,0.00903208412017416,0.025386258629704304,0.23452894541644756,0.029495506593698376,0.04511619757528633,0.4743087241494779
21.202,1328,21,202000000,,10.745157967550314,0.9717656591966758,0.008902069470938754,0.025446549377114415,0.23440292210205602,0.029265134734723388,0.0452983134257343,0.4740469949987133
21.213,1329,21,213000000,,10.756186962929135,0.9717966401400284,0.008822477181874455,0.025457781058122082,0.23427623757548263,0.02910966403484683,0.04536133337002468,0.47378346122736925
21.222,1330,21,222000000,,10.767162833240581,0.9718276336756628,0.008729706409493873,0.025480384260184195,0.23414865506408244,0.02893385068037103,0.045452633852077706,0.4735181125130703
21.234,1331,21,234000000,,10.778104320856714,0.9718616416642325,0.008821729859333235,0.025325071891788148,0.23402086932081045,0.02903380445329254,0.04511129301317177,0.47325093853344047
21.245,1332,21,244000000,,10.789004229552447,0.9718922754482437,0.008677812427499248,0.025395761628309116,0.23389133328711906,0.028781015759050933,0.045320071163406105,0.4729819289661013
21.252,1333,21,252000000,,10.799810268591933,0.9719245432914188,0.00863215425868908,0.025374646335493297,0.23376119306670642,0.028676169890396473,0.0453042537992675,0.4727110734886795
21.269,1334,21,269000000,,10.810398926090226,0.9719583310050306,0.008681982180351601,0.025268602186013882,0.23363031421221972,0.02871718849177275,0.04507857400958171,0.4724383617787975
21.272,1335,21,272000000,,10.821224740565768,0.9719900145782137,0.008569151885836662,0.025309802545963322,0.2334981693531787,0.028510843015301483,0.0452153931910687,0.4721637835140814
21.284,1336,21,284000000,,10.831432170000747,0.9720255441212385,0.008712973947583934,0.025117303129475733,0.23336569316054373,0.028694195366890635,0.04477766406827581,0.47188732837215325
21.292,1337,21,292000000,,10.841903365178311,0.972059414411686,0.008721520107389066,0.025044652846731952,0.2332320631997523,0.028670584292516496,0.044636325673940255,0.47160898603064005
21.304,1338,21,303000000,,10.85263466528538,0.9720920962448532,0.008630386537597918,0.025062621523914017,0.23309727121707746,0.0284954569797298,0.044717815572323245,0.47132874616716175
21.312,1339,21,312000000,,10.862527962176237,0.9721295216005194,0.008849481933556547,0.024785127622052677,0.23296260934109544,0.028785633725644282,0.04407978502957921,0.4710465984593446
21.332,1340,21,322000000,,10.873024905397909,0.9721639203485216,0.008838128108984652,0.02471992894251386,0.232826382906232,0.028726824358291776,0.04396230677360474,0.4707625325848142
21.332,1341,21,332000000,,10.883307575121288,0.9721995266830472,0.00888347251852942,0.024590295129443652,0.23268966805322133,0.028748223730866718,0.04369306298783233,0.4704765382211944
21.342,1342,21,342000000,,10.893785205383569,0.9722342779265103,0.008853146692689991,0.024531957278269838,0.23255174411397594,0.028655711771384193,0.043597800372062706,0.47018860504610777
21.352,1343,21,352000000,,10.904303805140854,0.9722689948971451,0.008803657188506002,0.024490249513628454,0.23241283282246383,0.028533656971128942,0.043543813749122195,0.46989872273717737
21.362,1344,21,362000000,,10.913917558806704,0.9723079296820125,0.008982344617580832,0.024186619743946515,0.23227486904099476,0.028733452316410234,0.04287407237903244,0.46960688097203207
21.372,1345,21,372000000,,10.92232762423059,0.9723502180303876,0.009336413146479178,0.023660413469664795,0.23213804022662982,0.029170970624885818,0.041689818476658834,0.4693130694282895
21.382,1346,21,382000000,,10.93051655025411,0.9723908443715048,0.009549218260397417,0.02325593109509601,0.23200004284910716,0.02939059524491176,0.040808196289484455,0.46901727778358016
21.392,1347,21,392000000,,10.938167977492391,0.9724312865855476,0.009725841759857391,0.022872704226059883,0.23186125220274736,0.029549929050755812,0.03998482838043376,0.46871949571552385
21.402,1348,21,402000000,,10.946007769386508,0.9724704784114351,0.009834061667958971,0.02258550227194949,0.23172042408141091,0.0296210067824175,0.039380140153262126,0.4684197129017474
21.413,1349,21,413000000,,10.95688418262905,0.9725049812559993,0.009668784412831494,0.02266544001364461,0.2315747263179521,0.029330584102673803,0.039616776625387866,0.4681179190198722
21.422,1350,21,422000000,,10.966087473890187,0.9725421017644039,0.009642219171535071,0.022562993825849514,0.2314299012978631,0.029225308459044932,0.039434146775714454,0.46781410374752325
21.432,1351,21,432000000,,10.974751824821906,0.9725800366589749,0.00965231878081153,0.0224136814462556,0.2312845258952842,0.029169657754331616,0.03914332943666732,0.4675082567623283
21.438,1352,21,442000000,,10.981889509006571,0.9726200321288971,0.009771608673898185,0.022119155664269616,0.2311396368393079,0.02925922733813695,0.03851938039330013,0.4672003677419063
21.452,1353,21,452000000,,10.992012739859566,0.9726563613341178,0.009658697846766167,0.022127248221752945,0.23099068638867618,0.029037261997588364,0.03859185762431348,0.46689042636388306
21.462,1354,21,462000000,,11.002845001757361,0.9726919765837345,0.009491263220606812,0.022206076656373697,0.23084004152580676,0.028741870759833518,0.038827172909418804,0.46657842230588553
21.477,1355,21,477000000,,11.011719745757853,0.9727302754908019,0.009468933555265522,0.02209393696801432,0.23069028672696132,0.028640422515916378,0.03862370315571287,0.4662643452455341
21.482,1356,21,482000000,,11.021788190654211,0.9727672453946508,0.009355773689049161,0.022100363212675177,0.2305383476384144,0.02841703394921159,0.03869294376965971,0.465948184860455
21.494,1357,21,494000000,,11.027676471075466,0.9728093543634132,0.00954215652040167,0.021720596081596256,0.2303890687898172,0.0285981761173089,0.037872233737747875,0.46562993082827125
21.504,1358,21,504000000,,11.03457756372047,0.972850082072081,0.009635417921922296,0.02145935846970374,0.23023764346406045,0.028653013280258374,0.037325271639133836,0.46530957282660795
21.513,1359,21,512000000,,11.040408581637841,0.972891922855302,0.009777884567824472,0.02112046510350766,0.2300861259835173,0.02876793783393179,0.03660452244905131,0.46498710053308834
21.522,1360,21,522000000,,11.047868944496877,0.9729322409920023,0.009807129830155635,0.020925457685802284,0.22993216361225857,0.028729004792076303,0.03621607205628325,0.4646625036253349
21.534,1361,21,532000000,,11.055531370304381,0.9729724832478408,0.009818352212023188,0.02075381820754127,0.2297769044794954,0.02866584384285683,0.03588142584091339,0.46433577178097624
21.542,1362,21,542000000,,11.058084120584914,0.9730169280811974,0.010110908967303787,0.020209941582608658,0.22962444436190263,0.028979055474130187,0.03469276572418607,0.46400689467763545
21.554,1363,21,552000000,,11.065353190929928,0.973057461418112,0.010126151759815797,0.020038597642700183,0.2294669746032978,0.028924147616394363,0.03435693783905392,0.46367586199293426
21.562,1364,21,562000000,,11.072899514238904,0.9730979708904623,0.010121254107713923,0.01989072582839254,0.229308216796023,0.028840896315982266,0.034076070775086356,0.46334266340449753
21.572,1365,21,572000000,,11.079316646036775,0.9731394801360219,0.010170596403599125,0.019665448607282362,0.2291492555092911,0.028827744169118232,0.0336196125761875,0.46300728858994944
21.583,1366,21,582000000,,11.086364579008029,0.9731806796367913,0.01018379132953138,0.019489658400389638,0.22898866432918838,0.028767050331225157,0.03327611323235278,0.46266972722691596
21.593,1367,21,592000000,,11.094057771292386,0.9732215760479795,0.010161156440617663,0.019364693427963924,0.2288264046453487,0.028659990323956497,0.03304800847477054,0.46232996899301515
21.602,1368,21,602000000,,11.102806255884916,0.9732619588472823,0.0100827149742403,0.019315250938718852,0.22866223868552055,0.028478928611702477,0.032992510669648124,0.4619880035658808
21.614,1369,21,614000000,,11.111124161121278,0.9733028010111728,0.010023303003674908,0.019240634421661084,0.22849724052546797,0.028323374269735153,0.032879256272192674,0.46164382062313086
21.626,1370,21,626000000,,11.120555842071964,0.973343146219265,0.009906746637025801,0.01924095087718535,0.2283303788119181,0.028090844022929665,0.032938028397969984,0.4612974098423912
21.632,1371,21,632000000,,11.129569063530859,0.973383954801279,0.009808800933499104,0.01921590388388332,0.22816268975797507,0.027882899038684655,0.03293885617230013,0.4609487609012817
21.642,1372,21,642000000,,11.138943634894666,0.9734247415693794,0.00969141076218952,0.019215612807354423,0.22799366061902532,0.02764836452863895,0.03299673282496496,0.4605978634774344
21.664,1373,21,653000000,,11.14750105166904,0.9734662520720717,0.009611344850759358,0.01916462562069369,0.22782404449867014,0.02746331203858999,0.03293879755066518,0.46024470724846644
21.664,1374,21,662000000,,11.15442561560834,0.9735090033860915,0.009605346898569945,0.019011941255690477,0.2276543514340707,0.02737609280896475,0.03264899402532166,0.45988928189200434
21.672,1375,21,672000000,,11.162502539241222,0.9735512455262499,0.009541761172360351,0.018934171820562565,0.22748279993328366,0.02721093710927748,0.03253133763897669,0.4595315770856746
21.682,1376,21,682000000,,11.17054073826168,0.973593723330563,0.009477411389887851,0.018855820498937362,0.22731013747299036,0.02704403441679064,0.03241286876329618,0.45917158250709733
21.694,1377,21,694000000,,11.177304716762803,0.9736371764287174,0.009468485368683405,0.018701083097752282,0.2271371082665897,0.026950320590918942,0.032120373626139544,0.4588092878339003
21.702,1378,21,702000000,,11.184402815713861,0.9736805819438403,0.009441668818687009,0.018572446322788663,0.22696264774850056,0.0268337015820419,0.03188685171018304,0.45844468274370787
21.712,1379,21,712000000,,11.190984342011651,0.9737244136540204,0.009434806353305795,0.01842018359117862,0.2267872296221219,0.02674526497080732,0.031598235682996495,0.4580777569141378
21.722,1380,21,722000000,,11.198320616548106,0.9737679714301979,0.009390710299351734,0.018319413554980568,0.2266101309822506,0.026607751611303368,0.031426829007892114,0.4577085000228216
21.732,1381,21,732000000,,11.19659046450915,0.9738160678638696,0.009725405430604163,0.017724015465749126,0.22643661747856025,0.026983756482046994,0.030120040304592217,0.45733690174737873
21.743,1382,21,742000000,,11.185548084993941,0.9738671123842219,0.010427588990533157,0.0166553766050917,0.22626690264907165,0.027861603623018632,0.027724962285118684,0.4569629517654371
21.753,1383,21,753000000,,11.193895011503766,0.9739107691113629,0.01032771115291217,0.0166292866219712,0.22608542416020477,0.027649964432240843,0.02772454434466184,0.45658663975461883
21.763,1384,21,763000000,,11.196850015675249,0.9739563824016781,0.010442144178218326,0.01632726302645856,0.2259056158798674,0.02773095397385904,0.027089519156636224,0.45620795539254816
21.781,1385,21,781000000,,11.200784261213192,0.9740019145203128,0.010517056534920157,0.016069629204061405,0.22572423230537378,0.02775522634659465,0.02655891242155257,0.4558268883568504
21.782,1386,21,782000000,,11.210506960182814,0.9740458791977726,0.01035775798475047,0.01611656812891813,0.22553846301487865,0.027460932975086158,0.0267275900045684,0.45544342832514406
21.792,1387,21,792000000,,11.212342550516523,0.9740923609498686,0.01050914087148532,0.01576241345646879,0.2253556669340302,0.02759085222611037,0.025974424775048664,0.4550575649750597
21.802,1388,21,802000000,,11.220493268990706,0.9741372224059341,0.01040783355421776,0.01573548321662752,0.22516825595962367,0.027376230429672754,0.025972932463810616,0.45466928798422135
21.812,1389,21,812000000,,11.227580821532921,0.974182568290127,0.010345362034282535,0.015659971242002003,0.22498013784494672,0.027215365012547406,0.025859221965882983,0.45427858703024976
21.822,1390,21,822000000,,11.232018253966125,0.9742287586268873,0.010379925477855774,0.015464052056154608,0.22479200632004923,0.027189399930324383,0.025467152736290796,0.45388545179077067
21.836,1391,21,836000000,,11.2384457854262,0.9742746814897045,0.010335817038448674,0.015365353033107692,0.22460169594295232,0.027053975445567726,0.025299963741215004,0.4534898719434102
21.842,1392,21,842000000,,11.247436478088751,0.9743202284236756,0.010194122582532472,0.01538772714235861,0.22440897977264937,0.026782816501406514,0.025412577499954542,0.45309183716578805
21.852,1393,21,852000000,,11.256395353700043,0.9743659957784537,0.010052078629064412,0.01540982395115361,0.22421507378339234,0.02651077667939267,0.02552473333633127,0.4526913371355308
21.864,1394,21,864000000,,11.25436043364736,0.9744146141287485,0.010314357948959546,0.014918460644469052,0.2240250283437591,0.026796357228897026,0.024454620834564077,0.45228836153026303
21.872,1395,21,872000000,,11.257434505902163,0.9744621051006251,0.010384860130672871,0.014673724542031995,0.22383128068031305,0.02681908865241516,0.023951353880932863,0.4518829000276103
21.885,1396,21,885000000,,11.258119903390204,0.9745100324502002,0.010535626098768748,0.014340367657664681,0.22363709686020278,0.026958767043380374,0.02323944240514778,0.45147494230518953
21.892,1397,21,892000000,,11.259140914713967,0.9745579686935341,0.010666494782974783,0.014032912350987487,0.223441421665561,0.027071513711005645,0.022587020095045082,0.4510644780406344
21.902,1398,21,902000000,,11.266208412110748,0.9746053122549208,0.010581740563650476,0.013984031156059368,0.2232419292242353,0.026879746167230375,0.02253515304800258,0.45065149691156586
21.913,1399,21,912000000,,11.27379629195258,0.9746528191777464,0.01047710780281334,0.013958544147384448,0.22304096333688422,0.02665966726380384,0.02253772833013103,0.4502359885956056
21.923000000000002,1400,21,922000000,,11.275241891302588,0.9747013631150329,0.010585314830097633,0.01367265468864168,0.22284133899573008,0.026738325855230522,0.021937578425105117,0.4498179427703768
21.932,1401,21,932000000,,11.279367603920026,0.974749713350277,0.010596695642546491,0.013509132711544075,0.22263919173944619,0.026682977762834653,0.021619251041976158,0.44939734911350726
21.942,1402,21,942000000,,11.28679858476044,0.9747979261953204,0.010491488471762138,0.013486285415410937,0.2224343765262997,0.026463065804622196,0.02162715663558254,0.448974197302622
21.952,1403,21,952000000,,11.290721973210694,0.9748466903542302,0.010502920015852011,0.013327780900706769,0.22222958676289503,0.02641019874359219,0.021318581833467038,0.44854847701534073
21.962,1404,21,962000000,,11.295703238949084,0.974895574997618,0.01047599178443399,0.013214582935907028,0.22202307592686393,0.02630277633075398,0.021115422076308753,0.4481201779292894
21.973,1405,21,969000000,,11.301213836745841,0.9749446542553128,0.010429507123477753,0.013123152568290665,0.22181507925932156,0.026166945552016957,0.020963386395433665,0.4476892897220939
21.982,1406,21,982000000,,11.303195244597676,0.9749942624974501,0.010499723206123864,0.012892525849162693,0.22160714493643138,0.026196985196237678,0.020488083420971352,0.44725580207137583
21.992,1407,21,992000000,,11.308056649536336,0.9750438793664425,0.010471330104322598,0.012776192844042217,0.22139682349188441,0.026085551050420146,0.020279448801778423,0.4468197046547618
22.002,1408,22,2000000,,11.309933967606405,0.9750938986363733,0.010539534187304661,0.012547396304944818,0.22118627874983401,0.026112784637377227,0.01980867387573837,0.44638098714987245
22.012,1409,22,12000000,,11.312852208143894,0.9751440109667747,0.010568982728113154,0.01236880091622925,0.22097390625053007,0.026086818769837265,0.01945301235282029,0.44593963923433844
22.022,1410,22,22000000,,11.316221758735955,0.9751942885006428,0.010578344687488351,0.012216631037117745,0.22075994252921124,0.026033485475833826,0.019157799958972415,0.4454956505857766
22.032,1411,22,32000000,,11.31704482283,0.9752448315635068,0.010664441805819432,0.011978251910012953,0.22054548209114958,0.0260918847495328,0.018660550579534797,0.44504901088181553
22.042,1412,22,42000000,,11.31721911386895,0.9752955870303414,0.010768375967105006,0.011715968009836637,0.220329970933973,0.02617473673709102,0.01810886159411062,0.44459970980007585
22.053,1413,22,52000000,,11.31857970388295,0.9753465218552384,0.01083290459526088,0.01149800640604295,0.22011271278961891,0.02620046948273172,0.017661079184925186,0.4441477370181835
22.062,1414,22,62000000,,11.322302804492926,0.975397666183759,0.01082083972700024,0.01136994383030266,0.2198932163759822,0.026116522642647973,0.017422456244955507,0.44369308221376624
22.072,1415,22,72000000,,11.324677669295903,0.975448983287664,0.010847782728350812,0.011202443052891982,0.21967273814150795,0.026091429782026276,0.017089730959029593,0.44323573506444086
22.082,1416,22,82000000,,11.327558806438311,0.9755005229675844,0.010855003296023782,0.011059088530733875,0.2194506667893314,0.02603859345562436,0.016812809937848148,0.44277568524783817
22.092,1417,22,92000000,,11.330365979321158,0.9755522974642399,0.010860808457246175,0.010916670974994564,0.21922724293919807,0.025983513297099126,0.016538350622099907,0.44231292244158116
22.102,1418,22,102000000,,11.334393614199476,0.9756043701312729,0.010826839397059085,0.01081590508928185,0.219002074708283,0.02586918279526942,0.01636261809496887,0.44184743632328616
22.112,1419,22,112000000,,11.337754952860557,0.9756566632392235,0.010810646578869472,0.010694633014755666,0.21877575327748522,0.025780624325870215,0.016139065839203732,0.44137921657058854
22.122,1420,22,122000000,,11.345488984426185,0.9757093755560473,0.010661801020979977,0.010718801055389464,0.2185466718002179,0.025496886492487207,0.01625738324693369,0.44090825286110835
22.137,1421,22,132000000,,11.348124281385122,0.9757621197387649,0.01066341584600367,0.01057941971770405,0.21831778013676303,0.02543525932212327,0.015990648928072858,0.4404345348724671
22.142,1422,22,142000000,,11.346167094877018,0.9758148002862304,0.010796077086742226,0.010306501329439709,0.21808873490445907,0.025571228218276756,0.015406076909635398,0.43995805228229123
22.152,1423,22,152000000,,11.349186839077408,0.97586797152245,0.010777925298806976,0.010196675092747961,0.21785675637896865,0.025484197431781694,0.015205715540947892,0.4394787947682018
22.162,1424,22,162000000,,11.357356810504765,0.9759217284679619,0.010609479442739713,0.010242041696178164,0.2176219644979643,0.025171461827935424,0.015373756149905144,0.43899675200782984
22.173,1425,22,172000000,,11.358287325086732,0.9759752604455811,0.01064686979248958,0.010075109896674298,0.21738773498606526,0.025168075937057933,0.015037684936894858,0.4385119136787905
22.182,1426,22,182000000,,11.35267867096181,0.9760284977871118,0.010870233936655862,0.009714787207471508,0.2171539371761652,0.025443850624613348,0.014243271719862453,0.4380242694587144
22.192,1427,22,192000000,,11.354844567130996,0.9760825498733313,0.010868928877840111,0.009588180690271397,0.21691654849013964,0.025382827532584678,0.014002868247673677,0.43753380902522476
22.203,1428,22,202000000,,11.356914602390784,0.9761368224259585,0.010867082740067781,0.00946467142717099,0.21667771092488733,0.02532219195531227,0.013768754398751847,0.43704052205594573
22.212,1429,22,212000000,,11.35887317415442,0.9761913204985646,0.01086435962510436,0.009344149622821554,0.21643742361484375,0.025261236655896448,0.013540861298985017,0.43654439822849866
22.222,1430,22,222000000,,11.36275288389702,0.976246261440089,0.010805683044555243,0.009279510805367156,0.21619520095830788,0.025115297225845434,0.013446307014344138,0.4360454272205097
22.232,1431,22,232000000,,11.367918963450581,0.9763015828926508,0.010709759961081288,0.00925129401549256,0.21595123023942117,0.024912394044249844,0.013438938823709175,0.4355435987096028
22.246,1432,22,242000000,,11.376380151161449,0.9763574566239462,0.010521484259125307,0.009314377820491614,0.21570502458130436,0.024568535449255312,0.013649674285602311,0.4350389023734013
22.252,1433,22,252000000,,11.379456536447503,0.976413078248342,0.010480323331489632,0.0092303894753627,0.21545872773827876,0.02444845176523027,0.013509602673979127,0.43453132788953136
22.265,1434,22,263000000,,11.385826836505426,0.976469240442761,0.010346899761178805,0.009237813459308599,0.21521019245602827,0.02418759290704518,0.013587782916058548,0.43402086493561765
22.278,1435,22,269000000,,11.388169135345374,0.9765253048859586,0.010323308911916573,0.009134498024605713,0.21496120383998038,0.024093564759562567,0.013402316336007886,0.4335075031892793
22.283,1436,22,283000000,,11.391134870760613,0.9765816679754032,0.01028091295626474,0.009050221503739306,0.21471060079534526,0.023971062673613538,0.013262107589101456,0.4329912323281464
22.292,1437,22,292000000,,11.385965580549925,0.9766374735665719,0.010454562823841723,0.008758560322583969,0.21446033424095318,0.024181646493274905,0.012624033680732434,0.4324720420298381
22.302,1438,22,302000000,,11.387342393719855,0.976694145803174,0.010444448993025414,0.008650110230178558,0.21420699015682496,0.02411208924904188,0.012422795603401022,0.4319499219719835
22.313,1439,22,312000000,,11.38588383967848,0.9767507611344238,0.010502822332656179,0.008477198500315725,0.2139527481757562,0.02414882409446398,0.012066297569309223,0.4314248618322009
22.328,1440,22,322000000,,11.376180379962074,0.9768065868942643,0.010766901049382846,0.008111347264328397,0.2136987872855825,0.024505131510893695,0.011244924460759151,0.4308968512881179
22.332,1441,22,332000000,,11.380788492635302,0.9768644012959941,0.01066409969046685,0.008092698602238005,0.21344021806525698,0.024293302435770086,0.01125888068868724,0.4303658800173605
22.342,1442,22,342000000,,11.38258315754923,0.9769221054471859,0.010629330292520918,0.008012192394329213,0.21318072614381867,0.024188000029834393,0.011122868374659775,0.4298319376975509
22.352,1443,22,352000000,,11.388445511675274,0.9769805748741953,0.010491229974886048,0.008026501010448422,0.21291891812056052,0.02392122943858666,0.011216143637995524,0.4292950140063123
22.362,1444,22,362000000,,11.390094525625353,0.9770387651214822,0.01045558885023933,0.00794811453393348,0.21265643556459585,0.023815180670130737,0.011084562492715227,0.4287550986212683
22.372,1445,22,372000000,,11.39306846487824,0.9770973644180795,0.01038669878497712,0.007900001713901943,0.21239220067722178,0.023657074039746803,0.01102625750602766,0.42821218122004545
22.383,1446,22,382000000,,11.395306519355197,0.977156115851446,0.010336106963071676,0.007835093286171052,0.2121266165764225,0.023527619006105123,0.010927309311646493,0.42766625148026716
22.393,1447,22,393000000,,11.396827469286848,0.9772150209108643,0.01030382382613446,0.007753056296243847,0.2118596805406977,0.02342672848644093,0.010787085691529771,0.42711729907955753
22.405,1448,22,403000000,,11.399011617128277,0.9772742571525358,0.010254382189669222,0.0076860210510297355,0.21159111284094756,0.023298712259740003,0.010683431973895392,0.4265653136955389
22.412,1449,22,412000000,,11.40183898524436,0.977333825880125,0.010186985293537445,0.007635237314593917,0.21132089644021623,0.02314251142477485,0.010619105240651797,0.4260102850058365
22.423000000000002,1450,22,422000000,,11.390042647484988,0.9773916798704633,0.010478509415610958,0.007267805245862853,0.21105185137147903,0.02355428859126359,0.009784123236312626,0.42545220268807693
22.434,1451,22,433000000,,11.387778688624724,0.9774510752873042,0.010522602750962676,0.007121250557541436,0.21077940611344037,0.023575929159926116,0.009485594358611307,0.4248910564198801
22.442,1452,22,442000000,,11.387567295452111,0.9775110264067081,0.010513534087487248,0.007020629381174931,0.2105050346604266,0.023513129777883245,0.009299315579171512,0.4243268358788735
22.452,1453,22,452000000,,11.388721472075025,0.9775714237298756,0.010470555056684554,0.0069501448293522155,0.21022886212506656,0.023396794547705192,0.009186229400036314,0.42375953074268047
22.462,1454,22,462000000,,11.387045463698707,0.9776316460760677,0.010492636829040603,0.006825555493746586,0.20995161574794843,0.023385006174053723,0.008939985079134885,0.42318913068892355
22.472,1455,22,472000000,,11.388784503857634,0.9776926155652294,0.010432794743261392,0.006773812798329146,0.2096721767980647,0.023243700236326572,0.008870596270165306,0.4226156253952276
22.482,1456,22,482000000,,11.390452208694427,0.9777538257799355,0.010372364327290967,0.006723611374109627,0.2093911728823622,0.02310191772588452,0.008804424173693022,0.42203900453921955
22.493,1457,22,493000000,,11.391351025097526,0.9778151747018143,0.01032761841202031,0.006660866438359699,0.20910872119327345,0.022985589730574546,0.008707112421433587,0.42145925779851723
22.502,1458,22,502000000,,11.395005820510457,0.9778771749365109,0.010218285575676018,0.006651741220551317,0.2088242603645875,0.02276538244121788,0.008741631304416197,0.420876374850752
22.512,1459,22,512000000,,11.397210478684398,0.9779392108491766,0.010141182363028786,0.006615234163290126,0.2085384736228175,0.022596761287343982,0.008709050465981402,0.4202903453735436
22.522,1460,22,522000000,,11.399376078939573,0.9780014889048239,0.010063941890513803,0.00657815291275313,0.2082511288752795,0.02242763987256477,0.008675340986075619,0.4197011590445188
22.531,1461,22,532000000,,11.388965898714279,0.9780621893169034,0.010272584434375176,0.0063015942125631726,0.20796422227884434,0.022718156052296504,0.008054129075002902,0.4191088055412982
22.542,1462,22,542000000,,11.39382631205503,0.9781253879869797,0.010129781865792182,0.006319551636506283,0.20767324373107196,0.022443827716363805,0.008155348877363139,0.41851327454150955
22.552,1463,22,552000000,,11.393021986052059,0.9781880097232216,0.01011120033834992,0.006235057098765543,0.20738154528408606,0.022369963658804237,0.008004448961721733,0.417914555722775
22.561,1464,22,562000000,,11.391435455492644,0.9782507749811415,0.01010654042508183,0.006139772265674071,0.20708834415765118,0.02231894901240629,0.007826660416161953,0.41731263876271646
22.573,1465,22,573000000,,11.388397724198512,0.9783135737138957,0.010131710207347502,0.0060203665715643905,0.20679375019996174,0.02231642253942101,0.007589336826892704,0.41670751333896394
22.583,1466,22,583000000,,11.391636813616055,0.9783775416963287,0.01001840824895391,0.006014061258854522,0.20649660643114778,0.022089777230249304,0.007630584378884087,0.41609916912913747
22.592,1467,22,592000000,,11.396924550394033,0.978442037088886,0.009859114163921722,0.006045097034642242,0.2061975623694311,0.021788492579637556,0.007763781493611495,0.4154875958108617
22.603,1468,22,603000000,,11.387479847308818,0.9785046679425453,0.010016557691711768,0.005821596784040479,0.20589898590702638,0.022002174914241952,0.007268185106099393,0.41487278306176206
22.614,1469,22,612000000,,11.391254908984719,0.9785694640665813,0.00988599403540336,0.005830308903529185,0.2055968837712898,0.0217479514888335,0.007345731446969625,0.4142547205594598
22.625,1470,22,622000000,,11.391456433742079,0.9786339975627352,0.00982835427402049,0.005781660207412966,0.20529363037340134,0.02161285469155334,0.007280925752730335,0.4136333979815828
22.632,1471,22,632000000,,11.38666802584436,0.9786980790527848,0.00987200155205368,0.0056536383555329285,0.20498939001101948,0.021643512542487846,0.0070191564808958365,0.4130088050057523
22.642,1472,22,642000000,,11.385364852028562,0.9787628911997868,0.00984298365029152,0.005582462851955143,0.204683058877868,0.02155534745668963,0.0068984856732661965,0.41238093130959463
22.666,1473,22,652000000,,11.385430725493041,0.9788281404709704,0.009784769426617825,0.005534333901076233,0.20437490270990072,0.021419511324160194,0.006834854138238271,0.4117497665707335
22.666,1474,22,662000000,,11.387545799917216,0.9788939243629101,0.009682539952963028,0.0055208317677390584,0.20406482715557078,0.021211663455190804,0.0068569393985822005,0.41111530046679073
22.672,1475,22,672000000,,11.3903047271683,0.9789600347959354,0.009565487889637663,0.005518978935511846,0.203753018591832,0.020979517409627772,0.00690778049465138,0.410477522675393
22.682,1476,22,682000000,,11.392307567205542,0.9790262774158378,0.00946237399550794,0.0055065356323992145,0.20343964626636835,0.020770313283085158,0.006932097645329458,0.40983642287416094
22.692,1477,22,692000000,,11.395649417488444,0.9790929354161474,0.009329875254388127,0.005516709958053299,0.20312445238613733,0.020512730106671925,0.007012549364118969,0.40919199074072393
22.703,1478,22,703000000,,11.394723027588366,0.9791592848721387,0.009280726920800982,0.005463369789667867,0.20280807318014935,0.020392554534101465,0.0069346614040817905,0.4085442159527038
22.713,1479,22,713000000,,11.383899214630445,0.9792246300026513,0.009420193726123141,0.005266681689923341,0.2024911010644908,0.020583772020326224,0.006499563820149873,0.4078930881877234
22.733,1480,22,722000000,,11.38637037259004,0.979291927320751,0.009298953967117744,0.005268195587813631,0.20217095897970808,0.020344774362792705,0.006558292952552252,0.40723859712340893
22.733,1481,22,732000000,,11.388090069955867,0.9793593570333393,0.009191284672945985,0.0052593851808639906,0.20184922329507324,0.020128143212883594,0.00659119655802015,0.4065807324373827
22.742,1482,22,742000000,,11.390456722225176,0.9794270962280136,0.009069928286655395,0.005260997515597034,0.201525734040041,0.019888870754313344,0.006649928140184045,0.4059194838072706
22.754,1483,22,754000000,,11.387167755145473,0.9794943784535358,0.0090555183484914,0.005183407278915619,0.20120112438637786,0.019827192573782123,0.006510321623756682,0.4052548409106933
22.763,1484,22,761000000,,11.387311464502977,0.979562325428981,0.008972506838652385,0.005157725888815085,0.20087444482774194,0.019652050017852602,0.006499979041584992,0.4045867934252793
22.773,1485,22,773000000,,11.374753427902867,0.9796289941885358,0.009120886107422965,0.0049637226891958075,0.20054726285551258,0.019862762536321174,0.006066913061422929,0.4039153310286512
22.783,1486,22,783000000,,11.369898694762451,0.9796968237154289,0.009124883394196221,0.004876277866668718,0.20021761166068588,0.01983351751597415,0.005900657396538924,0.403240443398432
22.792,1487,22,792000000,,11.37269294033308,0.9797658320228912,0.008987480840035492,0.004891203920507601,0.19988550651022707,0.019568214850999813,0.005991570486034076,0.402562120212246
22.802,1488,22,802000000,,11.369861066003807,0.9798343885906328,0.008951125362445023,0.004833789615036484,0.1995522056202939,0.019471997038349828,0.005900227200059048,0.4018803511477201
22.812,1489,22,812000000,,11.366980081749894,0.9799031875607283,0.008912499214227756,0.004777959570183251,0.19921717162038596,0.019372014840341466,0.005812862590103255,0.40119512588247463
22.823,1490,22,822000000,,11.367526320317014,0.9799726303641265,0.008810517328698123,0.0047672258422963906,0.1988800947289208,0.019165844384627043,0.005839061834610497,0.4005064340941349
22.832,1491,22,832000000,,11.36732604507303,0.9800422171450224,0.008720152735917109,0.004748080406911879,0.19854134904895904,0.018979079670366498,0.005844049987313667,0.39981426546032595
22.845,1492,22,844000000,,11.366388048292563,0.9801119491902621,0.008641525743636353,0.004720623116315409,0.1982009253375996,0.018812018031911255,0.005827994442167692,0.39911860965867163
22.857,1493,22,856000000,,11.36886900554206,0.9801822811745693,0.008502122607638184,0.004736476358067455,0.19785847309198537,0.018542951446959957,0.005920821001826272,0.3984194563667973
22.864,1494,22,864000000,,11.372680071130919,0.98025296290495,0.008338556441378571,0.0047693636294839905,0.1975141776255827,0.018233167814582344,0.006056436447112108,0.39771679526232534
22.872,1495,22,872000000,,11.377818397886779,0.9803239773884909,0.008150875182038008,0.004819150005955273,0.19716804605259103,0.017882662157876948,0.006234512724706462,0.39701061602287885
22.882,1496,22,878000000,,11.381518318840953,0.9803950413144513,0.007987510008047016,0.004851573703421792,0.19682028574947932,0.017572867440597297,0.0063687526521444,0.3963009083260847
22.892,1497,22,892000000,,11.383092364316154,0.980466106056941,0.007860438204162918,0.00485833904278077,0.19647092641539457,0.017324056793898854,0.006438222852416603,0.3955876618495635
22.903,1498,22,903000000,,11.369470019107464,0.9805359710233289,0.007992537874426718,0.004684858865429174,0.19612083256266863,0.017512754523136977,0.006052375859950671,0.3948708662709448
22.915,1499,22,913000000,,11.363365595222541,0.9806068026686857,0.007987552015948926,0.004607286596894841,0.19576841032940875,0.017470411657103363,0.005908486814046012,0.3941505112678474
22.924,1500,22,922000000,,11.356527193717358,0.980677799633572,0.007991493019718372,0.004523518637402138,0.19541424493702744,0.017443252331836332,0.0057489571267290126,0.39342658651789986
22.941,1501,22,936000000,,11.351716600538575,0.9807492080025616,0.007961198543899156,0.004464489133738986,0.19505814173437444,0.017358697176914524,0.005651325257662214,0.39269908169872186
22.941,1502,22,945000000,,11.348241006261862,0.9808209668256689,0.00790736440489224,0.004422448459171724,0.1947001452823147,0.01723464336769236,0.005596159559168324,0.39196799157432777
23.007,1503,22,952000000,,11.345402031958832,0.9808930117299484,0.007840660807378672,0.004389220809002364,0.19434031573027938,0.017088800053588524,0.005563227739777939,0.39123333125428605
23.007,1504,22,970000000,,11.339103017656756,0.9809649723496875,0.00782501121411688,0.004321001147752437,0.19397891939991047,0.017029565319116185,0.005441753961095007,0.39049512093454547
23.007,1505,22,984000000,,11.336867117637118,0.9810375103497686,0.007744408637886606,0.004297057360874958,0.19361550227090388,0.01686011210858701,0.00543230049157908,0.3897533808110457
23.007,1506,22,984000000,,11.341389584373667,0.9811108279839937,0.007558527806059584,0.004344391729797798,0.19324993694815346,0.01651162326137492,0.005603318811690822,0.3890081310797679
23.007,1507,22,993000000,,11.336344812463919,0.9811835218254903,0.007519711469465229,0.004292862738619984,0.1928831816593945,0.01641346332579866,0.005523348698177167,0.3882593919366535
23.007,1508,23,7000000,,11.329252439838914,0.9812562503470851,0.007509520299755802,0.0042231016346709685,0.19251478819100998,0.016364515158519992,0.005396528523276865,0.3875071835776396
23.007,1509,23,13000000,,11.329559443367328,0.9813297913729919,0.007384838551982133,0.0042293207709184055,0.19214426238953428,0.01612014226474737,0.0054628353974781095,0.3867515261986974
23.007,1510,23,22000000,,11.329815468225142,0.9814035070100977,0.007259792796787094,0.004235454317342857,0.19177203331965514,0.01587496500634363,0.0055289571588147905,0.38599243999576416
23.007,1511,23,32000000,,11.322642228591244,0.9814768365106629,0.0072433429212680886,0.004168099211000826,0.19139848569232115,0.015814772914887164,0.005409082299393732,0.38522994516481474
23.038,1512,23,42000000,,11.321482407317296,0.9815508039475925,0.007137524869649835,0.004161122141253909,0.1910229307467965,0.015602290061046369,0.005441870587565616,0.3844640619017757
23.052,1513,23,52000000,,11.317623159008164,0.9816247410052374,0.007070589759022386,0.00412865825656788,0.1906458202737757,0.015456396128441116,0.005409655799743635,0.3836948104026235
23.063,1514,23,63000000,,11.314403263212895,0.9816989004895824,0.006992682201794654,0.004103823181467171,0.19026699610932313,0.015291879707466602,0.005396510328650093,0.3829222108633026
23.072,1515,23,72000000,,11.318424905473497,0.9817737354930117,0.006808588769524975,0.004149023176573778,0.18988617912250857,0.014945459048529532,0.005561118815955939,0.3821462834797559
23.082,1516,23,82000000,,11.315118796264306,0.9818482192477774,0.006728868605348433,0.004125046002371989,0.18950403869769766,0.01477764650947959,0.005550071083692264,0.38136704844794167
23.092,1517,23,92000000,,11.315732188223617,0.9819231186995088,0.006591800820343195,0.004138749796028017,0.18912008850331372,0.014511464351746588,0.005634614120783643,0.38058452596382425
23.103,1518,23,102000000,,11.314322337047027,0.981998038071424,0.0064821070203172765,0.00413391316342569,0.18873459215101063,0.014291974032961273,0.0056722239989909105,0.3797987362233447
23.113,1519,23,112000000,,11.314838817450076,0.982073216132075,0.006344591021064095,0.004147459074174277,0.18834739951484922,0.014024724180902903,0.0057562742925739,0.37900969942245233
23.122,1520,23,122000000,,11.318584598739314,0.9821487035333313,0.006161577329334249,0.004191370028484586,0.18795848352733566,0.013679443556676654,0.0059168903416847276,0.37821743575710975
23.132,1521,23,132000000,,11.309842510983602,0.982223638962874,0.006151403661408847,0.004120041220830357,0.1875684103357039,0.013630337543870644,0.005786018032997121,0.3774219654232703
23.143,1522,23,143000000,,11.299804562876908,0.9822986370542781,0.006157972465103437,0.004040980950022215,0.1871767546715887,0.0136113275986683,0.005633671356821927,0.3766233086168711
23.152,1523,23,152000000,,11.303385909041724,0.9823745209005885,0.005975708468776527,0.004084194042751481,0.18678305852688157,0.013267095737626812,0.005792126509059831,0.3758214855338888
23.164,1524,23,164000000,,11.290057375703034,0.9824496475206871,0.006019876139010976,0.0039807717087783955,0.18638831678608778,0.013312989398442266,0.005577775284863344,0.37501651637025557
23.177,1525,23,175000000,,11.289654773157533,0.9825255821783747,0.00588933690409275,0.003990016763013679,0.18599160153648575,0.013057647014046762,0.005649882738837294,0.37420842132193144
23.182,1526,23,182000000,,11.281484524942888,0.9826012473503548,0.005860874611546566,0.003932922621115295,0.18559356393466617,0.012978220115388302,0.005553536679390851,0.3733972205848701
23.192,1527,23,192000000,,11.279076544318835,0.9826773198107558,0.0057556376357775435,0.003926135034265827,0.18519379910960324,0.01276660671614529,0.005584459931534545,0.37258293435502843
23.202,1528,23,202000000,,11.281105620286178,0.9827537088861313,0.005591463761911538,0.003957321403179932,0.1847923775778218,0.012453154158213815,0.005711655862237654,0.37176558282834193
23.213,1529,23,213000000,,11.273515931777311,0.9828297707243298,0.005550895587741446,0.003907847473753426,0.18438969077542583,0.012352814683214608,0.005634471644544269,0.3709451862007995
23.222,1530,23,222000000,,11.27354114469716,0.9829062776789612,0.005410743727940406,0.003922689431099087,0.18398528652918464,0.01208043370231533,0.005720308860725484,0.37012176466831376
23.232,1531,23,232000000,,11.274152251116154,0.9829828974913783,0.005262552679475929,0.003942601927411397,0.18357936885388848,0.011794032393343562,0.005818861170495573,0.36929533842685913
23.244,1532,23,244000000,,11.265249200150771,0.983059253464101,0.005232604316126566,0.003882296973715683,0.1831721916691593,0.011710636852583074,0.005716151856549215,0.36846592767237674
23.252,1533,23,252000000,,11.260122189780029,0.9831358509640992,0.005154684953130046,0.0038546540125525956,0.18276342471778695,0.011544934376846049,0.005695152141619139,0.36763355260083774
23.263,1534,23,262000000,,11.258095151056505,0.9832126519332705,0.005037499876679913,0.0038536987160002617,0.1823531016449803,0.011311762683557039,0.005740834748095514,0.3667982334081704
23.273,1535,23,272000000,,11.254147625221316,0.9832894722785194,0.004942818344897512,0.0038375685847902045,0.18194135132068526,0.011117279985373409,0.005748307136001929,0.3659599902903547
23.287,1536,23,282000000,,11.253908733049608,0.9833664948019473,0.004801971684482931,0.0038521525054054633,0.18152806639731564,0.01084314064166412,0.005832803217295477,0.36511884344331413
23.292,1537,23,292000000,,11.253002264766549,0.9834435655857414,0.004668535514580115,0.0038616066582172143,0.1811133514630268,0.010581641383509042,0.00590431051960697,0.3642748130630267
23.303,1538,23,298000000,,11.253913958351108,0.9835207503417526,0.004512671998302291,0.003886067291314592,0.18069717186397585,0.010281382851077686,0.0060132377399184775,0.3634279193454351
23.313,1539,23,313000000,,11.24489471011146,0.9835977446061164,0.004474075374067292,0.0038313964423437132,0.1802797266932963,0.01018318177261087,0.005923970276150714,0.36257818248649454
23.322,1540,23,322000000,,11.238358738999473,0.9836748720328722,0.004405642461596158,0.0037982597044819728,0.17986080637212418,0.01003409796699629,0.005887734462784126,0.36172562268214575
23.332,1541,23,331000000,,11.237305527564086,0.9837521997286846,0.004271825253877058,0.0038087990435403504,0.17944039146139992,0.009772068893007758,0.005960788181921089,0.3608702601283494
23.342,1542,23,342000000,,11.239871321241639,0.9838296558104124,0.004094969345273862,0.0038472572318679014,0.1790185414581929,0.00943528108348766,0.006103978541636667,0.36001211502106933
23.356,1543,23,356000000,,11.225934282273544,0.9839068165905257,0.004108949160209928,0.0037610844278227282,0.17859548439818732,0.00942937728061186,0.005933468496945984,0.35915120755624663
23.364,1544,23,361000000,,11.227182688665042,0.9839843492753022,0.003946530191569639,0.003789883828706015,0.1781708788249982,0.009117435040909585,0.006052096186783157,0.3582875579298275
23.373,1545,23,373000000,,11.227168595504502,0.9840618910808715,0.003798067872817029,0.0038092746361305346,0.17774492574900425,0.008829507716888714,0.006146988131125991,0.3574211863377883
23.385,1546,23,383000000,,11.225899061698762,0.984139446792274,0.0036632889114303476,0.0038194166238815115,0.17731762923748318,0.008565144380283827,0.0062185857961650996,0.3565521129760558
23.394,1547,23,392000000,,11.222781032615458,0.9842170120973035,0.0035486252478423713,0.003816156737736179,0.17688899712774567,0.008335566620014083,0.006256468058157646,0.3556803580406048
23.402,1548,23,402000000,,11.222632025941133,0.9842946437176744,0.0034004600313040584,0.003835337148262969,0.17645900773049586,0.008047917902696237,0.006350162695711089,0.3548059417273688
23.413,1549,23,412000000,,11.221835645019814,0.9843722902051254,0.0032591727587513945,0.003849964509039213,0.17602769623705258,0.007772118496399714,0.006432231771231236,0.35392888423231555
23.422,1550,23,422000000,,11.220994612828049,0.9844499560009634,0.003118068917371445,0.0038643892980748046,0.17559506904033712,0.0074965302688451314,0.006513606754064377,0.35304920575137544
23.432,1551,23,432000000,,11.220108506858574,0.9845276377197546,0.00297710031269493,0.003878657888124224,0.17516113567990582,0.007221075079190086,0.006594395026550179,0.3521669264805319
23.454,1552,23,442000000,,11.219774058205308,0.9846053336603517,0.002829724845869608,0.0038970775103879716,0.17472590641276398,0.006934375687548127,0.006685363926910847,0.3512820666157151
23.456,1553,23,451000000,,11.218201211783196,0.9846830361342547,0.00269544892511946,0.003906587998873529,0.1742893900233891,0.006670280939164392,0.006753976913664154,0.35039464635289264
23.463,1554,23,462000000,,11.217775394155598,0.984760745465992,0.0025483044247666363,0.00392451471223857,0.17385159912435671,0.006383699484824538,0.006843415884035832,0.34950468588800554
23.472,1555,23,472000000,,11.216709871419386,0.9848384576287021,0.002407646005215705,0.003937820018799392,0.17341254046271282,0.006108203787771116,0.00692125642580622,0.34861220541702137
23.487,1556,23,483000000,,11.209687890046846,0.9849162024417083,0.0023291873854576033,0.003907239310192588,0.17297220162471239,0.0059399723172444945,0.006890891801569411,0.34771722513587383
23.494,1557,23,492000000,,11.207368466089724,0.9849939306555724,0.0022004383247941723,0.003911187892967774,0.17253062699744057,0.005684603926018857,0.006945762512744644,0.34681976524052693
23.502,1558,23,501000000,,11.206185313266538,0.9850716453784504,0.0020596571067877474,0.003923571124234119,0.17208781733065237,0.005408376885067518,0.00702117122109377,0.34591984592691993
23.512,1559,23,512000000,,11.205545269536483,0.9851493430229199,0.0019130960874335875,0.003940050158203126,0.17164378232147126,0.005122092661609547,0.007106393365851542,0.3450174873910328
23.524,1560,23,523000000,,11.19083407031404,0.9852271795992803,0.0019112571241886298,0.003853657301996691,0.17119842581183883,0.005085669421373685,0.006939103095111534,0.34411270982879394
23.532,1561,23,531000000,,11.186046979206479,0.9853049136831814,0.001805655931742118,0.003840522999126323,0.1707519167140671,0.0048699335677736206,0.0069515899304308315,0.343205533436171
23.543,1562,23,542000000,,11.181810792432747,0.9853826306646138,0.0016938113438832716,0.003831370012715601,0.1703042066169893,0.004643231010957261,0.006973861058714155,0.34229597840910847
23.553,1563,23,552000000,,11.176965322934143,0.9854603394875615,0.001587479181304236,0.0038180887719909784,0.16985529548718273,0.004425963188758052,0.006985923446384894,0.34138406494355955
23.562,1564,23,562000000,,11.165193708954423,0.985538120399105,0.001548586666792113,0.003757149033590001,0.16940513259837706,0.004325458934775024,0.006881004434416951,0.34046981323547426
23.572,1565,23,572000000,,11.160882456884643,0.9856157828431262,0.0014354541806367277,0.0037502371899835797,0.16895385110392008,0.004096955826872006,0.006907589836146357,0.3395532434808075
23.583,1566,23,582000000,,11.156537803147032,0.985693419101213,0.0013218350793014013,0.003743417698339248,0.16850140390073695,0.0038674931771995585,0.006934317819596889,0.33863437587552175
23.594,1567,23,592000000,,11.148188964079512,0.985771090535356,0.001244811159180708,0.0037090702075262025,0.16804776198482524,0.003700896003881995,0.006894267522924427,0.33771323061555947
23.602,1568,23,602000000,,11.144948054656762,0.9858486518135989,0.0011195946970516974,0.003709543260049133,0.16759302346406074,0.003450978914792434,0.006938879604980719,0.3367898278968778
23.612,1569,23,612000000,,11.140562882200651,0.9859261953210534,0.0010050290184915143,0.003702019242971387,0.16713713635798808,0.003219342286587302,0.006963936437758629,0.3358641879154317
23.623,1570,23,622000000,,11.136721432605915,0.9860036880107346,0.0008852663471969913,0.0036984421595563106,0.1666801279646645,0.0029787427396252633,0.006998299727246819,0.33493633086715674
23.632,1571,23,632000000,,11.13119655845497,0.9860811705198608,0.0007806635760822914,0.0036835952030906376,0.1662219806070852,0.002764255631056592,0.007005178141045917,0.3340062769480312
23.643,1572,23,642000000,,11.128424347487746,0.9861585493713441,0.0006503395266384542,0.0036876877408365807,0.1657627627648397,0.002505303401871612,0.007057744025686005,0.3330740463539891
23.656,1573,23,652000000,,11.113083503831316,0.9862361660933203,0.0006347733019942638,0.003602682405598136,0.16530227594285624,0.002443196507455611,0.00689638708905279,0.3321396592810012
23.662,1574,23,662000000,,11.109771881786566,0.9863134683047924,0.0005097562189700666,0.0036020021123314705,0.16484085649483768,0.0021931276080305625,0.00693740473565398,0.33120313592499073
23.672,1575,23,672000000,,11.106973246220317,0.9863906983235161,0.00037987476814645897,0.0036053032749596,0.16437836762878,0.001934726050342592,0.006987645705909888,0.33026449648194156
23.683,1576,23,682000000,,11.102544095447234,0.9864679064095596,0.0002645881197681954,0.0035975762585710937,0.16391478597774822,0.0017014499006861355,0.007011104668856316,0.3293237611477907
23.692,1577,23,692000000,,11.097048806411674,0.9865450794856827,0.00015852097364085695,0.003582864842062828,0.1634501272352283,0.0014840526881312215,0.0070175524118147,0.32838095011849344
23.703,1578,23,702000000,,11.093137682905997,0.9866221456131412,3.7818615666665445e-05,0.003579187113869544,0.1629844464207484,0.001241360199267983,0.007050341256169477,0.3274360835899959
23.709,1579,23,709000000,,11.087132692864065,0.9866992035241663,-6.44047005849052e-05,0.0035606544318931488,0.16251768936588734,0.0010302682963103942,0.007047581930415419,0.32648918175827646
23.722,1580,23,722000000,,11.079605507049129,0.9867762389766992,-0.00015301836496613283,0.0035313015033136487,0.16204987098443746,0.0008425249855170147,0.0070188596747,0.32554026481924936
23.736,1581,23,732000000,,11.073645202445341,0.9868531560420962,-0.00025563633637275523,0.0035135340298545845,0.16158105748644744,0.0006309056131328373,0.007017353864322203,0.32458935296889996
23.742,1582,23,742000000,,11.066185317275599,0.9869300434876054,-0.00034524829650800905,0.0034858162623996607,0.1611112011939327,0.00044174706961773604,0.00699181729268628,0.3236364664031566
23.752,1583,23,752000000,,11.066797595283605,0.9870065981199433,-0.0005059985115608226,0.003513661084688598,0.16064050989394002,0.00013002815383639186,0.007098640683523369,0.32268162531799405
23.762,1584,23,762000000,,11.0663598519198,0.98708309040118,-0.000657411424699434,0.0035342535331234423,0.16016881564848445,-0.0001656892772455627,0.007187859311733137,0.3217248499093479
23.773,1585,23,772000000,,11.06387343733513,0.9871595589278888,-0.0007906440545597375,0.0035405782933130756,0.15969610015471256,-0.0004301618768954258,0.007242820281350144,0.3207661603731857
23.783,1586,23,782000000,,11.061358069254666,0.9872359349522594,-0.0009234839315977348,0.0035465427539603596,0.15922241660915992,-0.0006940333608604274,0.007296692337587435,0.3198055769054502
23.792,1587,23,792000000,,11.057819893647931,0.9873122546940701,-0.001047072889022941,0.0035450940143065234,0.15874774857523666,-0.0009420498690331617,0.007332736168350574,0.3188431197020929
23.802,1588,23,802000000,,11.05475529696908,0.9873884588500449,-0.0011746429498646473,0.0035468697305485897,0.15827214302835432,-0.0011969492847305639,0.007376169874694368,0.3178788089590636
23.812,1589,23,812000000,,11.051667342484466,0.9874645632451293,-0.0013017578819464587,0.0035484212727942225,0.1577955971121931,-0.00145106949074346,0.0074187719016790875,0.3169126648723388
23.822,1590,23,822000000,,11.047089373996823,0.9875406280542091,-0.001415306833088038,0.003539404094853482,0.15731807737040293,-0.001681768791496592,0.007435985912517077,0.31594470763783455
23.832,1591,23,832000000,,11.047370931087112,0.987616372822217,-0.001572336810311431,0.003565119011050523,0.15683978390982078,-0.001987483896677311,0.00753522105142077,0.3149749574515397
23.842,1592,23,841000000,,11.041773726801372,0.9876922678067039,-0.001676695255165115,0.003549314893792518,0.15636040154609554,-0.0022022375822118427,0.007535670560267214,0.31400343450937557
23.853,1593,23,852000000,,11.03955504877613,0.9877678974232316,-0.0018112337757606916,0.0035574833799671773,0.1558802250585348,-0.002469148217250952,0.007592679765146496,0.3130301590073153
23.864,1594,23,862000000,,11.038268634372328,0.9878433642876159,-0.001953960300582336,0.0035722216477726406,0.15539919209753728,-0.0027502569754093214,0.007664953659621533,0.3120551511413208
23.87,1595,23,872000000,,11.032624468675495,0.9879189243168047,-0.0020579682166758087,0.0035561221389994184,0.15491713184434802,-0.0029644944139856533,0.007664024810810919,0.3110784311073065
23.883,1596,23,882000000,,11.028413186103391,0.9879942991979568,-0.002174343796059979,0.003549722657057851,0.1544342463654114,-0.0032001810465291914,0.007685873459377991,0.3101000191012596
23.893,1597,23,891000000,,11.02703295513624,0.9880694058507311,-0.0023156979529306973,0.0035635623730974116,0.15395060177858058,-0.0034790270939254,0.007755177836275188,0.30911993531912607
23.906,1598,23,902000000,,11.020889866080227,0.9881446400970272,-0.0024140621803110276,0.0035428064345795793,0.15346592805529657,-0.003683603796711601,0.007742640323918227,0.3081381999568453
23.913,1599,23,912000000,,11.019917495054381,0.9882194672450375,-0.0025586834035415318,0.00355960940771988,0.15298060948381356,-0.003968110755630054,0.007818288167482557,0.3071548332103866
23.923000000000002,1600,23,922000000,,11.01702846199934,0.9882942658568513,-0.002685893256586791,0.003562570658176968,0.15249438724814407,-0.0042225047607756215,0.00786098456056912,0.30616985527569446
23.932,1601,23,932000000,,11.01224250722527,0.9883690390827163,-0.002795935466581729,0.003551952686730041,0.15200726614108342,-0.004447139292346986,0.007871366423503976,0.30518328634872205
23.942,1602,23,942000000,,11.006516948476687,0.9884437337289798,-0.0028975719899478913,0.0035346198651031425,0.15151929181093154,-0.004657208458704818,0.007865702932641931,0.30419514662542646
23.953,1603,23,952000000,,11.001711826626709,0.9885182407603282,-0.003007311189790327,0.0035237176755429454,0.1510305504765722,-0.004881356636640697,0.007874991519016798,0.3032054563017469
23.962,1604,23,962000000,,10.999193725582847,0.9885924717232946,-0.003137218294965209,0.0035292705031512907,0.15054111386299998,-0.005140444118102631,0.007922664055461078,0.30221423557365057
23.972,1605,23,972000000,,10.996188031410485,0.9886665881163372,-0.0032624466375015403,0.0035311659373991936,0.15005087421091856,-0.005391431884494555,0.007961441603984888,0.30122150463709296
23.983,1606,23,983000000,,10.988150095682771,0.9887408808647994,-0.0033415223489439106,0.0034960503841121016,0.14955962813140258,-0.005562266331500739,0.007912972130839618,0.30022728368801127
23.994,1607,23,992000000,,10.979698551669685,0.988815056527259,-0.003416662458875374,0.0034587109599683247,0.14906759447019632,-0.005725939223426319,0.007858759147209975,0.2992315929223661
24.003,1608,24,2000000,,10.974411366458117,0.9888888839456614,-0.003520605372588417,0.0034444829462519887,0.14857495106426197,-0.005939665599915433,0.007858650224214864,0.2982344525361089
24.018,1609,24,12000000,,10.964694056272775,0.9889628556905928,-0.0035837017677060735,0.0033973414322066063,0.1480813466211765,-0.0060823517112852015,0.007781126255414358,0.2972358827252126
24.022,1610,24,22000000,,10.962066919223354,0.9890362138253781,-0.0037107930902056715,0.0034020338289336375,0.1475873433680191,-0.006336259603265557,0.007824881353955784,0.2962359036855968
24.032,1611,24,32000000,,10.958099763100394,0.9891095041141253,-0.0038251271803965187,0.0033968875232671236,0.14709255055344303,-0.006567874929941443,0.007845163367244343,0.2952345356132291
24.042,1612,24,42000000,,10.95455187412565,0.9891826060516727,-0.003942980220274732,0.0033949057315078744,0.14659706479625656,-0.006805551891258636,0.007872503369134688,0.29423179870406807
24.052,1613,24,52000000,,10.952720074367273,0.9892554227693693,-0.004076580550729424,0.0034055376106073222,0.14610096620485663,-0.0070707353499030135,0.007929160898258014,0.29322771315404944
24.063,1614,24,62000000,,10.949556608443155,0.9893281662814248,-0.004197561837875515,0.003406482617808927,0.14560410623682732,-0.007313833665605274,0.00796270702829416,0.2922222991591443
24.072,1615,24,72000000,,10.943784814935457,0.9894009321362743,-0.004294205045380153,0.0033884620002043913,0.14510642169171128,-0.007514314015839105,0.007951412166994149,0.2912155769152953
24.084,1616,24,84000000,,10.924533244926028,0.9894745393142463,-0.004262701746570652,0.0032697442998234527,0.1446073103093116,-0.00749030412940896,0.007703569332400323,0.29020756661847713
24.106,1617,24,96000000,,10.919318501286352,0.9895469568625597,-0.00436190139500152,0.0032549191393691575,0.14410829081515078,-0.007694794821571419,0.0076990390279921325,0.2891982884646059
24.106,1618,24,103000000,,10.917394102465627,0.9896189507381923,-0.004492851390737046,0.0032646898791152085,0.1436088034425931,-0.007955068273770578,0.007752101613476514,0.2881877626496472
24.116,1619,24,112000000,,10.912983153365046,0.9896909597091044,-0.004599282369414403,0.0032557312277133716,0.14310852904677387,-0.00817222761733298,0.007760806501216435,0.2871760093695706
24.122,1620,24,122000000,,10.901311216292976,0.9897633852282557,-0.004632201117777588,0.003190257268305268,0.14260717454907482,-0.008259993732681697,0.007636444113963789,0.2861630488203151
24.132,1621,24,132000000,,10.896535978511405,0.9898350920816372,-0.004732202824151686,0.0031773760340457376,0.14210559813640775,-0.008465502853336061,0.007635175807169932,0.2851489011978235
24.143,1622,24,142000000,,10.890565253561844,0.9899067244716401,-0.004818661113929283,0.003155208245206078,0.14160332627387917,-0.008646832335067162,0.0076114740962399,0.2841335866980703
24.152,1623,24,152000000,,10.881866740158245,0.9899784154832388,-0.004875318939995273,0.0031116989819930277,0.1411002674411871,-0.008775159773125898,0.007536918623650566,0.28311712551700197
24.162,1624,24,161000000,,10.873701607333905,0.9900498939728066,-0.004935879807840601,0.0030710640751059454,0.1405966326069137,-0.008910338462878796,0.007469018928312422,0.28209953785057
24.172,1625,24,172000000,,10.869779062479935,0.9901208186114095,-0.005041382870979054,0.003064008290500561,0.1400926866906906,-0.009125047872948402,0.0074800682889228295,0.2810808438947241
24.182,1626,24,182000000,,10.866603090839266,0.9901914859310524,-0.005154558048320346,0.0030629568363359574,0.13958821589374784,-0.009353293405080985,0.007504929136624641,0.2800610638454071
24.193,1627,24,192000000,,10.861938413858946,0.9902621034876761,-0.0052501168452987745,0.0030498187822964825,0.1390830732859642,-0.00955004096911049,0.007500715029549681,0.2790402178985829
24.202,1628,24,202000000,,10.859849649408874,0.990332278918854,-0.005374746355695439,0.0030576247747014437,0.1385775608233105,-0.009798569001528154,0.007545839111866953,0.27801832625021916
24.212,1629,24,212000000,,10.855551211288478,0.9904024728592153,-0.005473446174629057,0.003047545445558196,0.13807134245773794,-0.010000723457949515,0.007548116887549742,0.276995409096248
24.222,1630,24,222000000,,10.852338798800828,0.9904723605681607,-0.005584366541001494,0.003046239375454469,0.1375646692524596,-0.01022468277764495,0.0075709272085638145,0.2759714866326224
24.234,1631,24,234000000,,10.845902610372232,0.9905423787764758,-0.00565702821498127,0.003018509548525062,0.13705722337666623,-0.01038011602435799,0.0075306675948845865,0.2749465790553014
24.242,1632,24,242000000,,10.83987225080699,0.9906121671511419,-0.005732964562525174,0.002993458601567326,0.13654928273353845,-0.01054127105512495,0.007496447635490659,0.27392070656023465
24.252,1633,24,252000000,,10.835967266686225,0.9906815369300629,-0.0058331101290802715,0.002985691756133526,0.13604099697094232,-0.010745665295014516,0.007502894024062026,0.27289388934338277
24.262,1634,24,262000000,,10.831375216266329,0.9907507837771993,-0.005923413700345565,0.0029719819989944478,0.1355321546275928,-0.010932180063237137,0.007494683195741634,0.2718661476006794
24.272,1635,24,272000000,,10.827474603467248,0.9908197501996449,-0.006021500765917715,0.002964070054646971,0.13502288114075478,-0.011132552244598058,0.00749986937527857,0.2708375015281135
24.283,1636,24,283000000,,10.82089755015359,0.9908888279522339,-0.006083468047736637,0.0029330814640856225,0.13451289562374827,-0.011267557531594129,0.007449394012141105,0.26980797132159223
24.292,1637,24,292000000,,10.819007972582142,0.9909571414811522,-0.0062067504263228586,0.002942059822644543,0.13400285176312188,-0.01151333619119301,0.007494425054071381,0.26877757717710793
24.303,1638,24,303000000,,10.814128089960272,0.9910256057440825,-0.006289506223353926,0.0029248091078124664,0.13349208352079817,-0.011685838261017165,0.0074763896660093344,0.2677463392905804
24.312,1639,24,312000000,,10.810243827352418,0.9910937372028357,-0.006384861561530218,0.0029159745450514462,0.13298095620279343,-0.011881066172528085,0.007478207911417995,0.2667142778579894
24.323,1640,24,323000000,,10.807004416174737,0.9911615716616735,-0.006488371138811062,0.0029127534611634695,0.13246945220842699,-0.01209098058285371,0.0074931106565443665,0.2656814130752867
24.333,1641,24,332000000,,10.80311643726507,0.9912292742309189,-0.006582046415380619,0.0029037063883942922,0.1319574592883685,-0.012282956465123845,0.00749364792948136,0.2646477651383971
24.343,1642,24,342000000,,10.796706150474131,0.9912971041871044,-0.006638215758920543,0.002872290939444939,0.13144479931347022,-0.01240645430973914,0.007439773889787147,0.26361335424331506
24.352,1643,24,352000000,,10.793771473553637,0.9913642440134591,-0.006743901161614904,0.002871831664122025,0.130932074266154,-0.012619981343283362,0.00746011758531356,0.26257820058594916
24.362,1644,24,362000000,,10.789268355952945,0.9914313779617095,-0.006826093689375508,0.00285741919889509,0.1304187961660878,-0.012790587957414468,0.007446440767207568,0.2615423243622744
24.378,1645,24,370000000,,10.78507714961618,0.9914982459282795,-0.006912299533866901,0.0028456002612567777,0.1299051615427664,-0.01296847170448281,0.0074387707147133605,0.26050574576824387
24.382,1646,24,382000000,,10.781805042040915,0.9915647569304714,-0.007011606516273285,0.00284183353658349,0.12939124456324902,-0.013170253310329985,0.00745027386994871,0.25946848499981634
24.392,1647,24,388000000,,10.779434939192008,0.9916309048238048,-0.007124047619352685,0.002846123155695514,0.12887705818656123,-0.013396027108391363,0.007480929736687164,0.2584305622529364
24.403,1648,24,403000000,,10.775838969070977,0.9916970033407562,-0.007217386332864969,0.002839157835606798,0.12836238577663955,-0.01358683717231694,0.007484120359316277,0.257391997723552
24.412,1649,24,412000000,,10.772539179379827,0.9917628264303873,-0.007314549854679316,0.0028347893342264164,0.12784739903753878,-0.013784579909340022,0.0074932398353413565,0.25635281160761814
24.423000000000002,1650,24,422000000,,10.76893436641606,0.9918284648730643,-0.007406215409073904,0.0028275885044790425,0.127332042252154,-0.01397215232910411,0.007495132773674816,0.2553130241010902
24.432,1651,24,433000000,,10.763268106998998,0.991894204235197,-0.007463860298210771,0.002801623060943566,0.12681612398389502,-0.014096995783985752,0.007450971961545388,0.25427265539992483
24.443,1652,24,443000000,,10.761123654317593,0.9919591385850262,-0.0075775929550871025,0.002807818366882333,0.12630029144336408,-0.014324959750827211,0.007484656456014319,0.2532317257000649
24.452,1653,24,452000000,,10.759544598537525,0.9920237335992158,-0.007700234804335657,0.0028191203296810624,0.125784223654626,-0.014569358144660398,0.007530475836393426,0.2521902551974833
24.462,1654,24,462000000,,10.755620086524871,0.9920884778527393,-0.0077841638150347985,0.00280898739703691,0.1252675875689256,-0.014742359564508999,0.0075238058907364375,0.25114826408811197
24.472,1655,24,472000000,,10.752559595660674,0.9921528344279273,-0.007881735892409952,0.002806630905813162,0.12475076832994103,-0.014940494517454947,0.007535790157201532,0.25010577256790084
24.482,1656,24,482000000,,10.749488495066627,0.99221694825722,-0.00797867502908203,0.002804060079803463,0.12423367330550382,-0.01513744498021033,0.007546983726181068,0.24906280083282978
24.493,1657,24,493000000,,10.7458386137454,0.99228091973757,-0.008065390662745493,0.002795955395012114,0.12371624158391129,-0.015315490931864358,0.007544457591309874,0.2480193690788219
24.503,1658,24,502000000,,10.741624820244226,0.992344750319618,-0.008141806752226614,0.002782368838756606,0.12319848180700049,-0.015474447210731036,0.007528325795240705,0.24697549750185388
24.514,1659,24,514000000,,10.73520336598605,0.992408753705767,-0.008178388857829422,0.002747845944539752,0.12268018938085025,-0.015559457689227887,0.007460694538834387,0.2459312062978558
24.522,1660,24,522000000,,10.729383125772216,0.9924724161553817,-0.008223055114146645,0.0027194549101081343,0.12216173337129904,-0.015658953580299458,0.007407121035534194,0.24488651566280772
24.534,1661,24,534000000,,10.721999220777889,0.9925361492300654,-0.008236941334802274,0.0026766057788084486,0.12164284216716324,-0.015700809581688145,0.007317251191606995,0.24384144579262393
24.541,1662,24,542000000,,10.717872634446957,0.9925990129332544,-0.008309294426861756,0.0026635963359304764,0.12112415285406994,-0.015851429438227507,0.007300743540139265,0.2427960168833003
24.552,1663,24,552000000,,10.711676640818332,0.992662057486932,-0.008340294411616949,0.0026305544086764865,0.12060497211326318,-0.015924761507762453,0.007234328155024895,0.24175024913075305
24.563,1664,24,563000000,,10.701257900687335,0.9927257674595392,-0.008281918400821256,0.002559182847068901,0.12008501585387855,-0.015829765310478,0.007070261022028248,0.24070416273095852
24.575,1665,24,573000000,,10.692842496674102,0.9927888645693297,-0.008256881607417346,0.0025052665097000017,0.11956512005170111,-0.01579663358016643,0.006948927392864346,0.2396577778798612
24.583,1666,24,582000000,,10.688419099993862,0.992850866815544,-0.008313269911326955,0.002488584389231804,0.1190455910764527,-0.015916217639087845,0.006920957848515009,0.23861111477341268
24.593,1667,24,591000000,,10.686603018709587,0.9929120129962522,-0.008427290571124528,0.0024973621644609587,0.1185262772703995,-0.016144201971573995,0.006957088667168738,0.2375641936075699
24.602,1668,24,602000000,,10.67849754730832,0.992974390720783,-0.008395924001513401,0.0024453129896780034,0.11800588238403013,-0.016097823981089807,0.00683785647788211,0.23651703457828965
24.612,1669,24,612000000,,10.674843124427271,0.9930354691278578,-0.008465501694154668,0.0024359667927781755,0.11748599236022239,-0.01624179552123454,0.006827211625285997,0.23546965788150764
24.622,1670,24,622000000,,10.671197970697238,0.9930962906804763,-0.008534237563548956,0.00242632995437935,0.11696596577141675,-0.016384156830390018,0.006815642000494884,0.2344220837132038
24.632,1671,24,632000000,,10.666912297410748,0.9931570261247489,-0.008585503236015576,0.002409867951302485,0.116445708936339,-0.016493395711230943,0.006786296686554774,0.2333743322692907
24.642,1672,24,642000000,,10.663304673061747,0.9932173333963746,-0.00865213207870219,0.0024002339832251197,0.11592544210963034,-0.016631547021791905,0.006773964271091559,0.23232642374576432
24.652,1673,24,652000000,,10.660344014415893,0.9932772049748425,-0.008734575036234375,0.002397192804408789,0.11540517641318945,-0.01679958774754299,0.006778236186643142,0.23127837833854592
24.662,1674,24,662000000,,10.65843462018552,0.993336516156848,-0.008844280634268838,0.0024047486309197973,0.11488499272516124,-0.01701937097723976,0.006809652115881296,0.23023021624360496
24.673000000000002,1675,24,673000000,,10.653376728822566,0.9933964479026767,-0.00886901872278801,0.0023805446596930594,0.11436420247771004,-0.017077625283886917,0.006758297170955976,0.22918195765689303
24.683,1676,24,683000000,,10.65082539515607,0.9934554019394479,-0.008960539772816972,0.0023815630536030896,0.11384375802709375,-0.017262794330474382,0.0067722081699902945,0.22813362277435445
24.692,1677,24,692000000,,10.64403592102582,0.9935153508969506,-0.008932012953068856,0.0023394631631087955,0.11332252021916792,-0.017219190506502474,0.0066730310919296005,0.2270852317919428
24.702,1678,24,700000000,,10.641291624620813,0.993573835021056,-0.009016318808400125,0.0023381378567162124,0.1128019213846088,-0.01739052861280561,0.0066803910532381595,0.22603680490563072
24.712,1679,24,712000000,,10.63854218721277,0.9936320474949267,-0.009099921490723823,0.0023366249949399284,0.11228127984457255,-0.01756052387216738,0.0066870424556124235,0.22498836231133984
24.722,1680,24,722000000,,10.63482256736628,0.9936902994709912,-0.009153766412617592,0.0023246632639157866,0.11176042787330617,-0.017673719794587622,0.006666097741596919,0.22393992420504463
24.732,1681,24,732000000,,10.63226087753448,0.9937479062303863,-0.009241647453607168,0.0023249124156102165,0.11123976625886184,-0.017851836267696274,0.006676880705467538,0.22289151078268968
24.743,1682,24,741000000,,10.628743149300112,0.9938055560041453,-0.009299459199759027,0.0023149417564674764,0.1107189141860943,-0.017972458922435333,0.006660505254850215,0.2218431422402336
24.755,1683,24,755000000,,10.624492025638656,0.993863190820117,-0.009332612698516743,0.0022975043877466435,0.11019792079101783,-0.018045695306277334,0.006623727547846844,0.22079483877362094
24.762,1684,24,762000000,,10.622107403893212,0.9939199095504628,-0.00942428774247686,0.0022996090766651475,0.10967729025573851,-0.018230956237289975,0.006638563936063685,0.2197466205788139
24.772,1685,24,772000000,,10.619530819415976,0.9939764129698585,-0.009509407668329879,0.0022997051833843997,0.10915664423863797,-0.018403643128058457,0.006647784441871551,0.21869850785174805
24.782,1686,24,782000000,,10.614947193921967,0.994033353749744,-0.00952845510847207,0.0022796578449022957,0.10863564487032991,-0.01844934888120541,0.006602419565206889,0.21765052078840344
24.792,1687,24,792000000,,10.609181775213468,0.994090484143086,-0.009504012912677443,0.002247286834125419,0.10811444296025285,-0.018411201079770272,0.006523101298256905,0.2166026795847067
24.802,1688,24,802000000,,10.606267911407873,0.9941462961293982,-0.009574628149758693,0.0022436077289471525,0.10759384095918927,-0.018555824857343254,0.00652133688713524,0.21555500443663078
24.812,1689,24,812000000,,10.603013307167696,0.9942019627946912,-0.009632219465910937,0.002236333817095878,0.10707322884083925,-0.01867532121617576,0.006509486590511854,0.21450751554011657
24.823,1690,24,823000000,,10.599766435713931,0.9942573520701584,-0.00968886303308383,0.002229092537910161,0.10655268618866745,-0.01879291784243948,0.006497377768466677,0.2134602330911193
24.832,1691,24,832000000,,10.59719414227171,0.9943121882062547,-0.009769498020902276,0.002228754581095835,0.10603236272915131,-0.018956757965255713,0.006503967459276393,0.21241317728559397
24.845,1692,24,844000000,,10.594450739925215,0.9943668086395459,-0.00984326645182875,0.0022266105886973005,0.10551209497896066,-0.01910733311041045,0.006505348543686283,0.21136636831948508
24.85,1693,24,854000000,,10.591870639259097,0.9944210749450383,-0.009922605476651608,0.0022260657071986917,0.10499196272656554,-0.01926865871293957,0.006510926957567729,0.2103198263887549
24.862000000000002,1694,24,862000000,,10.588461340340928,0.9944754049146274,-0.009970108025318372,0.0022171487100941132,0.10447176756161863,-0.019368414736646994,0.006493034962582502,0.20927357168936214
24.875,1695,24,873000000,,10.585384724263958,0.9945293115455788,-0.010029387393724122,0.0022115326226180166,0.1039517627971887,-0.01949089781058196,0.006484058466771005,0.20822762441723341
24.882,1696,24,882000000,,10.583123794972739,0.9945825789946263,-0.010119310333058618,0.0022139508199897377,0.10343206243978761,-0.01967267665771153,0.006497281822397687,0.20718200476835238
24.892,1697,24,892000000,,10.580045147447361,0.9946359132153472,-0.010177271462245101,0.0022081153494694326,0.10291232926359878,-0.01979258351547599,0.006487320581070912,0.20613673293864568
24.903,1698,24,902000000,,10.57761498305048,0.9946886736200048,-0.010259690550997964,0.002208629788061931,0.1023928868444113,-0.019959846262834504,0.006494882398816723,0.20509182912408624
24.912,1699,24,912000000,,10.57454115193561,0.9947414327474361,-0.010316363603102176,0.0022026072389848108,0.10187346631452796,-0.020077224983694207,0.006484022235429912,0.20404731352061847
24.922,1700,24,922000000,,10.572107352136985,0.9947936132100725,-0.010397537071466918,0.0022028603709515174,0.10135435730881064,-0.02024207659224432,0.0064904998009172295,0.20300320632420465
24.935,1701,24,935000000,,10.566562337279969,0.9948469679009527,-0.010351264997632162,0.0021720480274010304,0.10083473597226304,-0.020159592932817355,0.006409288815508371,0.201959527730768
24.943,1702,24,942000000,,10.561145245578404,0.9949000339163205,-0.010303354347738856,0.0021440671229123174,0.1003153347134027,-0.020073200126669622,0.006333476129022257,0.20091629793629906
24.973,1703,24,951000000,,10.5522209781677,0.9949546822398367,-0.01008569153512598,0.002085446371106599,0.0997953407164729,-0.019655015102364712,0.0061628983216271945,0.19987353713672112
24.973,1704,24,963000000,,10.544951798625464,0.9950083791788479,-0.009920910632234662,0.0020470270312911657,0.09927593150629514,-0.019337895732045432,0.006043470173970838,0.19883126552801403
24.973,1705,24,973000000,,10.541076122910534,0.9950600197071899,-0.009918140100588228,0.0020362634299101005,0.09875748735420349,-0.019337651409628308,0.006011426054508346,0.1977895033061081
24.992,1706,24,985000000,,10.537736894965107,0.9951110930329606,-0.009940532851997218,0.0020297902420975873,0.0982393927146229,-0.01938662076830149,0.005992873265969348,0.1967482706669586
24.992,1707,24,992000000,,10.534892696848255,0.9951615879504407,-0.009989081188329064,0.0020272666815664194,0.09772165734765277,-0.019486866620230206,0.005987250769197884,0.19570758780652756
25.004,1708,25,2000000,,10.530798542156253,0.9952125968687652,-0.009961429911757932,0.0020158793809916457,0.09720387429605419,-0.01943714629964383,0.005949071360346286,0.19466747492076664
25.012,1709,25,12000000,,10.527658211495693,0.9952627304057605,-0.009987848949257807,0.002011383165258764,0.09668657960854689,-0.019493698023486702,0.005935126151786053,0.19362795220562035
25.022,1710,25,22000000,,10.52453978293099,0.9953125731810967,-0.010013493215824667,0.0020068499852720985,0.09616955949975844,-0.019548703349795485,0.005920907103850416,0.1925890398570438
25.032,1711,25,32000000,,10.521760239599026,0.9953619035226589,-0.010059038227224568,0.0020045968413921443,0.09565290563906616,-0.0196428826033158,0.0059149856156848046,0.1915507580710063
25.042,1712,25,42000000,,10.518784307357326,0.995411090545085,-0.010089860056222021,0.0020008276177100647,0.09513649264469791,-0.019708032885518798,0.005903154080624319,0.1905131270434382
25.054,1713,25,53000000,,10.515929912497228,0.9954599109416472,-0.01012675285538527,0.001997974936295937,0.09462041365798221,-0.0197850890109561,0.005894237122244106,0.189476166970298
25.062,1714,25,62000000,,10.513289373372126,0.9955082867188726,-0.010176883335499065,0.0019966366287502697,0.09410470531170802,-0.01988821370542578,0.00589075590266486,0.18843989804754102
25.073,1715,25,72000000,,10.51055924366292,0.9955564430965573,-0.010219242796682147,0.0019947499403467272,0.0935892977763428,-0.019975965881614176,0.005884629788204484,0.187404340471133
25.082,1716,25,82000000,,10.507364512320036,0.9956046855064847,-0.010225500777529336,0.001990275672578137,0.09307410023271624,-0.01999230251191517,0.005866547789566357,0.18636951443701122
25.123,1717,25,101000000,,10.50277265005529,0.9956538584263644,-0.01011639299184313,0.001977998586542836,0.09255884784891767,-0.019780312752127216,0.005811559922167374,0.18533544014112027
25.123,1718,25,110000000,,10.499773362451045,0.9957014472302365,-0.010127201206964701,0.001974659249035689,0.09204438331683418,-0.019805452709999307,0.005796678586521883,0.1843021377794365
25.123,1719,25,112000000,,10.497467865005206,0.9957481254014698,-0.010195041775282394,0.0019752630938670505,0.09153048791724544,-0.019943451346468823,0.0058000758617302185,0.1832696275478867
25.123,1720,25,122000000,,10.494501627615596,0.9957951262538514,-0.010204109359658965,0.001972314603517194,0.09101677129165343,-0.01996503776787314,0.005785564991309208,0.18223792964244726
25.135,1721,25,133000000,,10.492124048362031,0.9958412863894746,-0.010263379669490603,0.0019724759169637658,0.09050361704745971,-0.020086048837945316,0.00578632416461045,0.1812070642590627
25.15,1722,25,142000000,,10.489670007246357,0.9958872256062644,-0.010314718261646313,0.0019722446751956903,0.08999083682454109,-0.020191334158796644,0.00578475907447794,0.1801770515936738
25.166,1723,25,156000000,,10.487222432710379,0.9959328660400428,-0.010365406357805406,0.0019720313566522307,0.08947846547986849,-0.02029532163593033,0.0057830152256110245,0.17914791184225365
25.166,1724,25,164000000,,10.483409519331412,0.9959796298525576,-0.010282960197116954,0.0019675735962120426,0.08896609636535832,-0.020134836270782337,0.005749027768535589,0.17811966520074313
25.172,1725,25,172000000,,10.480918289083814,0.9960247572482255,-0.010324918036237812,0.0019674911539105224,0.08845455327295414,-0.020221392724515674,0.005745943440705026,0.17709233186509366
25.182,1726,25,182000000,,10.478148821119998,0.9960699028923656,-0.010336678397860203,0.0019665694256535667,0.08794335811411226,-0.020247931614405412,0.005735797104422496,0.17606593203126764
25.193,1727,25,192000000,,10.475471719927844,0.9961146723501191,-0.010355159120885261,0.0019658284644972074,0.08743263536485849,-0.02028782114570375,0.005727170165676504,0.17504048589519527
25.208,1728,25,202000000,,10.473084782673714,0.9961588260418869,-0.010402616286398663,0.0019657844716452775,0.08692246294634434,-0.02038532030156766,0.005724940432831555,0.1740160136528566
25.213,1729,25,212000000,,10.470173685062933,0.9962033197461021,-0.010389947870471119,0.0019647222738224867,0.0864125834382997,-0.020363186896073655,0.005710201209140294,0.1729925355001996
25.222,1730,25,222000000,,10.467744715007834,0.9962469569160479,-0.010428634175439077,0.0019647673396746973,0.08590334169315016,-0.020443186719944544,0.0057065269879310754,0.17197007163316513
25.233,1731,25,232000000,,10.465645033551514,0.9962898920390252,-0.010504036811803657,0.0019651096394052727,0.08539469875600511,-0.02059630336108059,0.005709646881936184,0.170948642247712
25.243,1732,25,242000000,,10.46212484028717,0.9963343692513904,-0.01040748329790972,0.001965462351125671,0.08488607599356057,-0.02040673171789351,0.00568344681737275,0.16992826753979173
25.255,1733,25,255000000,,10.459450745576202,0.9963775065113546,-0.010407261805510666,0.0019661851912064535,0.08437824089017892,-0.02040906199608695,0.005674448735801326,0.16890896770535943
25.267,1734,25,267000000,,10.456477728175265,0.996420824877976,-0.010361316498858863,0.0019674010582478056,0.08387080661935022,-0.02032017172728461,0.005658772915995566,0.16789076294035965
25.276,1735,25,276000000,,10.453667519657582,0.9964636909013261,-0.010328926740964294,0.001969209725879624,0.0833639502467451,-0.020258187274139954,0.005646642259834085,0.1668736734407652
25.283,1736,25,282000000,,10.451291124653387,0.9965056217376619,-0.01035610557235834,0.0019703545012705664,0.08285779761585188,-0.020315037127955096,0.005643136824764814,0.16585771940250993
25.295,1737,25,295000000,,10.448442864072412,0.996548048956235,-0.010306938000520653,0.001974488668359838,0.08235201603526802,-0.02021921005335408,0.005632969696567652,0.16484292102154544
25.306,1738,25,306000000,,10.446007198496941,0.9965895393010687,-0.010317890377527334,0.0019768955308786937,0.0818469497165355,-0.020243500825056566,0.005629312253862234,0.16382929849384098
25.313,1739,25,311000000,,10.443724387217326,0.99663049272686,-0.010350984735321934,0.0019783818953872873,0.08134251094662161,-0.02031207922738928,0.005627411325889132,0.16281687201532694
25.324,1740,25,323000000,,10.441197518005445,0.9966716244368959,-0.010337967561040653,0.0019819939451936365,0.08083855001808997,-0.020288387259821787,0.005622236484838547,0.1618056617819832
25.334,1741,25,334000000,,10.438706894456354,0.9967124646158062,-0.010323656111046997,0.0019857953673362476,0.08033518295706586,-0.020262081044448717,0.00561726913543696,0.16079568798973654
25.343,1742,25,343000000,,10.436287264176519,0.9967529312245221,-0.010315833971442307,0.0019897288382627874,0.07983244104965725,-0.020248688366994682,0.00561364200228222,0.15978697083455984
25.355,1743,25,355000000,,10.433404772382755,0.9967942143529855,-0.01019892259533886,0.002002814630495028,0.07933010112097669,-0.020016338740351764,0.005610980635625588,0.15877953051238336
25.362,1744,25,362000000,,10.431314873616813,0.9968334457485286,-0.01025168349378466,0.002003570883811147,0.07882873921592368,-0.020124239075606228,0.005610736943098523,0.15777338721919065
25.377,1745,25,377000000,,10.428502151552253,0.9968741955448127,-0.010126027882896476,0.002019567168085978,0.07832766538491433,-0.019873997135173713,0.0056128345104421214,0.15676856115090843
25.386,1746,25,386000000,,10.426378350491634,0.9969129929873782,-0.010162158278614015,0.0020215988326169948,0.07782755354132623,-0.019948540281856077,0.005612537587053276,0.15576507250349894
25.394,1747,25,392000000,,10.424183033503361,0.99695172913894,-0.01017443465539239,0.0020256073030290285,0.07732805158139341,-0.01997521085043427,0.005612433286983938,0.1547629414729208
25.402,1748,25,402000000,,10.422084357878663,0.9969899303276607,-0.010209421762866678,0.0020276109101718762,0.07682926087442933,-0.020047480163606933,0.0056118094309700476,0.153762188255115
25.412,1749,25,412000000,,10.41987036552231,0.9970282301053761,-0.01020493972831219,0.0020333802175607745,0.07633107455665357,-0.02004046284222052,0.005612612456883701,0.1527628330460438
25.422,1750,25,422000000,,10.417895756518716,0.9970655175644993,-0.010269961265735008,0.0020324456315604735,0.07583370453955333,-0.020173078439475862,0.0056106107636031315,0.15176489604165866
25.432,1751,25,432000000,,10.415759046327421,0.9971030633191975,-0.010280002319754412,0.0020369642881853086,0.07533693283023254,-0.020195216948764583,0.0056110837951838044,0.1507683974379077
25.442,1752,25,442000000,,10.413662363764669,0.997140231569545,-0.010297360996297572,0.0020408451383028257,0.07484088383408959,-0.02023204730999499,0.00561137423185032,0.149773357430739
25.452,1753,25,452000000,,10.41129657347691,0.9971782105848569,-0.01020538906475392,0.0020572302462381776,0.07434537088839824,-0.020048951873039837,0.005620326810738024,0.14877979621611817
25.463,1754,25,463000000,,10.409096449484366,0.997215500036224,-0.010151048750924083,0.0020697153379943822,0.07385065318045528,-0.019941504007233015,0.005627257291630503,0.14778773398999334
25.472,1755,25,472000000,,10.406907481108941,0.9972527320066149,-0.010071787601692918,0.00208589974148426,0.07335663993203133,-0.019783811164226187,0.005638033294620086,0.146797190948309
25.483,1756,25,482000000,,10.404831834691288,0.9972892664735177,-0.01003164697870654,0.0020983024251682346,0.07286344874174006,-0.019704717903621466,0.005647139778404398,0.14580818728703449
25.493,1757,25,492000000,,10.40288886490085,0.9973247266624471,-0.010069597601018599,0.0021003068051680066,0.07237113722439896,-0.019782919920225305,0.0056469022911886275,0.14482074320210359
25.502,1758,25,502000000,,10.400890651245183,0.9973604293046964,-0.010052700532516235,0.002110075229942404,0.07187951621762109,-0.01975058880209948,0.005654207703833151,0.14383487888948565
25.512,1759,25,512000000,,10.398926497649537,0.9973957562628143,-0.0100434816598241,0.0021187794099759997,0.07138868705116626,-0.019733735101461737,0.005660535350945665,0.14285061454512163
25.522,1760,25,522000000,,10.396999349873727,0.9974306355725963,-0.010049349764708317,0.002125200431457046,0.07089866933645114,-0.019747311074957162,0.005664481378202914,0.14186797036497364
25.536,1761,25,533000000,,10.395077158306039,0.9974655267074367,-0.01002373978233845,0.0021361336767767693,0.07040940706998622,-0.019697452601429986,0.005673000984370076,0.14088696654498634
25.543,1762,25,543000000,,10.393210481443262,0.9974994398136092,-0.010067155350623795,0.0021368753342084356,0.06992105347095635,-0.019786747748461158,0.005670906508027222,0.13990762328111117
25.552,1763,25,552000000,,10.391332945685201,0.9975344313464255,-0.00997038449831787,0.002159210473389113,0.06943333148748276,-0.01959333234653901,0.00569235834879556,0.13892996076932107
25.56,1764,25,564000000,,10.389531986291205,0.997569482459831,-0.009834577065892313,0.002191002522815521,0.06894641590905881,-0.01932074326760222,0.005727503501258276,0.1379539992055356
25.573,1765,25,573000000,,10.38771849434519,0.9976026746390079,-0.009861029600951844,0.0021949613208073256,0.0684605418698055,-0.019375772865249878,0.005729612777495478,0.13697975878574556
25.582,1766,25,582000000,,10.385923686962132,0.9976356494941762,-0.00987925590393958,0.0022002836862581275,0.06797550965470973,-0.01941420355710001,0.005733289208378326,0.13600725970586328
25.593,1767,25,592000000,,10.384128080862869,0.9976681104072914,-0.00992023822497086,0.002201358307743544,0.0674913651625552,-0.019498621070747575,0.0057315421882059075,0.13503652216186882
25.602,1768,25,602000000,,10.38241851245754,0.9977011012549616,-0.009875301364998966,0.0022180128904074337,0.0670079950185442,-0.01940948832633756,0.005749307769460769,0.13406756634971018
25.613,1769,25,613000000,,10.380668581100492,0.9977331331747045,-0.00989971551152661,0.002221922124117511,0.06652558650814562,-0.019460469086749775,0.005750971107367846,0.1331004124653355
25.627,1770,25,627000000,,10.378897104640426,0.997764576687947,-0.00995476029902676,0.0022200299294561116,0.06604410436385034,-0.019573347397175044,0.005745072505264591,0.1321350807046997
25.632,1771,25,632000000,,10.377173440225075,0.9977960303709958,-0.009978223642075167,0.0022238767696979526,0.06556348984720452,-0.019622436804737315,0.005746396779893649,0.13117159126376526
25.643,1772,25,643000000,,10.375505192870804,0.9978274956488801,-0.009970172630279847,0.0022336770911082927,0.06508375581863034,-0.019607853730624174,0.005755473173102924,0.13020996433845866
25.654,1773,25,654000000,,10.373822858540857,0.9978584482425263,-0.009985050028368593,0.0022391503829692974,0.06460497080342206,-0.019639600736096014,0.005758909816531528,0.12925022012476717
25.666,1774,25,665000000,,10.37240146998079,0.9978905809634788,-0.009845850371319933,0.0022757907675271497,0.06412697116829136,-0.01935981903348006,0.005804782067208317,0.12829237881860678
25.673000000000002,1775,25,673000000,,10.370716969781382,0.9979207400134272,-0.009883256356278064,0.0022768364599719676,0.0636500896353205,-0.01943712235631175,0.005802377514599504,0.12733646061596457
25.684,1776,25,683000000,,10.369395141103135,0.9979522061839953,-0.009751485515940002,0.0023127092261064483,0.0631739984389491,-0.019172329147804996,0.005848060544137865,0.1263824857127709
25.693,1777,25,692000000,,10.367911824973529,0.9979824454766718,-0.009718785335991239,0.0023286438781474437,0.0626989724770932,-0.01910783867832842,0.005866640785334891,0.12543047430498788
25.705,1778,25,704000000,,10.366395264341755,0.9980121853617656,-0.009708655913513085,0.002340072443565178,0.0622249462092573,-0.019088981203386902,0.00587911667816534,0.12448044658856716
25.713,1779,25,713000000,,10.364814530823777,0.9980413568569892,-0.009728853311542506,0.0023448191771042897,0.06175193308171777,-0.019131499669468335,0.005882037941611192,0.12353242275945321
25.722,1780,25,722000000,,10.36326880110315,0.9980703162336585,-0.009741026226641285,0.0023513718615625293,0.06127990952723045,-0.01915777841975312,0.005887561340382808,0.12258642301362245
25.732,1781,25,732000000,,10.361824154891414,0.9980992752738879,-0.0097223564959287,0.002365150765832502,0.060808868956434024,-0.019121608109709348,0.005903755829984539,0.12164246754699805
25.742,1782,25,742000000,,10.36033261649178,0.9981277408894395,-0.009726264832315723,0.002373662340403696,0.06033886282031926,-0.019131162636673953,0.005912214420670899,0.1207005765555458
25.754,1783,25,753000000,,10.358951488701912,0.998156206763721,-0.009699328595653096,0.002389502240128708,0.05986986055518988,-0.019078264682103722,0.005931622668241937,0.11976077023522082
25.762,1784,25,762000000,,10.357548609245539,0.9981842537027426,-0.00968712175220315,0.0024018387036487494,0.05940190655945666,-0.019055207146681505,0.005945857184276151,0.11882306878198182
25.773,1785,25,773000000,,10.356039866032901,0.9982116734271247,-0.009712551267803078,0.002404989778656298,0.058935026986116634,-0.019108388447429382,0.005946231725955591,0.1178874923917661
25.783,1786,25,783000000,,10.354571913548646,0.9982388859846472,-0.009729915598835565,0.0024099927914269983,0.058469198603328505,-0.019145247882440056,0.00594933286938345,0.11695406126053245
25.797,1787,25,792000000,,10.353093034025255,0.9982657521197574,-0.009754465154627587,0.0024131320813864003,0.05800444248400332,-0.019196670968926383,0.005949533949594661,0.11602279558423591
25.803,1788,25,799000000,,10.35160185231418,0.998292272210032,-0.009786215205490547,0.002414373747158589,0.05754076847846422,-0.01926268798344435,0.005946749044772166,0.11509371555883162
25.812,1789,25,812000000,,10.350261911901473,0.9983188702871032,-0.009779354721546658,0.002425152757037118,0.05707815767889791,-0.01925051289101316,0.005958561882137309,0.11416684138026412
25.823,1790,25,823000000,,10.349139506724281,0.9983456825770601,-0.009718814302953061,0.0024498253382727545,0.0566166149120594,-0.019129581058590656,0.005992073690099643,0.11324219324449558
25.833,1791,25,833000000,,10.347896151385068,0.9983718678795239,-0.009696270756380255,0.0024650173578520023,0.0561562057977121,-0.019085619304909242,0.006011055719264018,0.11231979134746341
25.847,1792,25,843000000,,10.34679795267123,0.9983980508166492,-0.009643493839227179,0.002488119752044376,0.05569689768907984,-0.01898041590282186,0.006042529971648012,0.11139965588514401
25.853,1793,25,853000000,,10.345477585994203,0.9984234147055375,-0.009650811387017254,0.0024953705913546495,0.055238753904467516,-0.018996999944334025,0.006049107335042791,0.1104818070534748
25.862000000000002,1794,25,862000000,,10.344304889515763,0.99844878097352,-0.009627612052467514,0.0025105417064851267,0.05478173088721489,-0.018951774763626146,0.006068166358854716,0.10956626504841083
25.873,1795,25,872000000,,10.343872710722382,0.9984752180953647,-0.009453136357997821,0.002566701463060102,0.05432576834257065,-0.01859999320960509,0.006152712217322963,0.10865305006591086
25.883,1796,25,882000000,,10.34299950427584,0.9985004324217108,-0.009384103186048546,0.0025955253667519305,0.05387103404540161,-0.01846181781063404,0.006194368699691029,0.10774218230190158
25.893,1797,25,892000000,,10.342080620811757,0.9985252427317153,-0.009329835861265333,0.002620447240286405,0.05341747884945464,-0.018353584413859366,0.006229958352762728,0.10683368195237719
25.902,1798,25,902000000,,10.340791605164123,0.9985491361995068,-0.009350365393604062,0.0026241850878191884,0.05296514811505705,-0.018397012744103252,0.006231282806892638,0.10592756921326085
25.913,1799,25,913000000,,10.339398105444033,0.9985725695145915,-0.009393015849640723,0.0026215154514852624,0.05251402025185502,-0.018485293857316613,0.006222117037795036,0.10502386428051835
25.922,1800,25,922000000,,10.33896721179968,0.9985972256470876,-0.009262962480696486,0.0026681435376978936,0.05206399395055262,-0.01822347835281953,0.006293376656980625,0.10412258735010127
25.932,1801,25,932000000,,10.338888466532563,0.9986219518587512,-0.009089559543386737,0.0027298712862673905,0.05161516226735568,-0.017873578488202604,0.006390580463921934,0.10322375861795052
25.942,1802,25,942000000,,10.339472755319843,0.9986470648289925,-0.008830074612198275,0.0028207525687012503,0.05116749989717318,-0.017348835462505166,0.006537544798765814,0.10232739828003193
25.954,1803,25,951000000,,10.338584226552463,0.9986699945373508,-0.008805627559927047,0.002839330254830406,0.050721209939704345,-0.017301039362705824,0.006564419173516543,0.10143352653229698
25.962,1804,25,962000000,,10.337969346152143,0.9986929453706778,-0.008744962048065,0.0028698521650565023,0.05027614199766184,-0.01717971415307835,0.006611576298851752,0.10054216357068313
25.975,1805,25,975000000,,10.337375908494518,0.9987156283768549,-0.008684504115623734,0.0029004138575031025,0.04983232508668301,-0.01705883678025791,0.00665896457275806,0.09965332959116681
25.982,1806,25,982000000,,10.336287324305411,0.9987374914897144,-0.008695772218108126,0.002907385317442227,0.04938981422296918,-0.017083607574458818,0.006666443963885331,0.09876704478969245
25.992,1807,25,991000000,,10.335162060752312,0.9987590425771289,-0.008713883683606632,0.0029119768865396647,0.048948580083369934,-0.01712228343823647,0.006669840414229899,0.09788332936219392
26.002,1808,26,2000000,,10.33425997955195,0.9987805641178693,-0.008702699512416688,0.0029261555539354628,0.048508611351607875,-0.01710150297290282,0.006689536218989964,0.0970022035046547
26.012,1809,26,12000000,,10.333480967880785,0.9988019442486206,-0.008676605572717813,0.0029452951843839882,0.04806992736824162,-0.01705047162428675,0.006717751239000261,0.09612368741299805
26.023,1810,26,22000000,,10.332508555081667,0.9988228474926004,-0.008679104446421547,0.0029548726796431095,0.04763256449351373,-0.017057492695796154,0.0067296554879182425,0.09524780128320032
26.032,1811,26,32000000,,10.331930088812758,0.9988438870418821,-0.008630774931186021,0.0029817254671804425,0.04719648669540613,-0.01696134169849014,0.006771292764183533,0.09437456531121667
26.042,1812,26,42000000,,10.330938324561926,0.9988642311616923,-0.008640090259318925,0.002988933642828622,0.04676176666627435,-0.01698222505704984,0.0067791815050007986,0.09350399969297385
26.053,1813,26,52000000,,10.329743565132182,0.9988841062485463,-0.008677791610689411,0.0029862817815609795,0.046328396669056804,-0.017060735521416293,0.006770006875492458,0.09263612462445181
26.063,1814,26,63000000,,10.329220201692772,0.9989043896611483,-0.008629554967389506,0.0030130767816175,0.04589632300154218,-0.016964829696349777,0.006811733608333875,0.09177096030157371
26.078,1815,26,78000000,,10.328496020407613,0.9989242053413001,-0.008609797005920718,0.0030299878378116244,0.045465619455493045,-0.016926752527705577,0.006836409146183557,0.09090852692031605
26.083,1816,26,80000000,,10.32734405579271,0.9989433436553867,-0.008646506491282109,0.0030272996987295944,0.04503631366604436,-0.01700327889958541,0.0068270683570301385,0.09004884467663388
26.091,1817,26,92000000,,10.327383606045423,0.9989633652249224,-0.00853420846425524,0.0030760880649652886,0.04460829414586021,-0.01677747242430502,0.006907246457215182,0.08919193376646817
26.102,1818,26,102000000,,10.326889486532725,0.9989826019587374,-0.00849256766802734,0.0031007078295377717,0.04418170310332817,-0.016695043804106344,0.006945594401446217,0.08833781438575984
26.117,1819,26,111000000,,10.3271835072559,0.9990022548047978,-0.008359978200360253,0.0031588349896096435,0.04375645576286901,-0.01642798164346018,0.00704303081422913,0.08748650673048886
26.122,1820,26,122000000,,10.32662294956022,0.9990208878596515,-0.008332928242317007,0.003179127465829515,0.04333267907224256,-0.016375160063143733,0.007074264702952579,0.08663803099659262
26.132,1821,26,132000000,,10.326442644553628,0.9990395747155566,-0.008264536563730152,0.003214440754446807,0.0429102896539141,-0.016238459629457205,0.007132034826917799,0.08579240738004044
26.143,1822,26,142000000,,10.32653390204127,0.9990582071263244,-0.008169043255948033,0.003259558094409944,0.04248930202822512,-0.016046812138806554,0.007207232819518837,0.08494965607675553
26.156,1823,26,152000000,,10.326035914079789,0.999076114601965,-0.008141977877882643,0.0032798199662817337,0.04206980162855679,-0.01599404940792579,0.007238705581872609,0.08410979728270362
26.172,1824,26,170000000,,10.325617420923983,0.9990938322389066,-0.008107868236309178,0.0033028875851151174,0.04165174412240225,-0.015926995078309063,0.007275267115267091,0.08327285119385411
26.172,1825,26,172000000,,10.324592928748839,0.9991108432875333,-0.008141847581286448,0.0033002909106880918,0.041235193986956846,-0.0159981448712752,0.0072662381391638605,0.08243883800613362
26.182,1826,26,182000000,,10.325082282564548,0.9991287412194859,-0.008012720017108862,0.003359082688078495,0.040819987145848516,-0.01573831902006803,0.007366536996859851,0.08160777791551513
26.192,1827,26,192000000,,10.324526890727993,0.9991456152110094,-0.007998820288253534,0.0033742808967909964,0.04040634488591055,-0.01571236315764505,0.007389269351303605,0.08077969111795016
26.202,1828,26,202000000,,10.323734001804898,0.9991620770628172,-0.008011671005609473,0.0033793222390588787,0.039994212936612344,-0.01574068926975717,0.0073938895772220495,0.07995459780937254
26.212,1829,26,212000000,,10.32327281930229,0.9991785396897869,-0.007990497428396606,0.0033970995087404146,0.039583550739666,-0.015700005878373172,0.00742127049463999,0.07913251818575873
26.226,1830,26,225000000,,10.323147458298216,0.9991949975067057,-0.007935755674498404,0.003427759701360524,0.039174369208436664,-0.01559124095346336,0.007471826660894081,0.07831347244303898
26.232,1831,26,232000000,,10.322398644835088,0.9992107797869756,-0.007948013954477359,0.003432880882506717,0.03876676360659803,-0.015618390564342348,0.007476650380920674,0.07749748077717912
26.242,1832,26,242000000,,10.321920793032948,0.9992265150223609,-0.007933487418012574,0.0034483072897248802,0.03836066514662387,-0.015591213391772236,0.00750001817306402,0.07668456338413776
26.255,1833,26,255000000,,10.321393442683489,0.999241982425977,-0.007925555846528745,0.0034611708470629757,0.03795611173835785,-0.015577421377608643,0.007518811846778417,0.07587474045985232
26.264,1834,26,261000000,,10.320557960683528,0.9992570105522038,-0.00795043743639981,0.0034611407931414463,0.03755313450636141,-0.015630184988472937,0.00751433681327118,0.07506803220029214
26.273,1835,26,273000000,,10.320188346651438,0.9992721245527142,-0.00792905213643972,0.003479074358573326,0.03715167917779724,-0.01558912943091388,0.007542310762863638,0.07426445880139099
26.284,1836,26,278000000,,10.320029518578652,0.9992871479366654,-0.007888087568563807,0.0035044324101705326,0.03675177542103329,-0.015508408430101386,0.0075837436762133505,0.07346404045911828
26.292,1837,26,292000000,,10.319954673930155,0.9993019949157301,-0.00784056001975869,0.0035321041179826053,0.03635344298025049,-0.01541442526344063,0.00762941410114568,0.07266679736942196
26.302,1838,26,302000000,,10.320361189690939,0.9993169143147475,-0.00774756909510931,0.0035775470164304186,0.03595665578044344,-0.015228321298432013,0.007707436149990752,0.07187274972824653
26.316,1839,26,312000000,,10.320923250995953,0.9993316777839828,-0.007642915382262606,0.0036285505912885202,0.03556145726086124,-0.015018562762195802,0.007795916485666807,0.07108191773155782
26.323,1840,26,322000000,,10.321510679898712,0.9993462059381494,-0.00753959428617019,0.0036792089641669574,0.03516786340430734,-0.014811551914690534,0.007883991556728559,0.07029432157528959
26.335,1841,26,332000000,,10.321380207095089,0.9993600888558865,-0.007506142953349528,0.003701782582062119,0.03477596045595025,-0.014746210294733565,0.00792097703054907,0.06950998145543254
26.343,1842,26,342000000,,10.321265925348523,0.999373760615581,-0.00747262510099431,0.003724369461659701,0.034385688000742015,-0.014680753075372314,0.007958060938220591,0.0687289175678849
26.368,1843,26,352000000,,10.32116628857696,0.9993872214740909,-0.007439136955421495,0.0037471144388218722,0.03399705765264725,-0.01461536256678356,0.007995539301436332,0.06795115010865517
26.368,1844,26,362000000,,10.32107932550667,0.9994004718721293,-0.007405844229588172,0.00376998814073722,0.03361008007177373,-0.014550372125901184,0.008033364293892127,0.0671766992736487
26.378,1845,26,372000000,,10.320936621747101,0.9994134774113601,-0.007378978718456736,0.0037903009297443014,0.033224771789549336,-0.014498417411199596,0.008066572914342818,0.06640558525885965
26.382,1846,26,382000000,,10.32094304813953,0.9994263496263032,-0.007339943441614187,0.0038154617257138085,0.03284111987639669,-0.014421831725084528,0.008108738754434196,0.0656378282602077
26.388,1847,26,394000000,,10.320554701230888,0.9994388051685991,-0.007337654630031806,0.0038254802360011713,0.03245919359222535,-0.014419704971646975,0.008123104830151684,0.06487344847366217
26.403,1848,26,403000000,,10.3206584245304,0.9994513106649303,-0.007292267896585298,0.0038528283004951,0.032078905111685665,-0.014330313029890024,0.008169375397805411,0.0641124660951711
26.412,1849,26,412000000,,10.320708987207828,0.9994635803163915,-0.007252859886667611,0.0038777555277596533,0.03170032581333267,-0.014253049458345365,0.008211279163787224,0.06335490132068243
26.423000000000002,1850,26,423000000,,10.320841505159017,0.9994756834744447,-0.007207458990288977,0.0039053833700223683,0.03132345221919233,-0.014163656334452669,0.008258290288603781,0.06260077434615853
26.432,1851,26,432000000,,10.32036809458576,0.9994872805432474,-0.00721677781073917,0.003910540276737259,0.030948373544312617,-0.01418506557979498,0.008263859662318828,0.06185010536755088
26.444,1852,26,444000000,,10.319906784389007,0.9994986847941452,-0.007225922325785125,0.003915710538905615,0.030575028246773665,-0.014206117343922707,0.008269454875032684,0.06110291458080753
26.452,1853,26,452000000,,10.319457470792328,0.9995098978589999,-0.007234896170937746,0.003920890907702557,0.030203426523779844,-0.014226818987827097,0.008275070292543128,0.060359222181883616
26.463,1854,26,462000000,,10.319088594790019,0.9995209552827891,-0.007237680632557459,0.003928608783298572,0.02983357106800793,-0.014234987388404325,0.008285400122567042,0.05961904836673782
26.473,1855,26,472000000,,10.319554079676161,0.9995322256826671,-0.007168482121396654,0.0039665600596705385,0.02946538795302631,-0.014097463929645448,0.008351950521129503,0.05888241333130751
26.483,1856,26,482000000,,10.319140624727009,0.9995428749637588,-0.007177079361161916,0.003971684872656536,0.029099078341066925,-0.01411741428987026,0.00835752871414786,0.05814933727155491
26.495,1857,26,495000000,,10.31915219623635,0.9995535385293995,-0.0071497478535371365,0.00399161377715128,0.028734504318690648,-0.01406467622150924,0.008390650726116576,0.05741984038343163
26.503,1858,26,503000000,,10.319316625463097,0.9995640844567423,-0.007110439125025294,0.004016101525905051,0.028371705062218134,-0.013987745248813322,0.008432272179676481,0.05669394286289987
26.513,1859,26,513000000,,10.319981427468095,0.9995746701237244,-0.0070299516832831544,0.004057370440795054,0.02801064746635831,-0.013827564876679277,0.00850521897891406,0.05597166490590055
26.523,1860,26,522000000,,10.32051716178205,0.9995849971833287,-0.006962177071576751,0.004093935467490659,0.027651422907627836,-0.013693099901792584,0.008569606039555842,0.05525302670838529
26.533,1861,26,532000000,,10.319954977010902,0.9995946470006637,-0.006987763128541041,0.004091631546864417,0.02729416430965984,-0.01374744275056905,0.008561500885080805,0.054538048466323374
26.542,1862,26,542000000,,10.319542421380431,0.9996041822284935,-0.007001559766341309,0.004094169158822903,0.02693872326303271,-0.013777934426089735,0.008562428015329757,0.05382675037564866
26.553,1863,26,553000000,,10.319973047741431,0.9996139105291523,-0.006945936094042689,0.004125583000344334,0.0265850223490705,-0.013668084291164083,0.008617402698756547,0.05311915263231626
26.564,1864,26,564000000,,10.32027953509859,0.9996234011195897,-0.006902021309868948,0.004151830441717837,0.02623319156955761,-0.01358193967628299,0.008662766175523015,0.05241527543229197
26.572,1865,26,572000000,,10.320459817825576,0.9996326580579024,-0.006869587121757922,0.004173180124452318,0.02588324331528322,-0.013519019682842243,0.008699018383557152,0.051715138971513155
26.582,1866,26,582000000,,10.320860450617474,0.9996418297553343,-0.006820166811859115,0.004201667037856348,0.02553514288522438,-0.013421784334890172,0.008748743724708399,0.05101876344593137
26.592,1867,26,592000000,,10.321545542674864,0.9996509381190318,-0.006748749833638735,0.004239811030816576,0.02518889231080965,-0.013280102411196234,0.0088167634429311,0.050326169051523095
26.604,1868,26,603000000,,10.321612908991499,0.999659620037887,-0.006728336198114375,0.004256553485672806,0.024844623364750528,-0.013241491937148499,0.00884465055361643,0.04963737598422569
26.612,1869,26,612000000,,10.321690384813428,0.9996681369935551,-0.006707830797531185,0.0042731880946690805,0.024502260086248655,-0.013202707094790309,0.008872370396371388,0.04895240443999072
26.623,1870,26,622000000,,10.32184813999222,0.9996765194789085,-0.006681527021347702,0.004291962603496151,0.024161801592779066,-0.013152228795660264,0.008904141593317583,0.048271274614755555
26.632,1871,26,632000000,,10.321947994491303,0.9996847138262706,-0.006660584107804754,0.004308245879456052,0.023823278088303743,-0.01311259387528902,0.008931247729332247,0.047594006704507315
26.642,1872,26,642000000,,10.322337987879113,0.9996928590517743,-0.006617010340383718,0.004333602292384966,0.023486647828413677,-0.013027285579818679,0.00897548582381068,0.04692062090517623
26.653,1873,26,653000000,,10.322806130179153,0.9997008697907982,-0.006567855717850893,0.004361337208731111,0.023151953449828483,-0.01293072204468371,0.00902430506824589,0.04625113741272103
26.662,1874,26,662000000,,10.323002428804442,0.9997086119447126,-0.0065412780265718465,0.004379980832385642,0.022819260576603804,-0.01287973232989218,0.009056067156549595,0.045585576423089705
26.668,1875,26,672000000,,10.323274679716283,0.9997162225518459,-0.006509459417831833,0.004400855963559203,0.022488525330568762,-0.012818167650141637,0.009092115754265231,0.04492395813224803
26.682,1876,26,682000000,,10.32334784587907,0.9997236003422079,-0.006494358204513054,0.004414689942816613,0.022159800157796592,-0.012790349072033157,0.009114893020282261,0.04426630273612986
26.703,1877,26,693000000,,10.323774181146035,0.9997309543643531,-0.006452054379378894,0.004439558468157905,0.021833007136746237,-0.012707654092888704,0.009158591583546757,0.043612630430708066
26.703,1878,26,702000000,,10.324348640796373,0.9997382081268147,-0.006398985737156615,0.004468348920859118,0.021508185670646555,-0.012603277050302288,0.009209749627350149,0.04296296141191291
26.714,1879,26,712000000,,10.324587256845176,0.9997451858598253,-0.00637314489080637,0.00448597648099954,0.021185428702680958,-0.012553832789899678,0.009239833868762403,0.04231731587571019
26.722,1880,26,722000000,,10.325585270204154,0.9997522810479617,-0.006288683994532891,0.004527584092528916,0.020864562667341505,-0.012386174326342266,0.009315481060391505,0.04167571401805148
26.734,1881,26,734000000,,10.326239969668793,0.9997591013696757,-0.006231644012350185,0.00455814183732409,0.020545782642485178,-0.0122738314380331,0.009370292702903283,0.0410381760348848
26.742,1882,26,742000000,,10.326019394426005,0.9997654727161955,-0.006243494094405453,0.004560482437029198,0.020229195386785043,-0.01230040017253809,0.009371564660392153,0.04040472212219016
26.752,1883,26,752000000,,10.325671518111823,0.9997716565470146,-0.006265797468915576,0.004558511766706874,0.019914680961278762,-0.01234802602608585,0.009364641309690367,0.03977537247587293
26.762,1884,26,762000000,,10.325602960171773,0.9997777957941769,-0.006266818052239683,0.004565154353781823,0.019602178301484453,-0.012352734010078718,0.009374103773371454,0.0391501472919309
26.772,1885,26,772000000,,10.326424631414412,0.9997841024168515,-0.006199055829974747,0.004599448349642147,0.0192915871878495,-0.012218821641081833,0.009436229968632309,0.038529066766280096
26.782,1886,26,782000000,,10.327590012419883,0.9997903794543018,-0.00610559438205267,0.004643733010964594,0.018983008496750886,-0.012033160371475757,0.00951746796317262,0.037912151094896984
26.792,1887,26,792000000,,10.328413619690904,0.9997963968064969,-0.006039551637339059,0.004676974856610376,0.018676580387116677,-0.011902771118492616,0.009577787996666682,0.03729942047372958
26.803,1888,26,802000000,,10.328638532912931,0.9998020826666008,-0.006020169053361311,0.004691401961738256,0.01837236532757653,-0.011866396347904418,0.009602303955819895,0.036690895098733016
26.808,1889,26,815000000,,10.328936879777725,0.9998076599298339,-0.005995598300026774,0.004707669442789139,0.018070246126480814,-0.011819576002794013,0.009630360671308985,0.03608659516584468
26.822,1890,26,822000000,,10.32884271866469,0.9998129795409061,-0.006001688561209098,0.004711815829359021,0.017770325476483887,-0.011834496825927177,0.009635322254034765,0.03548654087102676
26.832,1891,26,832000000,,10.329951195113917,0.9998185600305437,-0.0059152878991816475,0.004751361989487511,0.017472290827620276,-0.011663208893902748,0.009707859547533976,0.034890752410245085
26.842,1892,26,842000000,,10.330200245029747,0.9998237338000047,-0.005895756888925088,0.004765158358010317,0.017176572613514556,-0.01162654958643626,0.00973132822597786,0.03429924997944057
26.852,1893,26,852000000,,10.330649638906948,0.9998288439790647,-0.005861290173709087,0.004784717637060386,0.016882964849817127,-0.011559822197309296,0.009765864550723088,0.03371205377455411
26.863,1894,26,862000000,,10.331035239956549,0.9998338088504436,-0.005832205841189371,0.00480219895612058,0.016591532172365434,-0.01150392722692967,0.009796488904050216,0.03312918399155862
26.872,1895,26,872000000,,10.331424356800344,0.9998386521928331,-0.005803291732253442,0.004819479148112886,0.016302269996230745,-0.011448376688939067,0.009826774882629048,0.03255066082639857
26.882,1896,26,882000000,,10.331494829623226,0.9998432769573302,-0.0057992705251179635,0.004827162281529807,0.016015258003286605,-0.01144291033714889,0.009838723866762971,0.03197650447502554
26.897,1897,26,892000000,,10.33195870286242,0.9998479054502843,-0.005765335165401093,0.004845916482701534,0.015730351889023168,-0.011377260449156176,0.009871900734870985,0.03140673513339465
26.902,1898,26,902000000,,10.331975993445782,0.9998522798741314,-0.005766086905391178,0.004851578710293711,0.015447745994771084,-0.011381379560094343,0.009880030899850723,0.030841372997457484
26.912,1899,26,912000000,,10.332514351973195,0.9998567000257171,-0.0057271207839322495,0.004871801342390061,0.01516723616516512,-0.01130561331061806,0.009916098119591502,0.030280438263165625
26.922,1900,26,922000000,,10.332285124029395,0.9998607711018116,-0.005747562612782398,0.0048701117580401175,0.01488912177286412,-0.011349302341291329,0.009910181929951991,0.029723951126470635
26.932,1901,26,932000000,,10.332061541841377,0.9998647323409179,-0.0057679022567686394,0.004868425241787855,0.014613239204438445,-0.011392762386915218,0.009904270798462504,0.029171931783331218
26.945,1902,26,943000000,,10.332036255998558,0.999868645104837,-0.005773345371854241,0.004872182517762807,0.014339555674724598,-0.011406251436473802,0.009908821628649391,0.02862440042969538
26.953,1903,26,952000000,,10.332463579835554,0.9998725890860165,-0.005744462919858066,0.00488849972629692,0.014068024403380713,-0.011350723144942784,0.009937543807752027,0.028081377261521823
26.962,1904,26,962000000,,10.333081011649323,0.9998764837539552,-0.005701395913274363,0.0049098733121948806,0.013798712422711213,-0.01126668251889983,0.009976043042242965,0.02754288247475856
26.974,1905,26,971000000,,10.333571409971134,0.9998802356659221,-0.005668087832727792,0.004927493578010187,0.013531700263434452,-0.011202258481113796,0.010007371645969201,0.02700893626535361
26.982,1906,26,982000000,,10.33556974561626,0.9998843377178402,-0.005518491811034133,0.0049854508434360525,0.01326660147043576,-0.010904201121369852,0.010116344243715807,0.02647955882927633
26.992,1907,26,992000000,,10.335752001619776,0.9998877925229216,-0.005509411980236276,0.004993858250434726,0.013004234811990601,-0.010888478770436005,0.010130060432277675,0.025954770362446315
27.004,1908,27,4000000,,10.336556662184774,0.9998913302546141,-0.0054527063836447435,0.005018539603061175,0.012744015654591758,-0.010777081480384235,0.010175142807475288,0.025434591060864875
27.016,1909,27,13000000,,10.336372974904434,0.999894481614974,-0.005472305788709171,0.005017005460510873,0.012486359016411236,-0.010818938970343308,0.01016978579784671,0.024919041120444522
27.025,1910,27,25000000,,10.336193625525794,0.9998975382674054,-0.0054918105223142714,0.005015475934179473,0.012231025513968064,-0.010860581338446113,0.01016444005259245,0.02440814073715813
27.033,1911,27,33000000,,10.337244458817194,0.9999008626256471,-0.005416632623896965,0.00504573501187753,0.011977711371301302,-0.01071208287494235,0.01022040523693641,0.02390191010693954
27.042,1912,27,42000000,,10.337195400625014,0.9999037723539866,-0.005426526100485292,0.005047351537829704,0.01172702388506645,-0.010734393870426469,0.010221183659866413,0.02340036942575452
27.053,1913,27,53000000,,10.337272101529623,0.9999066285565049,-0.005426901094383121,0.00505206102238925,0.011478658140286577,-0.010737574939684927,0.010227944017866206,0.02290353888956531
27.062,1914,27,62000000,,10.337900044927286,0.9999095581092585,-0.005384848725202408,0.005070473477804171,0.01123251105784789,-0.01065557771715379,0.010261180603687936,0.02241143869430573
27.073,1915,27,72000000,,10.338347455638113,0.9999123466544408,-0.0053569888085419105,0.005084119887164155,0.010988785369061822,-0.010602061276807148,0.01028526343420095,0.02192408903594512
27.082,1916,27,82000000,,10.338493857731638,0.9999149616664261,-0.005352603671601802,0.005090164306689581,0.010747525152101771,-0.010595643361365297,0.010294699219546065,0.021441510110417287
27.092,1917,27,92000000,,10.338703064060015,0.9999175109145271,-0.0053435738889759015,0.0050976469777172075,0.010508643103661395,-0.010579886824613922,0.010306942865484437,0.020963722113705792
27.104,1918,27,103000000,,10.3392736803099,0.9999200824204562,-0.005306814153211484,0.005113817184463955,0.010272067446010377,-0.010508475857764167,0.010336024944773384,0.020490745241723122
27.112,1919,27,112000000,,10.339485487607886,0.9999224702755062,-0.005297729692451333,0.005121130985179006,0.010038003569833844,-0.010492580351645188,0.010348009828487076,0.020022599690452836
27.123,1920,27,122000000,,10.339818051403686,0.9999248144642393,-0.005279365861666969,0.00513123657422191,0.009806330912962995,-0.010458053087594099,0.010365429589178222,0.01955930565583586
27.132,1921,27,132000000,,10.339914753277712,0.9999270132145948,-0.005279417934107936,0.005135563628259398,0.00957715909008261,-0.010460450367374856,0.010371687200215415,0.019100883333823763
27.142,1922,27,141000000,,10.340368832973322,0.9999292402635764,-0.005251726832273104,0.005148313241000491,0.009350331649647848,-0.010407183623590001,0.010394295838665637,0.018647352920382335
27.157,1923,27,157000000,,10.341000215890038,0.9999314439309197,-0.005210408217549408,0.00516496755200177,0.009125907879193191,-0.010326576604465088,0.0104245151402855,0.01819873461143473
27.162,1924,27,162000000,,10.341161115488308,0.9999334392828001,-0.005205800620654469,0.005170486757574798,0.00890408393146203,-0.010319576136453134,0.01043318026027199,0.017755048602971616
27.172,1925,27,172000000,,10.34190641217736,0.9999355308265783,-0.005155902095497836,0.005189332873110476,0.008684566107928393,-0.010221743191061809,0.010467741351060099,0.01731631509091969
27.182,1926,27,181000000,,10.342356952967254,0.9999374682266122,-0.0051291893089484295,0.0052010088793517754,0.00846761833236547,-0.010170391550865066,0.010488423635930059,0.0168825542712483
27.192,1927,27,192000000,,10.342633971918534,0.9999392888920177,-0.00511598571789301,0.005208611679237654,0.008253216623564175,-0.010146108139485535,0.010501230598329274,0.016453786339891252
27.202,1928,27,202000000,,10.343140855163577,0.999941109063493,-0.005085070964010538,0.0052209897899104735,0.008041251381243616,-0.010086305902100611,0.01052333953556908,0.016030031492817894
27.213,1929,27,212000000,,10.344104324447546,0.9999429935724299,-0.005018963465435184,0.005242584621149181,0.007831661230572416,-0.009955958338136624,0.01056338161488556,0.015611309925969152
27.225,1930,27,224000000,,10.3442118073572,0.9999445731123511,-0.005019045338430321,0.0052460882598260395,0.007624857049069516,-0.009958253640259589,0.010568330705116957,0.015197641835307257
27.232,1931,27,232000000,,10.344263713688314,0.9999460754514116,-0.005023447738893262,0.005248405919283834,0.007420606271802008,-0.009969183119081099,0.010570996734939718,0.014789047416776668
27.243,1932,27,243000000,,10.344487048110965,0.9999475661201263,-0.005014634574101098,0.005254204677202983,0.00721884919733274,-0.009953606128175096,0.010580455544850063,0.014385546866339641
27.256,1933,27,255000000,,10.345161015620002,0.9999491254449073,-0.0049708854216752585,0.005269091888517207,0.007019507871627854,-0.009868007518340088,0.010607632920989913,0.013987160379937079
27.263,1934,27,263000000,,10.345046708825139,0.99995040586128,-0.004988145623529494,0.005267939694267551,0.0068229782703363,-0.009904629156271138,0.010603623594261098,0.013593908153520573
27.273,1935,27,273000000,,10.34493369419611,0.9999516307658884,-0.0050052985669403575,0.005266796356584298,0.006629024893191125,-0.00994100764794013,0.010599642190403423,0.013205810383066563
27.283,1936,27,282000000,,10.345102207839066,0.9999528814612246,-0.0050005847298800225,0.005271309042140462,0.00643757025094304,-0.009933551498747896,0.010606703440896188,0.012822887264512417
27.293,1937,27,293000000,,10.3453825747685,0.9999541117267843,-0.004987078430671742,0.005278023130357608,0.006248676760698997,-0.009908458518191212,0.010618086663552826,0.012445158993802611
27.303,1938,27,303000000,,10.34593997003241,0.9999553706490238,-0.0049516786952163916,0.0052901891832083745,0.006062300444439627,-0.009839489709246665,0.010640144064282347,0.012072645766910027
27.318,1939,27,313000000,,10.346605175350694,0.9999566115636241,-0.004907296783878804,0.005304397723830208,0.005878502637366589,-0.009752513241611832,0.010666232508543564,0.011705367779754283
27.323,1940,27,321000000,,10.346552444503377,0.9999575986938237,-0.004919521593185634,0.005304420038791596,0.0056975652544080675,-0.009778893378716728,0.010664650995309867,0.011343345228326028
27.332,1941,27,332000000,,10.346995636530554,0.9999586814672514,-0.004892251622177611,0.005314202559616446,0.005519101692936973,-0.009726147964620633,0.010682170791289285,0.010986598308559081
27.342,1942,27,342000000,,10.347163537420547,0.9999596397529477,-0.004886751567822104,0.005318539378075444,0.005343375632801882,-0.009716978778096755,0.010689076487518677,0.010635147216397911
27.352,1943,27,344000000,,10.347331399362513,0.999960553969916,-0.004881162414711075,0.005322845732221717,0.005170306661176626,-0.00970760600178341,0.010695949688166204,0.010289012147811862
27.365,1944,27,361000000,,10.348583006540299,0.9999617373574882,-0.00478885379183548,0.005347460066995418,0.004999537097199624,-0.00952456504228361,0.010742601643550526,0.0099482132987454
27.394,1945,27,367000000,,10.351045027288205,0.9999632222554531,-0.004600818091629272,0.005389620354956068,0.004831004223608551,-0.009149886816299191,0.010823508741794864,0.00961277086516077
27.394,1946,27,380000000,,10.351783605524394,0.9999641760105688,-0.004550433161430724,0.005401015140081843,0.004665757066565646,-0.009050796383692904,0.010844318285716215,0.009282705043002437
27.394,1947,27,390000000,,10.352463786371422,0.9999650763774593,-0.004504528988265895,0.00541075015152413,0.004503224046589372,-0.008960660201958523,0.010861905765391781,0.008958036028211325
27.408,1948,27,394000000,,10.3543833123406,0.9999662900582552,-0.00436119268272283,0.005434859947601614,0.0043429302162847246,-0.008675509787081242,0.010907450468318215,0.008638784016767433
27.412,1949,27,412000000,,10.354280281585217,0.9999668959898274,-0.004376645895824712,0.005434001792579104,0.004186110329503246,-0.00870813514128694,0.010904502160286296,0.00832496920459036
27.423000000000002,1950,27,423000000,,10.354177533798847,0.9999674666725966,-0.004391954466073843,0.005433153983928964,0.004032018122982876,-0.00874044066473505,0.010901587261896769,0.008016611787674323
27.432,1951,27,432000000,,10.354075033964442,0.9999680033487494,-0.00440711499271814,0.005432316771074216,0.003880663687468312,-0.008772419474473502,0.010898706732563303,0.007713731961931813
27.442,1952,27,442000000,,10.354745126871117,0.9999687263912261,-0.00436181143903042,0.0054401071634320765,0.0037317656048912306,-0.0086833737931003,0.010912645168039338,0.007416349923357046
27.452,1953,27,452000000,,10.354848319094021,0.9999692578087198,-0.004360651738833052,0.005441498875040933,0.0035858393554875257,-0.008682636899080597,0.010914153054855215,0.007124485867848307
27.462,1954,27,462000000,,10.355305784929548,0.9999698606483756,-0.004331483083825995,0.005446552531558725,0.003442544797668739,-0.008625826589404528,0.010922816596236642,0.006838159991414018
27.472,1955,27,472000000,,10.355756855639333,0.9999704329523158,-0.004302124352933952,0.005451747841615624,0.0033020285706311593,-0.008568607483037517,0.010931802505721061,0.006557392489973781
27.483,1956,27,481000000,,10.356053830025667,0.9999709334090205,-0.004284476728415047,0.005455495164281817,0.00316435914024479,-0.008534792250328577,0.010938006531985687,0.006282203559479171
27.492,1957,27,492000000,,10.356200062018246,0.9999713645038831,-0.004278563342630547,0.0054576475918872375,0.0030295462907804532,-0.008524426705100813,0.010941125119417573,0.006012613395906641
27.502,1958,27,502000000,,10.357079223047204,0.9999719797182659,-0.0042118525356941595,0.005468641246636063,0.002897246876775037,-0.0083923837340441,0.010961601097725315,0.005748642195175792
27.513,1959,27,513000000,,10.357605715777055,0.999972471673144,-0.004173633992701016,0.00547497848751138,0.0027679027727977733,-0.008317326396788897,0.010972980168550124,0.005490310153277279
27.522,1960,27,522000000,,10.358030203662066,0.9999729126893324,-0.004143641335875008,0.005479688978646011,0.0026414262794748396,-0.00825870161828512,0.010981192039516694,0.00523763746612005
27.532,1961,27,532000000,,10.358024332512509,0.9999732066861824,-0.004149214314632272,0.005479943071701596,0.0025179662936622134,-0.008271202615375155,0.010980708322215392,0.004990644329691207
27.542,1962,27,542000000,,10.358207801817013,0.9999735351932646,-0.0041388633063187755,0.005481951512267,0.0023972757942154832,-0.008251815435991594,0.010983677706565989,0.004749350939949438
27.555,1963,27,552000000,,10.358904813327369,0.9999739976125707,-0.004085340275343815,0.0054880987951216745,0.0022792246892485066,-0.00814603331974017,0.010994756514654968,0.004513777492832105
27.563,1964,27,562000000,,10.359498724967501,0.9999744117024274,-0.004039943889726555,0.005492862857075233,0.0021640821115278554,-0.008056481855986529,0.01100315217148886,0.004283944184276578
27.572,1965,27,571000000,,10.359902251201067,0.9999747511985462,-0.004010158218396886,0.0054959357135476485,0.002051898414134368,-0.007998129608006109,0.011008273102978998,0.004059871210262856
27.583,1966,27,583000000,,10.36021122410196,0.9999750449531337,-0.0039879771291815936,0.005498331028309458,0.0019426438939186066,-0.007954958844346043,0.011012104638360736,0.0038415787667211996
27.592,1967,27,592000000,,10.360382770033139,0.9999752811536589,-0.003977156509087531,0.005499739362292347,0.0018363481995454778,-0.007934482029518672,0.0110140364008188,0.0036290870496209493
27.602,1968,27,602000000,,10.360463726868662,0.9999754748038019,-0.003973780189618363,0.005500506199801238,0.0017330012872219388,-0.007928864744761914,0.011014738454836494,0.0034224162548994745
27.613,1969,27,612000000,,10.360455065370271,0.999975626854382,-0.003977857195782211,0.005500629336553409,0.0016326133092358752,-0.007938124540287902,0.011014201835330726,0.003221586578529667
27.623,1970,27,623000000,,10.360536251370439,0.999975792262777,-0.0039739909317908564,0.005501427734726941,0.0015351147791756992,-0.00793146312783046,0.011015012921147368,0.0030266182164560007
27.632,1971,27,632000000,,10.36097280004977,0.9999760527369749,-0.0039390846751129254,0.005504800078882032,0.0014403959846628666,-0.007862681012069597,0.01102090729074703,0.002837531364619394
27.643,1972,27,643000000,,10.361361686255256,0.9999762870753115,-0.003907849888868195,0.005507735431220999,0.0013486462619978572,-0.007801211794879698,0.011025973674797216,0.0026543462189962956
27.653,1973,27,653000000,,10.361922131413841,0.9999765633037737,-0.0038613547217920346,0.0055114197374925,0.0012597759179519656,-0.007709187661801024,0.01103253382551798,0.002477082975509859
27.663,1974,27,662000000,,10.362304646631095,0.9999767760508651,-0.0038302055960665144,0.00551350289140532,0.0011739548016179773,-0.007647828348221455,0.011035966683766699,0.002305761830125874
27.673000000000002,1975,27,673000000,,10.362942746053992,0.9999770594033754,-0.0037764719610020128,0.005516218112883739,0.0010909923174207859,-0.00754126544472921,0.011040647639137948,0.002140402978806577
27.682,1976,27,682000000,,10.363447419658796,0.9999772938848369,-0.0037341076068599303,0.0055177779940173595,0.0010110791996241358,-0.007457411645223096,0.011043080819065876,0.001981026617499992
27.692,1977,27,692000000,,10.364493542409798,0.9999776897086988,-0.003643519587259871,0.0055202058984874965,0.0009339040149827575,-0.007277074181263637,0.011047195576877085,0.0018276529421505927
27.702,1978,27,702000000,,10.36473667271263,0.999977827534019,-0.003623353562901457,0.005520501861116603,0.0008601212142155216,-0.007237554664088285,0.011047216663335533,0.0016803021487206144
27.713,1979,27,713000000,,10.364938290834774,0.9999779454165226,-0.003606641968022494,0.005520660828218627,0.0007893784165273048,-0.007204911025773767,0.011046996842774963,0.0015389944331580807
27.723,1980,27,722000000,,10.364851599866167,0.9999779666443521,-0.0036154305219061804,0.005520315554670983,0.0007218061687842412,-0.007223235986735932,0.011045831743649806,0.001403749991418124
27.73,1981,27,733000000,,10.365302180422999,0.999978150218772,-0.0035760798097365606,0.005520785515222142,0.0006570125815231453,-0.007145245616918051,0.011046253475469073,0.001274589019448769
27.742,1982,27,742000000,,10.365506097056846,0.9999782512201059,-0.0035585168879706795,0.0055208292546669565,0.0005953895178432655,-0.007110798617122081,0.011045880393362132,0.0011515317132229086
27.754,1983,27,754000000,,10.366357126868529,0.9999785506127723,-0.003481899134752236,0.005521490376173192,0.000536504259697088,-0.006958204988774687,0.011046704664220305,0.0010345982686601474
27.764,1984,27,763000000,,10.366798372193266,0.9999787181822638,-0.0034419974520679564,0.0055212842938146735,0.00048089067740093026,-0.006879012035922967,0.011045868649274024,0.0009238088817440372
27.775,1985,27,772000000,,10.367197789718281,0.9999788696597882,-0.0034057957615587346,0.005520623283498495,0.00042837801613803447,-0.006807185476355355,0.01104415571188659,0.0008191837483799702
27.786,1986,27,786000000,,10.3676345520144,0.9999790307279629,-0.0033660052192617715,0.005519467429741126,0.0003789360363011672,-0.006728147105668021,0.011041478733309776,0.000720743064601237
27.793,1987,27,792000000,,10.367720102287715,0.9999790768622758,-0.0033581171717840925,0.005518890100409823,0.00033277438405302076,-0.00671288022676468,0.011040008507866976,0.0006285070262741498
27.802,1988,27,802000000,,10.367924640466994,0.9999791586664145,-0.003339155255182374,0.005518004204708398,0.00028966288737880834,-0.00667543082795125,0.011037936998070442,0.0005424958294071305
27.812,1989,27,812000000,,10.36836203405291,0.9999793133353208,-0.0032984743133047906,0.005516402144183651,0.0002495516146428879,-0.006594508163394941,0.011034446258127528,0.00046272966993399234
27.823,1990,27,822000000,,10.368607717735589,0.9999794040663719,-0.003275291092538337,0.005515313436219833,0.0002126711614407996,-0.006548546667275125,0.011032016580920193,0.00038922874382407713
27.833,1991,27,832000000,,10.368855441318397,0.9999794936103731,-0.0032517812086525454,0.005514187270783521,0.00017893142732026778,-0.006501897013974014,0.011029535704813269,0.0003220132469969883
27.842,1992,27,842000000,,10.369331696166029,0.9999796551975753,-0.0032067928025426256,0.0055121412159021745,0.00014822306200633928,-0.006412254727667251,0.011025232148278292,0.0002611033754327252
27.852,1993,27,852000000,,10.369807218578927,0.9999798161296537,-0.003161546712517944,0.005509754367591443,0.00012067517310437646,-0.006322062022592988,0.011020272419962887,0.00020651932506510215
27.862000000000002,1994,27,862000000,,10.370060455673652,0.9999799046277991,-0.0031370510062471613,0.005508171682709609,9.64171959348898e-05,-0.006273335615649508,0.011016949778245445,0.00015828129186701295
27.881,1995,27,878000000,,10.37031671418643,0.9999799933490664,-0.003112195221095851,0.005506493111933651,7.533999463843065e-05,-0.0062238538349539884,0.011013457483595982,0.00011640947178648278
27.882,1996,27,882000000,,10.370319722422154,0.9999799986088588,-0.003111393549432247,0.005506205180345062,5.759269993840061e-05,-0.006222445880625624,0.01101277108980503,8.092406076798396e-05
27.893,1997,27,892000000,,10.370912317660983,0.9999801953828178,-0.0030544875577879155,0.005502465095167825,4.272911499089756e-05,-0.006108791817706215,0.011005195419465739,5.1845254766647044e-05
27.902,1998,27,902000000,,10.371431914356712,0.9999803674305174,-0.0030044839546800313,0.005498805452036936,3.1117425798009977e-05,-0.0060089072689245866,0.010997803675468178,2.9193249737602404e-05
27.914,1999,27,914000000,,10.371666810504202,0.9999804460295085,-0.0029817294321605155,0.005496937739829955,2.288455688240791e-05,-0.005963486404625626,0.010994018447164484,1.2988241632427845e-05
27.922,2000,27,922000000,,10.371656624811473,0.9999804439629809,-0.002982497131287633,0.00549691529321966,1.8020001479714954e-05,-0.005965075361095197,0.010993944545728421,3.2504264062538373e-06
27.932,2001,27,932000000,,10.371799779220545,0.999980490701396,-0.002968794358803243,0.005495830670106194,1.7941456141278516e-05,-0.005937669248850694,0.010991774764338217,3.2504264062538373e-06
27.946,2002,27,942000000,,10.372155734707395,0.9999806071887486,-0.0029345657770455903,0.005493018772409562,1.774508415541329e-05,-0.005869210671663717,0.010986149638007368,3.2504264062538373e-06
27.958,2003,27,958000000,,10.372155734707395,0.9999806071887486,-0.0029345657770455903,0.005493018772409562,1.774508415541329e-05,-0.005869210671663717,0.010986149638007368,3.2504264062538373e-06
27.964,2004,27,961000000,,10.372297366159886,0.9999806536538125,-0.0029208731844646793,0.0054918581399967786,1.7666478123415944e-05,-0.005841824922489396,0.010983827843323768,3.2504264062538373e-06
27.972,2005,27,972000000,,10.372509024230325,0.9999807231915707,-0.002900333222103146,0.005490082377662906,1.7548521822526835e-05,-0.005800744153432265,0.010980275526726105,3.2504264062538373e-06
27.983,2006,27,982000000,,10.373034296195218,0.9999808959291251,-0.002849036490468152,0.005485478116599923,1.725377233445343e-05,-0.005698148590995806,0.010971065042572975,3.2504264062538373e-06
27.993,2007,27,992000000,,10.37345076920346,0.999981032673088,-0.0028081666292558275,0.005481624267404683,1.701875267480384e-05,-0.005616407205528636,0.01096335579669339,3.2504264062538373e-06
28.003,2008,28,2000000,,10.373932839525246,0.9999811907133904,-0.0027607665531487564,0.00547687018720414,1.6745790707230394e-05,-0.0055216051330435325,0.010953845856197117,3.2504264062538373e-06
28.012,2009,28,12000000,,10.374648654910128,0.9999814256294234,-0.0026903147809580192,0.005469034244519135,1.6338843130242864e-05,-0.005380698746579668,0.010938171346944057,3.2504264062538373e-06
28.023,2010,28,23000000,,10.375020374001442,0.999981548092057,-0.0026535548473356216,0.005464600812202253,1.612603166852777e-05,-0.00530717740310475,0.010929303124704488,3.2504264062538373e-06
28.032,2011,28,32000000,,10.375222030361218,0.9999816146095578,-0.0026335827198681007,0.005462090130212306,1.6010276764163586e-05,-0.005267232348064955,0.010924281026381757,3.2504264062538373e-06
28.042,2012,28,42000000,,10.375489547313052,0.9999817028446177,-0.0026070706796635767,0.0054586543232811495,1.585650411522671e-05,-0.0052142072079454475,0.010917408441598766,3.2504264062538373e-06
28.053,2013,28,52000000,,10.375920415185242,0.9999818449111483,-0.0025642784157752165,0.0054528965411317215,1.5608144825035276e-05,-0.005128620976521183,0.010905891320922931,3.2504264062538373e-06
28.062,2014,28,62000000,,10.376248875834397,0.9999819530761934,-0.0025316341731061553,0.0054483128217943586,1.5418529898797778e-05,-0.005063331196944009,0.010896722703427498,3.2504264062538373e-06
28.075,2015,28,73000000,,10.376542437630611,0.9999820497897417,-0.0025024257885451523,0.00544405464295892,1.524873331787212e-05,-0.005004913273469437,0.010888205296698795,3.2504264062538373e-06
28.084,2016,28,83000000,,10.377027218650687,0.9999822100651948,-0.002453931437827598,0.005436685536871081,1.49666369397707e-05,-0.0049079226640492786,0.010873465355825097,3.2504264062538373e-06
28.093,2017,28,93000000,,10.377347240996944,0.9999823165150324,-0.0024215996434487374,0.0054316014204785525,1.477854270671161e-05,-0.004843257810165133,0.010863295980938057,3.2504264062538373e-06
28.103,2018,28,103000000,,10.37756978690095,0.9999823908161903,-0.002398958134456252,0.0054279685772113135,1.4646844726487876e-05,-0.004797973909796635,0.010856029499929918,3.2504264062538373e-06
28.112,2019,28,112000000,,10.377917276802451,0.9999825072202733,-0.0023633573797754263,0.0054221385857301145,1.44398214746282e-05,-0.004726771019072701,0.010844368276778465,3.2504264062538373e-06
28.124,2020,28,124000000,,10.378168370251558,0.9999825915434433,-0.002337480934249473,0.005417802945381023,1.4289377640398023e-05,-0.004675017128501992,0.010835696101323369,3.2504264062538373e-06
28.132,2021,28,132000000,,10.378788867230261,0.999982800301214,-0.0022733339557924775,0.0054065572044881905,1.3916267622250102e-05,-0.004546720707473222,0.010813202420987931,3.2504264062538373e-06
28.143,2022,28,143000000,,10.37885036973895,0.9999828210186541,-0.0022669718845643953,0.0054053966936751865,1.3879238991195739e-05,-0.004533996321578194,0.010810881182621107,3.2504264062538373e-06
28.152,2023,28,152000000,,10.378942429193673,0.9999828520479317,-0.0022574449077186593,0.005403643352029747,1.3823782509863128e-05,-0.004514942003670453,0.010807374175206953,3.2504264062538373e-06
28.162,2024,28,162000000,,10.379186804721737,0.9999829345222822,-0.002232130295755233,0.005398895396683966,1.3676389831541036e-05,-0.004464311813916993,0.01079787740588931,3.2504264062538373e-06
28.171,2025,28,172000000,,10.379520242419291,0.9999830472650049,-0.002197527351320483,0.005392204981579095,1.3474865060315078e-05,-0.004395104609729925,0.010784495408537107,3.2504264062538373e-06
28.182,2026,28,182000000,,10.379791021874762,0.9999831388813716,-0.002169379550129002,0.005386610079269605,1.3310945077498083e-05,-0.004338807942044945,0.010773304660743718,3.2504264062538373e-06
28.192,2027,28,192000000,,10.380238219014444,0.9999832901469142,-0.0021228026237911576,0.005377077825029099,1.3039812031756327e-05,-0.004245652336495381,0.010754238604880529,3.2504264062538373e-06
28.202,2028,28,202000000,,10.380415595147824,0.9999833501744848,-0.0021042700703496745,0.0053731977488542925,1.29319938791285e-05,-0.004208586535806869,0.010746477841750708,3.2504264062538373e-06
28.212,2029,28,212000000,,10.380709430153155,0.999983449802707,-0.002073457546410101,0.005366631331287615,1.2752812882173133e-05,-0.004146960338957449,0.010733343997170545,3.2504264062538373e-06
28.221,2030,28,222000000,,10.380767948168899,0.9999834696718286,-0.002067306837259149,0.0053653018375622585,1.2717055024169322e-05,-0.004134658691961881,0.010730684809075623,3.2504264062538373e-06
28.233,2031,28,232000000,,10.380884751808358,0.9999835093569756,-0.0020550173106879278,0.005362626040355419,1.264561760567872e-05,-0.004110079182525692,0.01072533281459729,3.2504264062538373e-06
28.242,2032,28,242000000,,10.381146390275694,0.9999835983675863,-0.0020274285392406955,0.005356526248384809,1.2485298906628136e-05,-0.0040549006185124845,0.010713132336664178,3.2504264062538373e-06
28.252,2033,28,252000000,,10.381406135159725,0.9999836869194593,-0.0019999264025073273,0.005350330590665231,1.2325588634544995e-05,-0.003999895331857192,0.010700740136159207,3.2504264062538373e-06
28.262,2034,28,262000000,,10.381578269606205,0.9999837456781454,-0.001981637620813688,0.005346152123820451,1.2219455095208423e-05,-0.003963317097439278,0.010692382617472131,3.2504264062538373e-06
28.272,2035,28,272000000,,10.381749633316266,0.9999838041973018,-0.0019633881043812323,0.005341938178627009,1.2113614511468032e-05,-0.003926817397216026,0.010683954146258905,3.2504264062538373e-06
28.284,2036,28,282000000,,10.382061777317285,0.9999839108726696,-0.0019300295366649503,0.005334120329944341,1.1920322295310097e-05,-0.003860099047710986,0.010668317394730517,3.2504264062538373e-06
28.292,2037,28,292000000,,10.382455321283167,0.9999840455695818,-0.0018877773914294568,0.0053239803238654005,1.1675797038611864e-05,-0.0037755932299627557,0.010648036060634799,3.2504264062538373e-06
28.302,2038,28,302000000,,10.382706253478018,0.9999841315437605,-0.001860779591530496,0.005317332722304919,1.151968831076856e-05,-0.0037215966600184017,0.010634740019719216,3.2504264062538373e-06
28.332,2039,28,331000000,,10.38287265005347,0.9999841886691919,-0.0018428464204828152,0.0053128333648311205,1.1416037907281091e-05,-0.0036857296758435873,0.01062574075090752,3.2504264062538373e-06
28.332,2040,28,331000000,,10.38287265005347,0.9999841886691919,-0.0018428464204828152,0.0053128333648311205,1.1416037907281091e-05,-0.0036857296758435873,0.01062574075090752,3.2504264062538373e-06
28.332,2041,28,332000000,,10.383038315681127,0.9999842455614215,-0.0018249992378044288,0.005308283974567719,1.1312914048840545e-05,-0.0036500346732849577,0.010616641421113073,3.2504264062538373e-06
28.342,2042,28,342000000,,10.383476767844027,0.9999843963131604,-0.0017777387655311702,0.005295909100767158,1.1040037211600738e-05,-0.003555512050553096,0.010591890229021574,3.2504264062538373e-06
28.355,2043,28,352000000,,10.384922043963584,0.9999848949184427,-0.001621336553938881,0.005251771120992315,1.0140165211870915e-05,-0.0032427021772000668,0.010503609601845782,3.2504264062538373e-06
28.362,2044,28,362000000,,10.385079598012183,0.9999849492986224,-0.0016042840515737614,0.005246651128483762,1.004239360185099e-05,-0.0032085965881763624,0.010493369118255796,3.2504264062538373e-06
28.371,2045,28,371000000,,10.38523663070772,0.999985003471823,-0.001587288269611133,0.005241492965132163,9.945033342815065e-06,-0.003174604443997479,0.010483052296849947,3.2504264062538373e-06
28.382,2046,28,382000000,,10.385806835151977,0.9999852002731059,-0.0015253368054972854,0.005222306999599542,9.591043576531527e-06,-0.0030506994197611304,0.010444678583818204,3.2504264062538373e-06
28.393,2047,28,393000000,,10.385985700739987,0.9999852622314791,-0.0015057082368429963,0.005216135800496499,9.479243107192521e-06,-0.0030114416250931514,0.010432335628994982,3.2504264062538373e-06
28.403,2048,28,403000000,,10.386061972262832,0.9999852887007843,-0.0014973076695313674,0.00521347895358191,9.431445626031738e-06,-0.0029946402101042584,0.010427021698057714,3.2504264062538373e-06
28.415,2049,28,411000000,,10.386163314219095,0.9999853239260367,-0.0014861175055244323,0.005209923180193453,9.367820498899338e-06,-0.0029722595095030458,0.010419909836411369,3.2504264062538373e-06
28.423000000000002,2050,28,423000000,,10.38633974518498,0.9999853853983954,-0.0014665671173503085,0.005203660713840352,9.256778164423082e-06,-0.0029331580845743848,0.010407384356142657,3.2504264062538373e-06
28.432,2051,28,432000000,,10.386490104980387,0.999985437919445,-0.001449848093880086,0.00519825024595057,9.161931997864183e-06,-0.002899719485336799,0.010396562954549911,3.2504264062538373e-06
28.443,2052,28,442000000,,10.386739083010914,0.9999855251049347,-0.0014220722113944654,0.005189143489159753,9.0045927753623e-06,-0.0028441668075876243,0.010378348671928968,3.2504264062538373e-06
28.452,2053,28,451000000,,10.386838148879553,0.9999855598596129,-0.0014109920382268787,0.005185469483748265,8.941911080340899e-06,-0.0028220060988104366,0.010371000356014373,3.2504264062538373e-06
28.463,2054,28,463000000,,10.387010815078353,0.9999856205076234,-0.001391646471949676,0.005178997978935662,8.832587293618738e-06,-0.0027833143357553947,0.010358056816013353,3.2504264062538373e-06
28.472,2055,28,472000000,,10.387010815078353,0.9999856205076234,-0.001391646471949676,0.005178997978935662,8.832587293618738e-06,-0.0027833143357553947,0.010358056816013353,3.2504264062538373e-06
28.486,2056,28,486000000,,10.387691470994906,0.9999858608050806,-0.00131499215519502,0.0051525639229315825,8.400826826332831e-06,-0.0026300032325135203,0.01030518662915611,3.2504264062538373e-06
28.492,2057,28,492000000,,10.387739487817415,0.9999858778432056,-0.0013095557894087777,0.005150641486880904,8.370297556961062e-06,-0.002619130327554712,0.010301341611546748,3.2504264062538373e-06
28.508,2058,28,497000000,,10.388356518288077,0.9999860988633774,-0.0012391682981773657,0.005125083249529422,7.976079390577162e-06,-0.002478353121006759,0.010250223270060189,3.2504264062538373e-06
28.512,2059,28,512000000,,10.388356518288077,0.9999860988633774,-0.0012391682981773657,0.005125083249529422,7.976079390577162e-06,-0.002478353121006759,0.010250223270060189,3.2504264062538373e-06
28.527,2060,28,527000000,,10.388544091574037,0.9999861672339682,-0.0012174646012770203,0.005116938436510317,7.854928165574446e-06,-0.0024349450492751174,0.010233933074532216,3.2504264062538373e-06
28.533,2061,28,532000000,,10.38873075381601,0.999986235747761,-0.0011957317700092942,0.005108667218124414,7.733830517257624e-06,-0.002391478711800092,0.010217390070700877,3.2504264062538373e-06
28.543,2062,28,542000000,,10.389008981899467,0.9999863379918235,-0.0011632852196333877,0.005096129918394763,7.55348459478614e-06,-0.0023265846109919498,0.010192314631357944,3.2504264062538373e-06
28.552,2063,28,552000000,,10.38942155554942,0.9999864882278628,-0.0011154920794974978,0.005077301054541159,7.28891700801383e-06,-0.0022309968749381253,0.01015465568263028,3.2504264062538373e-06
28.563,2064,28,562000000,,10.390313722890996,0.9999868075810784,-0.0010131168072453776,0.005035693883286706,6.72696563222997e-06,-0.0020262432841195214,0.010071438794331889,3.2504264062538373e-06
28.571,2065,28,572000000,,10.390509841559213,0.999986877589769,-0.000990589444529347,0.005026264736513983,6.6041825425659194e-06,-0.0019811879014714814,0.010052579952335692,3.2504264062538373e-06
28.582,2066,28,582000000,,10.390618102302472,0.9999869164649086,-0.0009780952659340007,0.00502097459989792,6.5362082623849e-06,-0.0019561991817292584,0.010041999376286402,3.2504264062538373e-06
28.592,2067,28,592000000,,10.390981771864455,0.9999870492119496,-0.0009356651858406611,0.005002589256841585,6.305962132025755e-06,-0.0018713378003160687,0.010005227666626449,3.2504264062538373e-06
28.602,2068,28,602000000,,10.39117157112025,0.9999871190098181,-0.0009134160028645733,0.00499273946718799,6.185659983063609e-06,-0.0018268388006124228,0.009985527554945346,3.2504264062538373e-06
28.613,2069,28,612000000,,10.39140102387276,0.9999872036615581,-0.0008864208177379226,0.004980635982271832,6.040149282603026e-06,-0.0017728476678955803,0.009961319944282057,3.2504264062538373e-06
28.623,2070,28,622000000,,10.391586860049916,0.9999872724215378,-0.0008644915345429324,0.004970675431553005,5.922315101005091e-06,-0.00172898848737651,0.00994139832627644,3.2504264062538373e-06
28.632,2071,28,632000000,,10.391791307876028,0.9999873482648041,-0.0008403098913676798,0.004959552001513033,5.792767143957739e-06,-0.0016806245293053182,0.009919150900594212,3.2504264062538373e-06
28.642,2072,28,642000000,,10.391993643192201,0.9999874235363896,-0.0008163216139156799,0.004948369023002427,5.664665440496721e-06,-0.0016326473137841311,0.009896784386595464,3.2504264062538373e-06
28.654,2073,28,653000000,,10.392233741863906,0.999987513150515,-0.00078778361703762,0.004934866728722414,5.5128100444741415e-06,-0.001575570541620208,0.009869779140634116,3.2504264062538373e-06
28.662,2074,28,662000000,,10.392392322504014,0.9999875724754018,-0.000768912890579957,0.004925813478225094,5.412723082615394e-06,-0.0015378285784886539,0.009851672207904456,3.2504264062538373e-06
28.672,2075,28,672000000,,10.392569360449004,0.9999876388399315,-0.0007478319965177977,0.004915575911406776,5.301225140511474e-06,-0.0014956662246586733,0.009831196594626123,3.2504264062538373e-06
28.682,2076,28,682000000,,10.392725423874587,0.9999876975161105,-0.0007292214456520021,0.004906426952400984,5.203070721356598e-06,-0.0014584446272899098,0.00981289825547127,3.2504264062538373e-06
28.692,2077,28,692000000,,10.392841724540023,0.999987741346324,-0.0007153396392382311,0.004899532626773559,5.1300279641044665e-06,-0.0014306806470837745,0.009799109291437005,3.2504264062538373e-06
28.702,2078,28,702000000,,10.392976618722173,0.9999877923060667,-0.0006992206833403719,0.0048914521176026335,5.045401517274478e-06,-0.0013984423112183568,0.009782947911372046,3.2504264062538373e-06
28.712,2079,28,712000000,,10.393072459213196,0.999987828583088,-0.0006877569009028698,0.004885657711325449,4.9853411015854474e-06,-0.0013755144464087903,0.009771358842560866,3.2504264062538373e-06
28.72,2080,28,723000000,,10.393129763417313,0.9999878502968187,-0.0006808983425746832,0.004882172845903684,4.949459260551212e-06,-0.001361797150975135,0.009764388958820511,3.2504264062538373e-06
28.735,2081,28,735000000,,10.393205940986363,0.9999878791827723,-0.0006717767956822704,0.004877517755010739,4.9017985369756956e-06,-0.0013435538202058216,0.009755078574191117,3.2504264062538373e-06
28.743,2082,28,742000000,,10.39386179070694,0.9999881284148056,-0.0005931990342210457,0.004836437135194867,4.494160362415357e-06,-0.0011863962931987768,0.009672915610732306,3.2504264062538373e-06
28.752,2083,28,752000000,,10.39386179070694,0.9999881284148056,-0.0005931990342210457,0.004836437135194867,4.494160362415357e-06,-0.0011863962931987768,0.009672915610732306,3.2504264062538373e-06
28.762,2084,28,762000000,,10.394283098227294,0.9999882891722153,-0.0005428358941332187,0.004809036252399028,4.2357051286198485e-06,-0.0010856687642840032,0.009618112759318669,3.2504264062538373e-06
28.772,2085,28,772000000,,10.394445769795803,0.9999883517966762,-0.000523322893182396,0.004798164962612493,4.136176119723564e-06,-0.0010466422862326834,0.009596369762437872,3.2504264062538373e-06
28.782,2086,28,782000000,,10.394642818116214,0.9999884278771863,-0.0004996517890607753,0.004784813860055216,4.015926064664955e-06,-0.0009992995062889445,0.009569667054333283,3.2504264062538373e-06
28.793,2087,28,792000000,,10.39478495032351,0.9999884829580391,-0.00048254096385729584,0.004775048696916806,3.9293409448775415e-06,-0.000965077446698316,0.009550136366632862,3.2504264062538373e-06
28.802,2088,28,802000000,,10.39489089573044,0.9999885241329717,-0.00046976986285781177,0.004767693750642934,3.86490251044933e-06,-0.0009395349415382499,0.009535426205428944,3.2504264062538373e-06
28.812,2089,28,812000000,,10.395170831241435,0.999988633380448,-0.0004359931631742917,0.004747947578772365,3.6952546147136302e-06,-0.0008719807497123122,0.009495933155280743,3.2504264062538373e-06
28.822,2090,28,824000000,,10.395205564695797,0.9999886469668164,-0.0004318031540527475,0.004745468365876573,3.6742899273872936e-06,-0.0008636006341186983,0.009490974642282553,3.2504264062538373e-06
28.829,2091,28,832000000,,10.395309418925478,0.9999886876375663,-0.00041927496543859314,0.004738015656014523,3.6117124423659344e-06,-0.0008385439670792865,0.009476068962356171,3.2504264062538373e-06
28.842,2092,28,842000000,,10.39568588803409,0.999988836125782,-0.0003737504437570228,0.0047104058155011935,3.3856951441786983e-06,-0.0007474938868055991,0.009420848342228842,3.2504264062538373e-06
28.852,2093,28,852000000,,10.395854993549777,0.9999889031237031,-0.00035328661816315865,0.004697744908811492,3.2848283332246785e-06,-0.0007065657779265929,0.009395526110500672,3.2504264062538373e-06
28.862000000000002,2094,28,862000000,,10.396022852345743,0.9999889695195652,-0.0003330236425472643,0.00468507463174023,3.1854176126406516e-06,-0.0006660393787136636,0.009370185144889041,3.2504264062538373e-06
28.877,2095,28,872000000,,10.39615613100777,0.9999890223366834,-0.0003169406305434034,0.004674905892986387,3.1068438932010796e-06,-0.0006338730028667719,0.009349847342384683,3.2504264062538373e-06
28.882,2096,28,882000000,,10.396337884498386,0.9999890947196745,-0.00029499224429926354,0.004660838154368882,3.000086417006701e-06,-0.0005899757556226177,0.009321711423266574,3.2504264062538373e-06
28.892,2097,28,892000000,,10.396485384236486,0.9999891536784692,-0.0002771903663322351,0.004649266870048621,2.9139065349723773e-06,-0.0005543716192572025,0.009298568497649087,3.2504264062538373e-06
28.902,2098,28,902000000,,10.396664158667734,0.999989225355735,-0.0002556215941766125,0.0046350644161397055,2.8099962033985786e-06,-0.0005112336196409648,0.009270163159300869,3.2504264062538373e-06
28.912,2099,28,912000000,,10.396760997910476,0.9999892642914385,-0.0002439366791188283,0.0046272874537961915,2.7539383059493447e-06,-0.0004878635454626884,0.009254609002312024,3.2504264062538373e-06
28.922,2100,28,922000000,,10.39692135200613,0.9999893289237962,-0.0002245788200217675,0.004614281721586505,2.6614423410803197e-06,-0.0004491474269942689,0.00922859715464928,3.2504264062538373e-06
28.933,2101,28,931000000,,10.397032818714756,0.9999893739416502,-0.0002111177337212986,0.004605152151911385,2.5974011558216533e-06,-0.0004222249790473437,0.009210337750073083,3.2504264062538373e-06
28.942,2102,28,942000000,,10.397190997648618,0.9999894379531717,-0.00019201711468064945,0.004592069821225841,2.506927136794187e-06,-0.0003840233545279785,0.009184172714014248,3.2504264062538373e-06
28.952,2103,28,952000000,,10.397379293203475,0.9999895143848263,-0.00016930338177607095,0.0045762922770089245,2.399952054685171e-06,-0.0003385954357961256,0.009152617182045486,3.2504264062538373e-06
28.963,2104,28,963000000,,10.397488432683165,0.9999895587791188,-0.00015616341473262372,0.004567049404499045,2.338375851672994e-06,-0.00031231524301991736,0.009134131181337862,3.2504264062538373e-06
28.972,2105,28,972000000,,10.397643393914553,0.9999896219069703,-0.00013754374730944502,0.004553806649719661,2.2515167960958315e-06,-0.00027507554582962147,0.0091076453106099,3.2504264062538373e-06
28.982,2106,28,982000000,,10.397858509583273,0.999989709865669,-0.00011174552158067055,0.004535159442445966,2.1319520448369433e-06,-0.0002234786006532954,0.009070350397573191,3.2504264062538373e-06
28.992,2107,28,992000000,,10.39804123162122,0.9999897847592366,-8.988125517280226e-05,0.004519103274870898,2.031350247286974e-06,-0.00017974965703444748,0.00903823764215718,3.2504264062538373e-06
29.002,2108,29,2000000,,10.398162227025981,0.9999898344046648,-7.542873559722335e-05,0.0045083693254310865,1.9652277124550354e-06,-0.0001508443502078598,0.00901676946674807,3.2504264062538373e-06
29.012,2109,29,12000000,,10.398267500302838,0.9999898776974872,-6.28566711547213e-05,0.004498949651118448,1.907955724376256e-06,-0.00012569999101213285,0.008997929878321516,3.2504264062538373e-06
29.023,2110,29,23000000,,10.398342340923278,0.9999899085504875,-5.391794636721772e-05,0.004492202862233507,1.867376807420513e-06,-0.00010782237913894009,0.008984436130425363,3.2504264062538373e-06
29.035,2111,29,35000000,,10.398506043905178,0.9999899762319168,-3.437970300878278e-05,0.0044773039389040025,1.7790942571879878e-06,-6.87455419327103e-05,0.008954637912824675,3.2504264062538373e-06
29.043,2112,29,43000000,,10.398506043905178,0.9999899762319168,-3.437970300878278e-05,0.0044773039389040025,1.7790942571879878e-06,-6.87455419327103e-05,0.008954637912824675,3.2504264062538373e-06
29.053,2113,29,53000000,,10.398653843683064,0.9999900375274713,-1.677196242679839e-05,0.004463693719127448,1.7000302796489321e-06,-3.352974998164187e-05,0.008927417139993584,3.2504264062538373e-06
29.062,2114,29,62000000,,10.398712666252786,0.9999900619741241,-9.772508128104838e-06,0.00445823448250631,1.668733314752776e-06,-1.9530719189241338e-05,0.008916498534528914,3.2504264062538373e-06
29.072,2115,29,72000000,,10.398785929952345,0.9999900924694131,-1.0594823703950697e-06,0.004451399693970958,1.629881123653699e-06,-2.104516644236725e-06,0.00890282879307555,3.2504264062538373e-06
29.083,2116,29,82000000,,10.398975133071653,0.9999901714623548,2.142156548621289e-05,0.004433567126505403,1.5301904020576218e-06,4.285796318052553e-05,0.008867163235158617,3.2504264062538373e-06
29.092,2117,29,92000000,,10.399061830168018,0.9999902077092259,3.1705583349327186e-05,0.004425322384931946,1.484856660895852e-06,6.342617194949314e-05,0.008850673559234619,3.2504264062538373e-06
29.098,2118,29,103000000,,10.39911941681755,0.9999902317928954,3.85294644064983e-05,0.004419822638417226,1.4548705190380916e-06,7.707404795813817e-05,0.008839673938565783,3.2504264062538373e-06
29.112,2119,29,112000000,,10.399276903861391,0.999990297663404,5.71557221646347e-05,0.00440469186142346,1.3734101216298277e-06,0.00011432687056900639,0.008809412037292878,3.2504264062538373e-06
29.122,2120,29,122000000,,10.399333854682665,0.9999903215049216,6.38797198608282e-05,0.0043991833399317165,1.344144708155601e-06,0.0001277749754387014,0.008798394869275613,3.2504264062538373e-06
29.133,2121,29,133000000,,10.39940481958807,0.999990351234372,7.22478472644444e-05,0.004392290597813936,1.3078295738856232e-06,0.00014451136545073063,0.008784609229628771,3.2504264062538373e-06
29.142,2122,29,142000000,,10.399517885256815,0.9999903986504218,8.555233627148972e-05,0.004381242541168322,1.2503372800187328e-06,0.0001711205560197959,0.00876251286962461,3.2504264062538373e-06
29.153,2123,29,153000000,,10.39957421355365,0.9999904222942432,9.216627984403991e-05,0.004375708361534672,1.221869909131905e-06,0.00018434854771978885,0.008751444387864763,3.2504264062538373e-06
29.163,2124,29,162000000,,10.399644446056419,0.9999904517929449,0.00010039870347938821,0.004368780337167705,1.186542612420922e-06,0.0002008135240916391,0.008737588186797627,3.2504264062538373e-06
29.172,2125,29,172000000,,10.399714461612133,0.9999904812433817,0.00010859515053619043,0.004361837731638705,1.151487897374698e-06,0.00021720654558680865,0.008723702824200352,3.2504264062538373e-06
29.183,2126,29,183000000,,10.399839912765115,0.9999905342498129,0.00012327996661019267,0.004349277139665592,1.088983284862258e-06,0.0002465764030065377,0.008698581368895389,3.2504264062538373e-06
29.2,2127,29,192000000,,10.399978503343227,0.9999905931044154,0.00013949424681426365,0.0043352327496415785,1.020421685650014e-06,0.0002790052077460405,0.008670492289589255,3.2504264062538373e-06
29.202,2128,29,201000000,,10.400006126522937,0.9999906048634105,0.00014272401255404276,0.0043324143099479125,1.0068220980998963e-06,0.00028546478734363384,0.008664855350661405,3.2504264062538373e-06
29.213,2129,29,212000000,,10.40004750397276,0.9999906224917233,0.0001475603182320474,0.004328181326540683,9.864937493353114e-07,0.00029513747041023133,0.008656389294741504,3.2504264062538373e-06
29.223,2130,29,222000000,,10.400280608047614,0.9999907220382871,0.00017474897168978304,0.004304102621928795,8.730235806578758e-07,0.0003495151727782224,0.008608231385766493,3.2504264062538373e-06
29.232,2131,29,231000000,,10.400321484329668,0.9999907395466562,0.0001795062776411805,0.004299836938761795,8.533132860307912e-07,0.00035902985250797347,0.008599699932139951,3.2504264062538373e-06
29.242,2132,29,242000000,,10.40053820118033,0.9999908327023861,0.00020467589951709555,0.004276987070649526,7.497644417265181e-07,0.0004093694481600652,0.00855399973449944,3.2504264062538373e-06
29.253,2133,29,252000000,,10.400952528801731,0.9999910118929265,0.0002524799978179086,0.004232302789485728,5.565881838563572e-07,0.0005049782804921404,0.008464630298518927,3.2504264062538373e-06
29.263,2134,29,262000000,,10.401607143053626,0.9999912953327967,0.00032681556228050514,0.004159621395408465,2.6573027067067683e-07,0.0006536503116394333,0.008319266163553343,3.2504264062538373e-06
29.273,2135,29,272000000,,10.401940341368428,0.9999914397167391,0.00036410851675524925,0.00412164023370244,1.2443473825908773e-07,0.0007282366323270057,0.008243303169877335,3.2504264062538373e-06
29.295,2136,29,288000000,,10.402191385794259,0.9999915495355052,0.00039223339858279494,0.00409231114897629,2.0017827346062082e-08,0.0007844866879666683,0.008184644497463872,3.2504264062538373e-06
29.295,2137,29,288000000,,10.402191385794259,0.9999915495355052,0.00039223339858279494,0.00409231114897629,2.0017827346062082e-08,0.0007844866879666683,0.008184644497463872,3.2504264062538373e-06
29.307,2138,29,307000000,,10.402240945225298,0.9999915714352666,0.00039780298971666485,0.0040864178943989605,-4.303343749464978e-10,0.0007956259260482991,0.008172857888726926,3.2504264062538373e-06
29.312,2139,29,312000000,,10.402240945225298,0.9999915714352666,0.00039780298971666485,0.0040864178943989605,-4.303343749464978e-10,0.0007956259260482991,0.008172857888726926,3.2504264062538373e-06
29.322,2140,29,322000000,,10.402473875263354,0.9999916751323875,0.0004239800682608815,0.004058313296683946,-9.548507454011145e-08,0.0008479803362819082,0.008116648224968315,3.2504264062538373e-06
29.333,2141,29,332000000,,10.402498178306189,0.9999916860122452,0.0004267082365239048,0.004055345417731967,-1.0529041989495039e-07,0.0008534366983121239,0.008110712418229579,3.2504264062538373e-06
29.342,2142,29,342000000,,10.402595020325899,0.9999917294579177,0.0004375690874026423,0.0040434575595531905,-1.4413316621776355e-07,0.0008751584999452076,0.008086936507425684,3.2504264062538373e-06
29.354,2143,29,354000000,,10.40281003224835,0.9999918271447267,0.00046178287676162147,0.004016515937138619,-2.2959939454076766e-07,0.0009235862915981875,0.008033052828641533,3.2504264062538373e-06
29.362,2144,29,362000000,,10.40281003224835,0.9999918271447267,0.00046178287676162147,0.004016515937138619,-2.2959939454076766e-07,0.0009235862915981875,0.008033052828641533,3.2504264062538373e-06
29.372,2145,29,372000000,,10.403009081687749,0.9999919179455502,0.000484162531639396,0.003991194073022664,-3.072276846477579e-07,0.0009683457869182292,0.007982408700824553,3.2504264062538373e-06
29.382,2146,29,382000000,,10.403078498367975,0.9999919494981944,0.0004919116188990798,0.003982331182671519,-3.337960115410659e-07,0.0009838440231526024,0.007964682782107707,3.2504264062538373e-06
29.393,2147,29,392000000,,10.403204791324132,0.9999920068140897,0.0005059339174400232,0.003966149096435126,-3.814503256899761e-07,0.0010118887284308452,0.007932318360044108,3.2504264062538373e-06
29.402,2148,29,402000000,,10.403284560014452,0.9999920429667815,0.0005147421270302726,0.003955887194614306,-4.111027229377291e-07,0.0010295052132599084,0.007911794399703078,3.2504264062538373e-06
29.412,2149,29,412000000,,10.403431594800544,0.9999921095344118,0.0005308833072141527,0.003936880950108982,-4.648652222349854e-07,0.001061787689216563,0.007873781623631289,3.2504264062538373e-06
29.422,2150,29,422000000,,10.403632522181214,0.9999922008549702,0.0005528320202964245,0.003910576134315775,-5.367323952682549e-07,0.0011056852623889655,0.007821171601322351,3.2504264062538373e-06
29.432,2151,29,432000000,,10.403665651216816,0.999992216068006,0.0005564554023800444,0.0039061695409492586,-5.484498051656585e-07,0.0011129320495911897,0.007812358349852554,3.2504264062538373e-06
29.443,2152,29,443000000,,10.403687680754853,0.9999922262337293,0.0005588690641047049,0.00390322138364079,-5.562303232338476e-07,0.0011177593881693132,0.0078064619920350424,3.2504264062538373e-06
29.453,2153,29,453000000,,10.403764441250626,0.9999922619349446,0.0005672995535713019,0.0038928448607479793,-5.832497194628724e-07,0.00113462041859454,0.007785708794896184,3.2504264062538373e-06
29.462,2154,29,462000000,,10.403840701503272,0.9999922977434144,0.0005756883505151441,0.00388240085484974,-6.09893432386835e-07,0.0011513980616515741,0.007764820631849199,3.2504264062538373e-06
29.473,2155,29,472000000,,10.40391649870058,0.9999923336583048,0.000584037866788758,0.0038718889425174504,-6.361701612428024e-07,0.0011680971410839988,0.007743796656034564,3.2504264062538373e-06
29.484,2156,29,481000000,,10.404023925952291,0.9999923850179913,0.000595893619389965,0.003856788349241337,-6.73075840475635e-07,0.0011918087095196435,0.00771359525424719,3.2504264062538373e-06
29.494,2157,29,494000000,,10.404045291466153,0.9999923952779978,0.0005982525739650135,0.0038537617424609983,-6.803631263578455e-07,0.001196526630800539,0.007707541997814803,3.2504264062538373e-06
29.501,2158,29,502000000,,10.404077266353084,0.9999924106507248,0.0006017820231243701,0.003849220553714157,-6.912319350746881e-07,0.001203585546995746,0.00769845955616245,3.2504264062538373e-06
29.515,2159,29,512000000,,10.404087905467609,0.9999924157703228,0.0006029561024313398,0.0038477064973420623,-6.94838301679378e-07,0.0012059337114834583,0.007695431422071785,3.2504264062538373e-06
29.522,2160,29,522000000,,10.404172672433168,0.9999924566495033,0.0006123079485987797,0.003835586336432504,-7.234000744353038e-07,0.0012246374493079244,0.007671190930166498,3.2504264062538373e-06
29.533,2161,29,532000000,,10.404235861135552,0.9999924872176331,0.0006192746277059263,0.003826487511184006,-7.444866117100309e-07,0.001238570839907135,0.007652993152901952,3.2504264062538373e-06
29.542,2162,29,542000000,,10.404298732651373,0.999992517679758,0.000626198507667886,0.003817389073984666,-7.652832309870122e-07,0.0012524186307710267,0.007634796152524019,3.2504264062538373e-06
29.552,2163,29,552000000,,10.404402810615391,0.9999925680928787,0.0006376330390593382,0.003802260180166785,-7.992864430737825e-07,0.0012752877420689115,0.0076045381571424354,3.2504264062538373e-06
29.562,2164,29,562000000,,10.404516298990515,0.9999926229861502,0.0006500608488472365,0.0037856826958305454,-8.357636521673491e-07,0.0013001434108125764,0.00757138296329554,3.2504264062538373e-06
29.572,2165,29,572000000,,10.404618591785617,0.9999926722870393,0.000661196577746827,0.00377070160029907,-8.68014366434199e-07,0.001322414909443961,0.0075414205709122845,3.2504264062538373e-06
29.583,2166,29,583000000,,10.4046795815358,0.9999927015903763,0.0006677984097164104,0.003761756302301139,-8.869341426640297e-07,0.0013356185960915153,0.007523529855666591,3.2504264062538373e-06
29.593,2167,29,592000000,,10.40482087649278,0.9999927693696874,0.0006829973308242291,0.0037409520345213594,-9.298992637618726e-07,0.001366016486085826,0.007481921045456511,3.2504264062538373e-06
29.602,2168,29,602000000,,10.404931008499586,0.9999928221370901,0.0006947485576805996,0.0037246473408119383,-9.625321668507109e-07,0.0013895189722643833,0.007449311445350063,3.2504264062538373e-06
29.613,2169,29,612000000,,10.404980823077782,0.9999928459990471,0.0007000373853374845,0.003717243256865309,-9.77047950930506e-07,0.001400096640883103,0.0074345031815999585,3.2504264062538373e-06
29.623,2170,29,622000000,,10.405079980429159,0.9999928935011907,0.0007105217440233013,0.003702445807357077,-1.00550675188462e-06,0.0014210653822328474,0.007404908092350054,3.2504264062538373e-06
29.631,2171,29,632000000,,10.405227528807167,0.999992964180594,0.0007260029886511952,0.003680286384779275,-1.0467371013922392e-06,0.001452027900893242,0.0073605889655822595,3.2504264062538373e-06
29.631,2172,29,639000000,,10.405757673730815,0.9999932242771389,0.0007807353370774069,0.0035974783869650983,-1.1835153836534404e-06,0.0015614926304629627,0.007194971948524878,3.2504264062538373e-06
29.653,2173,29,653000000,,10.405786093540527,0.9999932386667592,0.0007836502875797314,0.00359284171315898,-1.1903682452607294e-06,0.0015673225297781115,0.007185698545065053,3.2504264062538373e-06
29.662,2174,29,662000000,,10.405927383274722,0.9999933109542118,0.0007981267489734585,0.0035694592066529353,-1.2237172683820525e-06,0.001596275438821076,0.007138933252499057,3.2504264062538373e-06
29.673000000000002,2175,29,673000000,,10.40604883963433,0.999993373796426,0.0008105093636667538,0.0035490049658117684,-1.2513377855201758e-06,0.0016210406494866563,0.007098024529112041,3.2504264062538373e-06
29.682,2176,29,682000000,,10.406206385638173,0.999993455838287,0.000826469280981152,0.0035221055455965994,-1.2857475711006664e-06,0.0016529604511911623,0.0070442253749022415,3.2504264062538373e-06
29.692,2177,29,692000000,,10.406334280731706,0.999993522506644,0.000839413160973805,0.00350004693912238,-1.312820584176469e-06,0.0016788481790027227,0.007000107908351316,3.2504264062538373e-06
29.704,2178,29,703000000,,10.406442133217322,0.9999935783734119,0.0008503538359802934,0.0034813946213813843,-1.335252037736709e-06,0.0017007294994896163,0.00696280306124298,3.2504264062538373e-06
29.712,2179,29,710000000,,10.406442133217322,0.9999935783734119,0.0008503538359802934,0.0034813946213813843,-1.335252037736709e-06,0.0017007294994896163,0.00696280306124298,3.2504264062538373e-06
29.724,2180,29,724000000,,10.40649545759885,0.9999936059894179,0.000855773866071513,0.0034721217661501983,-1.3461856576246566e-06,0.0017115695439866912,0.006944257246475934,3.2504264062538373e-06
29.738,2181,29,733000000,,10.406592233866931,0.9999936564071654,0.0008656179919592512,0.0034551192533893893,-1.3656476531845603e-06,0.0017312577645119743,0.006910252031078741,3.2504264062538373e-06
29.742,2182,29,742000000,,10.406635840136346,0.9999936792490829,0.0008700526659440223,0.0034473857272541947,-1.374241255234812e-06,0.0017401270971799125,0.006894784893018271,3.2504264062538373e-06
29.746,2183,29,746000000,,10.406765375420575,0.9999937474732281,0.0008832098963842635,0.003424171837317027,-1.3990961094943865e-06,0.001766441508195403,0.006848356857760655,3.2504264062538373e-06
29.764,2184,29,763000000,,10.406867742975148,0.999993801701056,0.0008935780258897722,0.0034055947747638074,-1.417997940554742e-06,0.001787177723195674,0.006811202530562823,3.2504264062538373e-06
29.778,2185,29,777000000,,10.40707784836299,0.9999939139167547,0.0009147310888611802,0.0033668077416715444,-1.4545562058150349e-06,0.001829483745405628,0.006733628048681807,3.2504264062538373e-06
29.778,2186,29,777000000,,10.407102756523487,0.999993927365853,0.0009172284513084425,0.0033621304640844927,-1.4586741161018248e-06,0.0018344784566324348,0.006724273443913017,3.2504264062538373e-06
29.778,2187,29,790000000,,10.407168809291806,0.9999939631519023,0.0009238361034914312,0.003349654377204771,-1.4693637854640304e-06,0.0018476937233770797,0.006699321138421569,3.2504264062538373e-06
29.805,2188,29,805000000,,10.40729132502534,0.9999940299070897,0.0009360430855466058,0.0033262548467221154,-1.4883494951239373e-06,0.0018721076127255981,0.006652521832606054,3.2504264062538373e-06
29.817,2189,29,817000000,,10.407363963944988,0.9999940697042725,0.0009432644376005472,0.00331222074143859,-1.4991313818473313e-06,0.0018865502696089006,0.006624453476600955,3.2504264062538373e-06
29.828,2190,29,827000000,,10.407459843273458,0.9999941224608566,0.0009527741175420933,0.0032935183214451783,-1.5128099590280687e-06,0.0019055695638660615,0.0065870484444219635,3.2504264062538373e-06
29.832,2191,29,832000000,,10.407562613389217,0.9999941792408447,0.000962927233058819,0.0032732633933726784,-1.5267449720344444e-06,0.0019258757204305085,0.006546538382190422,3.2504264062538373e-06
29.842,2192,29,842000000,,10.407617525255237,0.9999942096552632,0.0009683334896367141,0.0032623586323274703,-1.5338813917009e-06,0.0019366881920925567,0.0065247287500296725,3.2504264062538373e-06
29.855,2193,29,851000000,,10.407648779011272,0.9999942269872405,0.0009714040917169198,0.003256127134648854,-1.5378453588279547e-06,0.0019428293721076605,0.0065122656920469976,3.2504264062538373e-06
29.863,2194,29,863000000,,10.4076565771191,0.9999942313169381,0.0009721698325614228,0.003254568526669001,-1.5388234427108094e-06,0.0019443608477069606,0.006509148460454113,3.2504264062538373e-06
29.872,2195,29,872000000,,10.40770322090383,0.9999942572899383,0.0009767505275128502,0.003245203100855629,-1.5445837389746847e-06,0.0019535222005787915,0.006490417515141865,3.2504264062538373e-06
29.881,2196,29,882000000,,10.407741892872897,0.9999942789255745,0.0009805495465652894,0.003237381087748012,-1.5492422843929356e-06,0.001961120207184713,0.0064747734110097415,3.2504264062538373e-06
29.892,2197,29,892000000,,10.407765000511281,0.9999942919015775,0.0009828210811553483,0.0032326807106154956,-1.551976374432159e-06,0.0019656632571930497,0.0064653726100674476,3.2504264062538373e-06
29.902,2198,29,902000000,,10.407772687716495,0.9999942962257697,0.0009835769174367885,0.0032311128057756476,-1.5528775622776635e-06,0.0019671749233205484,0.006462236784841651,3.2504264062538373e-06
29.919,2199,29,912000000,,10.407788039616598,0.9999943048721368,0.0009850865530445282,0.003227975427094852,-1.5546647065543003e-06,0.0019701941815989275,0.006455961996408391,3.2504264062538373e-06
29.922,2200,29,922000000,,10.407871963400762,0.999994352493204,0.0009933543266451988,0.0032106426822321806,-1.5641349361764747e-06,0.0019867296558416904,0.0064212963358696055,3.2504264062538373e-06
29.934,2201,29,932000000,,10.407940019069699,0.9999943915118282,0.0010000725339482143,0.0031963725292717482,-1.571433193979006e-06,0.0020001660085533952,0.006392755890388994,3.2504264062538373e-06
29.95,2202,29,944000000,,10.407992581296613,0.9999944217721749,0.0010052538754408765,0.003185260851674402,-1.57682438665493e-06,0.0020105286422823754,0.0063705324272027835,3.2504264062538373e-06
29.952,2203,29,952000000,,10.408029927377468,0.9999944432766008,0.0010089239604885063,0.003177339431824559,-1.5805222774071734e-06,0.002017868776736795,0.006354689510885692,3.2504264062538373e-06
29.966,2204,29,962000000,,10.4080671174246,0.9999944647004471,0.0010125703495521866,0.0031694269583851216,-1.5840959798553393e-06,0.002025161518831799,0.006338864487780401,3.2504264062538373e-06
29.966,2205,29,972000000,,10.408111540662947,0.9999944903089826,0.0010169168017247674,0.0031599413560841174,-1.5882254612272285e-06,0.002033854379427049,0.00631989319219781,3.2504264062538373e-06
29.985,2206,29,982000000,,10.40823624095465,0.999994562219274,0.0010290544724390548,0.003133141589303972,-1.59900076520783e-06,0.002058129594088541,0.006266293403936357,3.2504264062538373e-06
29.993,2207,29,992000000,,10.408272622082903,0.9999945832107342,0.001032574490124726,0.0031252738354029873,-1.6019052591589267e-06,0.002065169591336706,0.00625055782200005,3.2504264062538373e-06
30.002,2208,30,2000000,,10.408337816206922,0.9999946208308282,0.0010388523248164186,0.003111124020895509,-1.6068253233389124e-06,0.002077725191105337,0.006222258060367791,3.2504264062538373e-06
30.013,2209,30,12000000,,10.408402664330016,0.9999946582346889,0.001045055138349722,0.0030969919678720905,-1.6113539498103516e-06,0.0020901307473208393,0.006193993822773531,3.2504264062538373e-06
30.022,2210,30,22000000,,10.40843138154405,0.9999946747870309,0.0010477876348169177,0.0030907177241500145,-1.6132422516236724e-06,0.0020955957083825805,0.006181445277212926,3.2504264062538373e-06
30.032,2211,30,32000000,,10.408438551319342,0.9999946789182206,0.0010484683973359381,0.0030891498281602537,-1.613702371300654e-06,0.0020969572254159858,0.006178309470737783,3.2504264062538373e-06
30.042,2212,30,42000000,,10.40872963852903,0.9999948456665594,0.0010755795238675887,0.003025188646921713,-1.6286559031202624e-06,0.002151179139231093,0.006050386526206925,3.2504264062538373e-06
30.054,2213,30,53000000,,10.408785724339687,0.9999948773617456,0.0010806709147721794,0.0030128720487544915,-1.6307478490404648e-06,0.0021613618531503135,0.006025753219889584,3.2504264062538373e-06
30.062,2214,30,62000000,,10.408827559355904,0.9999949009622376,0.0010844423374425302,0.003003669701792418,-1.632131036940888e-06,0.002168904647191505,0.006007348444207223,3.2504264062538373e-06
30.074,2215,30,72000000,,10.408855337076359,0.99999491662443,0.0010869344521565252,0.0029975483531461187,-1.63296288092302e-06,0.002173888842214186,0.005995105692721106,3.2504264062538373e-06
30.082,2216,30,82000000,,10.408910644575565,0.9999949478167783,0.0010918706515521163,0.002985323554989658,-1.6344111976108736e-06,0.0021837611716210405,0.005970655988630969,3.2504264062538373e-06
30.092,2217,30,92000000,,10.408993013333584,0.9999949943003364,0.0010991585128892443,0.0029670224395690775,-1.6360515730703906e-06,0.002198336788767778,0.005934053597554152,3.2504264062538373e-06
30.102,2218,30,102000000,,10.409094993913385,0.999995051893895,0.0011080802635742926,0.002944205015794432,-1.6372385438359086e-06,0.0022161801559191494,0.005888418552089335,3.2504264062538373e-06
30.112,2219,30,112000000,,10.409189237477374,0.9999951051060556,0.0011162363367758325,0.0029229741168572084,-1.6375525041337805e-06,0.0022324921750539843,0.00584595657194933,3.2504264062538373e-06
30.123,2220,30,122000000,,10.409269373547238,0.9999951503751418,0.001123101764111785,0.002904800500014505,-1.6372087293455869e-06,0.002246222918966003,0.005809609183653515,3.2504264062538373e-06
30.132,2221,30,132000000,,10.409362167427233,0.9999952030264693,0.0011309763917795351,0.0028835418802763,-1.6360394629043812e-06,0.0022619720424782714,0.005767091764880079,3.2504264062538373e-06
30.146,2222,30,139000000,,10.409434373052875,0.9999952445224188,0.001137081763829885,0.002866701055035274,-1.6344947736345433e-06,0.0022741826803404416,0.0057334099734946,3.2504264062538373e-06
30.152,2223,30,152000000,,10.409512461169937,0.9999952898955027,0.0011436637357046604,0.0028481954646939274,-1.6321987180371346e-06,0.00228734650563606,0.005696398639147153,3.2504264062538373e-06
30.163,2224,30,162000000,,10.40960263627298,0.9999953429425624,0.001151253583905312,0.0028264298540682993,-1.628757847947952e-06,0.0023025260606582137,0.005652867238764878,3.2504264062538373e-06
30.173,2225,30,172000000,,10.409621821419751,0.9999953543036563,0.001152865875860588,0.0028217492318083374,-1.6279186400478304e-06,0.0023057506138960057,0.005643505955952687,3.2504264062538373e-06
30.182,2226,30,182000000,,10.40967907428952,0.999995388374537,0.0011576712560755302,0.002807672395508434,-1.6251815435516558e-06,0.0023153612815049822,0.005615352168671107,3.2504264062538373e-06
30.192,2227,30,192000000,,10.409748470907626,0.9999954299347443,0.0011634741139469093,0.0027904184243671137,-1.6213991198412241e-06,0.002326966882344261,0.005580844086807242,3.2504264062538373e-06
30.202,2228,30,202000000,,10.40984819740379,0.9999954901120423,0.0011717993941524594,0.0027652557110572516,-1.615143902725195e-06,0.0023436172733254774,0.005530518458658194,3.2504264062538373e-06
30.212,2229,30,212000000,,10.40998316763409,0.9999955725990741,0.0011830666936635044,0.0027304089203305224,-1.6050739892673178e-06,0.002366151634290093,0.005460824602058977,3.2504264062538373e-06
30.222,2230,30,222000000,,10.410120988335882,0.9999956556232111,0.001194308924985424,0.002694876315716584,-1.5933321602643931e-06,0.002388635850899616,0.005389759117111588,3.2504264062538373e-06
30.232,2231,30,232000000,,10.41021514476742,0.9999957114170689,0.0012017872203360133,0.0026707400541416226,-1.5844780427598332e-06,0.0024035922725506803,0.005341486409360343,3.2504264062538373e-06
30.247,2232,30,245000000,,10.410359192697287,0.9999957957946398,0.0012129546604604463,0.002633843498265047,-1.5695486903600659e-06,0.0024259268914011813,0.0052676930194832695,3.2504264062538373e-06
30.252,2233,30,252000000,,10.410404395590094,0.9999958220414189,0.0012163821670573048,0.0026222722366123744,-1.5645008700249862e-06,0.002432781821836161,0.005244550409927282,3.2504264062538373e-06
30.262,2234,30,262000000,,10.410460390034475,0.9999958544641442,0.0012205785511641223,0.0026079187294584523,-1.5579850268446302e-06,0.0024411744868487175,0.005215843289250969,3.2504264062538373e-06
30.272,2235,30,272000000,,10.410515887166454,0.9999958865803543,0.0012246873351143832,0.002593638543848541,-1.5512113196654455e-06,0.002449391951449238,0.005187282812866462,3.2504264062538373e-06
30.283,2236,30,282000000,,10.4105708055809,0.9999959189150331,0.0012287374152326123,0.002579216016412695,-1.5439939423702616e-06,0.002457492006473699,0.005158437652344856,3.2504264062538373e-06
30.292,2237,30,292000000,,10.410625166993313,0.9999959515477918,0.001232737172260006,0.002564613953479336,-1.5363093483506274e-06,0.0024654914131390184,0.005129233420090328,3.2504264062538373e-06
30.302,2238,30,302000000,,10.410679002949042,0.9999959845963106,0.0012367003773365176,0.0025497766759049064,-1.5281238423202974e-06,0.0024734177133269373,0.005099558757440531,3.2504264062538373e-06
30.312,2239,30,312000000,,10.410732347072567,0.9999960179631247,0.0012406263486836968,0.002534739009889191,-1.519477733866811e-06,0.002481269543831522,0.005069483317110828,3.2504264062538373e-06
30.324,2240,30,323000000,,10.41079574283208,0.9999960582451598,0.0012452781682410943,0.0025165003777139205,-1.5085563081878227e-06,0.0024905730460110186,0.0050330059223271445,3.2504264062538373e-06
30.332,2241,30,332000000,,10.410837622490245,0.999996085155459,0.0012483425547128633,0.002504258846271741,-1.5009859432577858e-06,0.0024967017266077154,0.005008522772488011,3.2504264062538373e-06
30.342,2242,30,342000000,,10.41088952203276,0.9999961186905073,0.0012521242674322882,0.002488932806618192,-1.491265887811698e-06,0.002504265036036652,0.004977870585012387,3.2504264062538373e-06
30.353,2243,30,352000000,,10.41093573082223,0.9999961484327715,0.0012554604500070827,0.0024752649319229607,-1.4824096469498018e-06,0.002510937297487034,0.00495053473985036,3.2504264062538373e-06
30.362,2244,30,362000000,,10.410991578462625,0.999996184137314,0.0012594376943074158,0.002458765003068494,-1.4714733886583494e-06,0.0025188916605793092,0.004917534767377614,3.2504264062538373e-06
30.376,2245,30,366000000,,10.411011728041641,0.9999961969821901,0.0012608588653666832,0.00245280531737189,-1.4674532624427613e-06,0.0025217339572672116,0.004905615354754687,3.2504264062538373e-06
30.382,2246,30,382000000,,10.411091567564554,0.9999962477409646,0.0012664142095777176,0.0024291350179132688,-1.4511025252360851e-06,0.002532844464698769,0.0048582745932165845,3.2504264062538373e-06
30.392,2247,30,392000000,,10.411136001257235,0.9999962760141838,0.0012694546809740685,0.002415872616522408,-1.4416519381672422e-06,0.0025389253056402336,0.004831749700076941,3.2504264062538373e-06
30.402,2248,30,402000000,,10.41117032885714,0.999996298113685,0.0012717893436399233,0.0024054747421618844,-1.4340680570781426e-06,0.002543594550811919,0.004810953880856075,3.2504264062538373e-06
30.412,2249,30,412000000,,10.41117032885714,0.999996298113685,0.0012717893436399233,0.0024054747421618844,-1.4340680570781426e-06,0.002543594550811919,0.004810953880856075,3.2504264062538373e-06
30.423000000000002,2250,30,423000000,,10.41128637435618,0.9999963743915634,0.001279622019306852,0.00236933940939705,-1.4066690235245916e-06,0.0025592596219717136,0.004738682972802488,3.2504264062538373e-06
30.434,2251,30,432000000,,10.411334031320838,0.9999964059716571,0.0012827853785513262,0.0023542522158976147,-1.394810145336117e-06,0.0025655862229519836,0.004708508485741471,3.2504264062538373e-06
30.442,2252,30,442000000,,10.411376545531771,0.9999964341121931,0.0012855753274291471,0.0023407385715793166,-1.3840052969370617e-06,0.0025711660152805548,0.004681481108100801,3.2504264062538373e-06
30.452,2253,30,452000000,,10.411428009608466,0.9999964681926832,0.0012889083328185666,0.0023242881902311055,-1.3706036136712452e-06,0.002577831897459143,0.004648580237825667,3.2504264062538373e-06
30.463,2254,30,463000000,,10.411460483807383,0.9999964897609795,0.0012909855401545382,0.0023138323620331244,-1.3619331015090384e-06,0.0025819862302156643,0.004627668513474983,3.2504264062538373e-06
30.489,2255,30,488000000,,10.411460483807383,0.9999964897609795,0.0012909855401545382,0.0023138323620331244,-1.3619331015090384e-06,0.0025819862302156643,0.004627668513474983,3.2504264062538373e-06
30.489,2256,30,488000000,,10.411460483807383,0.9999964897609795,0.0012909855401545382,0.0023138323620331244,-1.3619331015090384e-06,0.0025819862302156643,0.004627668513474983,3.2504264062538373e-06
30.492,2257,30,492000000,,10.411483553332259,0.9999965051237698,0.0012924500799587524,0.0023063631976011434,-1.355668123948741e-06,0.002584915251228914,0.004612730136268382,3.2504264062538373e-06
30.502,2258,30,502000000,,10.411588365525478,0.9999965754567274,0.0012990089672287647,0.0022719262229064442,-1.3260606520222432e-06,0.0025980327549271903,0.0045438559661900215,3.2504264062538373e-06
30.512,2259,30,512000000,,10.411628891733702,0.9999966028651038,0.001301498657914137,0.0022583971680583863,-1.3141087226802203e-06,0.0026030120296117263,0.004516797770776015,3.2504264062538373e-06
30.522,2260,30,522000000,,10.411664702953265,0.9999966271424071,0.0013036747184443135,0.0022463602425752487,-1.3033306516736572e-06,0.0026073640556472273,0.00449272384401526,3.2504264062538373e-06
30.532,2261,30,532000000,,10.411709155398277,0.9999966571961645,0.0013063364148744076,0.0022313852209708035,-1.2897470621440534e-06,0.002612687330199864,0.004462773707141042,3.2504264062538373e-06
30.546,2262,30,542000000,,10.411726835628277,0.9999966691103169,0.0013073812188710134,0.00222542602000757,-1.2842873550419253e-06,0.0026147768910864855,0.0044508552681337965,3.2504264062538373e-06
30.552,2263,30,552000000,,10.411766377605488,0.9999966956694354,0.0013096878327472816,0.002212095471205833,-1.2719614288945637e-06,0.0026193900134071353,0.004424194087975243,3.2504264062538373e-06
30.563,2264,30,563000000,,10.411783853467163,0.9999967073816041,0.0013106945889935087,0.002206196736687309,-1.266456912676675e-06,0.002621403479220639,0.004412396582579861,3.2504264062538373e-06
30.573,2265,30,573000000,,10.411805619632657,0.9999967219595379,0.0013119386726593834,0.00219883730899719,-1.2595463417156285e-06,0.0026238915882940703,0.004397677681985607,3.2504264062538373e-06
30.583,2266,30,582000000,,10.411818636061758,0.9999967306734207,0.0013126778046810036,0.002194428826682698,-1.255384568359634e-06,0.002625369817430608,0.004388860690351336,3.2504264062538373e-06
30.593,2267,30,592000000,,10.411835941348585,0.9999967422545506,0.001313655125906522,0.002188558643040592,-1.2498177170941425e-06,0.002627324413393287,0.004377120287200151,3.2504264062538373e-06
30.602,2268,30,602000000,,10.411853188353719,0.9999967538059067,0.0013146236868534006,0.002182691151534221,-1.2442238102452e-06,0.0026292614888088345,0.004365385268440984,3.2504264062538373e-06
30.612,2269,30,612000000,,10.411874667099468,0.9999967682140485,0.0013158224373557529,0.0021753554287902753,-1.2371876591982813e-06,0.0026316589316873547,0.0043507137784067375,3.2504264062538373e-06
30.623,2270,30,623000000,,10.411900333694534,0.9999967854599722,0.0013172432804438314,0.002166549873169742,-1.228679265991396e-06,0.0026345005480654456,0.0043331026139054995,3.2504264062538373e-06
30.632,2271,30,632000000,,10.411917385243866,0.999996796931018,0.00131817973574125,0.002160677762450735,-1.2229675307588565e-06,0.002636373412099816,0.004321358357078191,3.2504264062538373e-06
30.642,2272,30,642000000,,10.411955593720549,0.9999968226594883,0.0013202550425607338,0.0021474627089902963,-1.2100041013764342e-06,0.0026405239209185264,0.004294928170888811,3.2504264062538373e-06
30.656,2273,30,656000000,,10.412048047331378,0.9999968851760475,0.0013251398530093985,0.0021150983869090254,-1.1776061716782614e-06,0.0026502932848792267,0.004230199334752188,3.2504264062538373e-06
30.666,2274,30,666000000,,10.412106222172053,0.9999969246502642,0.001328103773966434,0.0020944758394342805,-1.1564858793693885e-06,0.0026562209629401533,0.004188954119064225,3.2504264062538373e-06
30.675,2275,30,675000000,,10.412151604975719,0.9999969554520867,0.0013303588658749618,0.002078275859118698,-1.1396570208654712e-06,0.0026607310180462003,0.0041565540644688745,3.2504264062538373e-06
30.685,2276,30,685000000,,10.41219672459427,0.9999969860600258,0.001332550860250395,0.002062080941498414,-1.1226317343068063e-06,0.0026651148781581145,0.004124164136070547,3.2504264062538373e-06
30.692,2277,30,692000000,,10.412229386419627,0.9999970081922942,0.0013341065125675596,0.0020503085234874286,-1.1101337361642816e-06,0.002668226089319041,0.00410061923281958,3.2504264062538373e-06
30.703,2278,30,702000000,,10.412261919446541,0.9999970301956341,0.0013356309570860872,0.00203855062579121,-1.0975548875486637e-06,0.002671274885049657,0.004077103370696393,3.2504264062538373e-06
30.713,2279,30,712000000,,10.412286222169934,0.9999970465960347,0.0013367534462268328,0.0020297507847919834,-1.0880797583561338e-06,0.0026735197935398797,0.004059503639027738,3.2504264062538373e-06
30.722,2280,30,722000000,,10.412314465855447,0.9999970656145095,0.0013380387169038904,0.0020195082575650823,-1.0769834514682045e-06,0.002676090253700157,0.004039018527050535,3.2504264062538373e-06
30.732,2281,30,732000000,,10.412465860646954,0.9999971668151056,0.001344541343066737,0.0019643241348267044,-1.0159172276059242e-06,0.002689095069279976,0.0039286499769317,3.2504264062538373e-06
30.742,2282,30,742000000,,10.412524545877066,0.9999972056929249,0.0013469098318434813,0.0019427916161264213,-9.915669651339543e-07,0.00269383187695506,0.003885584823112619,3.2504264062538373e-06
30.752,2283,30,752000000,,10.41267749592656,0.9999973064354188,0.0013526653608782427,0.001886111733424746,-9.260788629967279e-07,0.0027053424894399212,0.0037722247577234975,3.2504264062538373e-06
30.763,2284,30,762000000,,10.412681260879864,0.9999973088997067,0.00135279857986173,0.0018847091267480587,-9.244326606606043e-07,0.00270560891641052,0.003769419537064026,3.2504264062538373e-06
30.776,2285,30,775000000,,10.412681260879864,0.9999973088997067,0.00135279857986173,0.0018847091267480587,-9.244326606606043e-07,0.00270560891641052,0.003769419537064026,3.2504264062538373e-06
30.778,2286,30,783000000,,10.412726114003645,0.9999973383716924,0.0013543639088179924,0.0018678723498729785,-9.045794420371167e-07,0.0027087394424531027,0.0037357458960543587,3.2504264062538373e-06
30.792,2287,30,792000000,,10.412781299028241,0.9999973753153182,0.001356231525341621,0.0018466179224316112,-8.792416302112452e-07,0.0027124745092862177,0.0036932369321464147,3.2504264062538373e-06
30.806,2288,30,806000000,,10.412799493957268,0.9999973875382151,0.0013568285106188576,0.0018395467864000918,-8.707495972979743e-07,0.0027136684246241616,0.0036790946240953227,3.2504264062538373e-06
30.813,2289,30,813000000,,10.412799493957268,0.9999973875382151,0.0013568285106188576,0.0018395467864000918,-8.707495972979743e-07,0.0027136684246241616,0.0036790946240953227,3.2504264062538373e-06
30.823,2290,30,823000000,,10.412813981288675,0.9999973972754067,0.0013572968037700284,0.00183389941181408,-8.639457873657224e-07,0.002714604966859369,0.00366779984628336,3.2504264062538373e-06
30.833,2291,30,833000000,,10.412824807238001,0.9999974045535317,0.0013576425024212995,0.0018296699971400033,-8.58837660886702e-07,0.002715296331177639,0.0036593409955454105,3.2504264062538373e-06
30.842,2292,30,842000000,,10.4128320059203,0.9999974093936917,0.0013578702823628674,0.0018268534341799373,-8.554298494090492e-07,0.002715751869103581,0.003653707855408813,3.2504264062538373e-06
30.852,2293,30,852000000,,10.41287133713818,0.9999974358447553,0.0013590830316649284,0.0018114073334114262,-8.366525777374504e-07,0.0027181772474097195,0.0036228155763029716,3.2504264062538373e-06
30.862000000000002,2294,30,862000000,,10.412899666854296,0.9999974549042976,0.001359921226601506,0.001800221794005658,-8.229592556156084e-07,0.002719853550285907,0.0036004444417326296,3.2504264062538373e-06
30.874,2295,30,872000000,,10.413028342621159,0.9999975412801222,0.001363359145087046,0.0017489096532865103,-7.591905752757807e-07,0.00272672898969782,0.0034978199089982184,3.2504264062538373e-06
30.882,2296,30,882000000,,10.413130033097827,0.9999976086571828,0.0013656958508422696,0.0017080849681117476,-7.075225259295624e-07,0.002731402087265224,0.003416170344083811,3.2504264062538373e-06
30.892,2297,30,892000000,,10.413143382529448,0.9999976174591279,0.0013659745566563467,0.0017027005278405834,-7.006434884170366e-07,0.002731959457638129,0.0034054014382291103,3.2504264062538373e-06
30.904,2298,30,903000000,,10.413143382529448,0.9999976174591279,0.0013659745566563467,0.0017027005278405834,-7.006434884170366e-07,0.002731959457638129,0.0034054014382291103,3.2504264062538373e-06
30.913,2299,30,912000000,,10.413143382529448,0.9999976174591279,0.0013659745566563467,0.0017027005278405834,-7.006434884170366e-07,0.002731959457638129,0.0034054014382291103,3.2504264062538373e-06
30.925,2300,30,922000000,,10.413173267898461,0.9999976371336271,0.001366573309284358,0.0016906223954212217,-6.851571478467245e-07,0.0027331568704791333,0.003381245116904397,3.2504264062538373e-06
30.932,2301,30,932000000,,10.413199632678104,0.9999976544572396,0.0013670747462168572,0.001679936369843764,-6.713961314303602e-07,0.0027341596627404067,0.0033598730161153996,3.2504264062538373e-06
30.943,2302,30,942000000,,10.413238732409111,0.9999976801513282,0.0013677732188852134,0.0016639975841824385,-6.507686385544704e-07,0.0027355564866459498,0.003327995371355761,3.2504264062538373e-06
30.954,2303,30,952000000,,10.413309260836678,0.9999977268722586,0.0013688902103288626,0.0016347444853814423,-6.125825981803302e-07,0.0027377902475354677,0.003269489040809444,3.2504264062538373e-06
30.964,2304,30,962000000,,10.413390854384781,0.9999977810233347,0.001369897776313093,0.0016004149985483502,-5.67201328573134e-07,0.00273980512035644,0.0032008299141261004,3.2504264062538373e-06
30.973,2305,30,971000000,,10.413390854384781,0.9999977810233347,0.001369897776313093,0.0016004149985483502,-5.67201328573134e-07,0.00273980512035644,0.0032008299141261004,3.2504264062538373e-06
30.982,2306,30,982000000,,10.413400159457982,0.9999977871596938,0.0013699916262548638,0.0015964956447770168,-5.619819898230965e-07,0.0027399927907510216,0.003192991189319448,3.2504264062538373e-06
30.992,2307,30,992000000,,10.413443259143769,0.9999978155023026,0.0013703740163833165,0.0015783109291511862,-5.376723555196356e-07,0.002740757434475958,0.0031566216785244394,3.2504264062538373e-06
31.003,2308,31,2000000,,10.413470627996976,0.9999978334533816,0.0013705729324279016,0.0015667220900129548,-5.221027957924299e-07,0.0027411551798114915,0.003133443950035172,3.2504264062538373e-06
31.012,2309,31,12000000,,10.41350674438358,0.9999978571687983,0.0013707827236139863,0.0015513259764414343,-5.013265408419661e-07,0.0027415746472427218,0.003102651656759361,3.2504264062538373e-06
31.022,2310,31,22000000,,10.413533547360041,0.9999978747774932,0.0013708953967533147,0.0015398331312478047,-4.857456876224312e-07,0.002741799907944497,0.003079665917431186,3.2504264062538373e-06
31.032,2311,31,32000000,,10.413560117169624,0.9999978922504597,0.0013709655354131188,0.0015283808157414709,-4.7015280402737406e-07,0.002741940100163724,0.003056761238008183,3.2504264062538373e-06
31.042,2312,31,42000000,,10.413592315879287,0.9999979134223997,0.0013709930831533896,0.0015144400315254053,-4.5108200110350493e-07,0.0027419950922898417,0.0030288796111293116,3.2504264062538373e-06
31.055,2313,31,55000000,,10.413632826042532,0.999997940030842,0.001370945410975611,0.0014968107998494674,-4.2684085569300165e-07,0.0027418996176541686,0.002993621074635618,3.2504264062538373e-06
31.063,2314,31,62000000,,10.413644299818191,0.9999979475602978,0.0013709160567963192,0.001491798974615535,-4.1992606026110985e-07,0.0027418408723497985,0.002983597403532119,3.2504264062538373e-06
31.073,2315,31,72000000,,10.413678471047074,0.9999979699563547,0.0013707862180381636,0.001476830442076528,-3.992135129379503e-07,0.0027415810847336427,0.002953660277239155,3.2504264062538373e-06
31.083,2316,31,82000000,,10.413712271368455,0.9999979920399087,0.001370592189013437,0.00146198257817824,-3.7857640659780095e-07,0.0027411929178281806,0.002923964489336123,3.2504264062538373e-06
31.092,2317,31,91000000,,10.413731816297885,0.9999980047910949,0.00137044674189569,0.0014533717427946632,-3.665629637550079e-07,0.0027409019606162576,0.002906742783989864,3.2504264062538373e-06
31.104,2318,31,102000000,,10.4137540040818,0.9999980192516058,0.0013702492891777462,0.0014435752928940457,-3.528522883368658e-07,0.0027405069836621645,0.002887149845096239,3.2504264062538373e-06
31.114,2319,31,112000000,,10.413784278623151,0.9999980389441651,0.0013699227590730702,0.001430181578270214,-3.34032394088363e-07,0.0027398538258950086,0.0028603623628289778,3.2504264062538373e-06
31.122,2320,31,122000000,,10.413800684717888,0.9999980495900109,0.0013697193080948146,0.0014229142934558963,-3.237871909859725e-07,0.002739446871118487,0.0028458277646406707,3.2504264062538373e-06
31.132,2321,31,132000000,,10.413816998965677,0.9999980601494387,0.0013694995305696326,0.0014156865108283041,-3.1357593157280337e-07,0.0027390072636195523,0.002831372171127351,3.2504264062538373e-06
31.142,2322,31,142000000,,10.413838612513558,0.9999980740983161,0.0013691820611197942,0.0014061081225602533,-3.0001181861348413e-07,0.0027383722553476113,0.0028122153573687113,3.2504264062538373e-06
31.152,2323,31,152000000,,10.413870770171142,0.9999980948128911,0.0013686546303205544,0.0013918171620407543,-2.7971062973519534e-07,0.0027373172905401154,0.002783633381274186,3.2504264062538373e-06
31.16,2324,31,162000000,,10.413889391718723,0.9999981068067707,0.0013683190713746065,0.0013835048687301848,-2.678696228144541e-07,0.0027366461127848844,0.002767008762895967,3.2504264062538373e-06
31.172,2325,31,172000000,,10.413889391718723,0.9999981068067707,0.0013683190713746065,0.0013835048687301848,-2.678696228144541e-07,0.0027366461127848844,0.002767008762895967,3.2504264062538373e-06
31.182,2326,31,182000000,,10.4140142928696,0.999998186994354,0.0013653847738498463,0.0013273026743732042,-1.8707172429039678e-07,0.0027307771159332207,0.002654604164579236,3.2504264062538373e-06
31.192,2327,31,192000000,,10.41403972868284,0.9999982032143524,0.0013646398528824278,0.001315798658514049,-1.7038401833662353e-07,0.002729287192411178,0.002631596091067585,3.2504264062538373e-06
31.202,2328,31,202000000,,10.414062436086017,0.999998217808836,0.0013639270043187953,0.001305405015497533,-1.5526976479207875e-07,0.0027278614217802724,0.0026108087676037944,3.2504264062538373e-06
31.212,2329,31,212000000,,10.414082456482257,0.9999982306921987,0.0013632615675094907,0.0012961984225544512,-1.4185000231870692e-07,0.0027265304832121058,0.0025923955488226687,3.2504264062538373e-06
31.222,2330,31,222000000,,10.414114663424511,0.9999982513343328,0.0013621164602534487,0.001281392605981444,-1.2019830480136995e-07,0.0027242401645412263,0.0025627838632903866,3.2504264062538373e-06
31.232,2331,31,232000000,,10.414131847591989,0.9999982622824379,0.0013614663846566969,0.0012735153615181555,-1.0864061238102151e-07,0.0027229399580698034,0.002547029346751894,3.2504264062538373e-06
31.243,2332,31,242000000,,10.41414162249338,0.9999982684900771,0.00136108450895008,0.0012690412903853543,-1.0206464985542369e-07,0.002722176175303715,0.0025380811888841923,3.2504264062538373e-06
31.255,2333,31,244000000,,10.414151361650326,0.9999982746652186,0.0013606954803674924,0.0012645846696170055,-9.550680413713113e-08,0.00272139808694134,0.002529167931864723,3.2504264062538373e-06
31.262,2334,31,262000000,,10.414165900119837,0.9999982838892202,0.0013600986635133384,0.00125791503393651,-8.568064368822111e-08,0.002720204406612276,0.00251582863744234,3.2504264062538373e-06
31.272,2335,31,272000000,,10.414185155447282,0.9999982961279288,0.0013592789717197186,0.001249040396085453,-7.25863367690798e-08,0.0027185649611243517,0.002498079331259351,3.2504264062538373e-06
31.282,2336,31,282000000,,10.414192340058388,0.9999983006992339,0.001358964681072056,0.0012457181205085533,-6.767888427275886e-08,0.0027179363566957777,0.0024914347687551384,3.2504264062538373e-06
31.292,2337,31,292000000,,10.414206653316207,0.9999983098077855,0.0013583249551916974,0.0012390863105587882,-5.787374244658197e-08,0.002716656858821587,0.002478171126296751,3.2504264062538373e-06
31.302,2338,31,302000000,,10.414213783852523,0.9999983143447854,0.001357999489936887,0.0012357770715243762,-5.297648284559234e-08,0.0027160059053335022,0.0024715526370203134,3.2504264062538373e-06
31.311,2339,31,314000000,,10.414244505677722,0.9999983338707478,0.0013565453733289368,0.0012214910468976048,-3.179972784892545e-08,0.002713097573161238,0.002442980539760082,3.2504264062538373e-06
31.322,2340,31,322000000,,10.414260936843377,0.9999983442893123,0.001355732068530931,0.001213840678179515,-2.0434353404183416e-08,0.0027114709107299625,0.0024276797768680715,3.2504264062538373e-06
31.332,2341,31,331000000,,10.414270291957216,0.9999983502118757,0.0013552571493090403,0.0012094840164098826,-1.395343499349919e-08,0.002710521042244458,0.002418966438911478,3.2504264062538373e-06
31.344,2342,31,344000000,,10.414270291957216,0.9999983502118757,0.0013552571493090403,0.0012094840164098826,-1.395343499349919e-08,0.002710521042244458,0.002418966438911478,3.2504264062538373e-06
31.352,2343,31,352000000,,10.414293555486088,0.9999983649262252,0.0013540347494621176,0.0011986387168422335,2.2100620905429826e-09,0.00270807616790409,0.0023972758041365602,3.2504264062538373e-06
31.362,2344,31,362000000,,10.414316652556385,0.9999983795077844,0.0013527609763909622,0.0011878634373006145,1.8313343132176434e-08,0.002705528547787521,0.0023757252099998786,3.2504264062538373e-06
31.374,2345,31,374000000,,10.414339591623964,0.9999983939321108,0.0013514381927699941,0.0011771779852444188,3.4325465042404564e-08,0.0027028829073754215,0.0023543542714799114,3.2504264062538373e-06
31.385,2346,31,380000000,,10.414364657443615,0.9999984096287236,0.0013499310498902033,0.0011655154145595865,5.18434228789547e-08,0.002699868541986622,0.00233102909296152,3.2504264062538373e-06
31.392,2347,31,392000000,,10.41437600012975,0.9999984167091553,0.0013492287806836443,0.001160241731896461,5.977738495581565e-08,0.002698463967649911,0.0023204817109767173,3.2504264062538373e-06
31.404,2348,31,403000000,,10.414403109479563,0.999998433566671,0.0013475008036888418,0.0011476522915255727,7.87466601425504e-08,0.002695007928119503,0.0022953027908212105,3.2504264062538373e-06
31.422,2349,31,422000000,,10.414548897345977,0.9999985230856986,0.0013368536327718066,0.0010801151574921153,1.812538066177333e-07,0.0026737131324169375,0.002160228320037853,3.2504264062538373e-06
31.422,2350,31,422000000,,10.414548897345977,0.9999985230856986,0.0013368536327718066,0.0010801151574921153,1.812538066177333e-07,0.0026737131324169375,0.002160228320037853,3.2504264062538373e-06
31.432,2351,31,431000000,,10.414559710587636,0.9999985296786473,0.0013359735268002274,0.001075088481699311,1.889199734950784e-07,0.0026719528870629296,0.0021501749539632,3.2504264062538373e-06
31.442,2352,31,442000000,,10.414576950825525,0.9999985401728401,0.0013345433630455536,0.0010670736434392238,2.0115374696401223e-07,0.0026690925063860586,0.0021341452545162246,3.2504264062538373e-06
31.458,2353,31,452000000,,10.414594115860629,0.9999985505964194,0.0013330845856653715,0.0010590989106877395,2.1334143384509175e-07,0.0026661748988446752,0.0021181957664175716,3.2504264062538373e-06
31.463,2354,31,463000000,,10.414624000271031,0.9999985686741036,0.0013304610291289037,0.001045238316804272,2.3456114103946391e-07,0.002660927694316634,0.002090474539897443,3.2504264062538373e-06
31.472,2355,31,472000000,,10.414651575841184,0.999998585270441,0.0013279537327735614,0.0010324707915982014,2.5413665604322834e-07,0.0026559130177098047,0.0020649394543737704,3.2504264062538373e-06
31.484,2356,31,483000000,,10.414699498011052,0.9999986143388945,0.001323362011589063,0.001009966927258461,2.886584230771096e-07,0.0026467294284038692,0.002019931665168935,3.2504264062538373e-06
31.49,2357,31,492000000,,10.414713880156183,0.9999986231209478,0.0013219220572249243,0.0010031341854489636,2.9914513808446895e-07,0.002643849475295302,0.0020062661635206164,3.2504264062538373e-06
31.503,2358,31,501000000,,10.414736290754014,0.999998636855196,0.0013196151810670627,0.0009924230067866256,3.155939661806439e-07,0.0026392356536115197,0.001984843778265307,3.2504264062538373e-06
31.512,2359,31,512000000,,10.4147383169702,0.9999986380995936,0.0013194026629136353,0.0009914511943156343,3.17087093954979e-07,0.0026388106110227733,0.001982900150809538,3.2504264062538373e-06
31.522,2360,31,522000000,,10.41474640447302,0.9999986430700843,0.0013185477995382067,0.0009875675096696775,3.230555046185768e-07,0.002637100859186515,0.0019751327715057526,3.2504264062538373e-06
31.532,2361,31,532000000,,10.414788358822534,0.999998668964035,0.0013139327963840334,0.000967290359475286,3.5425610645562766e-07,0.0026278707223891954,0.0019345784197398873,3.2504264062538373e-06
31.542,2362,31,542000000,,10.414815837670968,0.9999986860196151,0.0013107476372272583,0.0009538865417457494,3.749062074139926e-07,0.002621500318288357,0.0019077707511503423,3.2504264062538373e-06
31.552,2363,31,552000000,,10.414835255357577,0.9999986980856014,0.001308426718105633,0.0009443762353814328,3.8956371311234603e-07,0.0026168584194191107,0.0018887501153181062,3.2504264062538373e-06
31.562,2364,31,562000000,,10.414858296477105,0.99999871246444,0.0013055892522386323,0.0009330091108674108,4.0708423036261995e-07,0.0026111834154973375,0.0018660158391161166,3.2504264062538373e-06
31.572,2365,31,572000000,,10.414871612559509,0.9999987208573047,0.0013038991917753504,0.0009263533223795597,4.17339599329892e-07,0.0026078032524518174,0.0018527042464504765,3.2504264062538373e-06
31.582,2366,31,582000000,,10.414886696843654,0.9999987303174547,0.001301949478886548,0.0009188530073350479,4.28910809334139e-07,0.0026039037792934434,0.00183770359889443,3.2504264062538373e-06
31.592,2367,31,592000000,,10.414888573051561,0.9999987314904937,0.0013017043143821966,0.0009179232519051149,4.3034635299951046e-07,0.0026034134444171565,0.0018358440858853178,3.2504264062538373e-06
31.602,2368,31,602000000,,10.41493121039924,0.9999987580792508,0.0012959671321463194,0.0008968327237076096,4.6294543076815967e-07,0.002591938947277361,0.0017936629816707335,3.2504264062538373e-06
31.612,2369,31,612000000,,10.414951268223607,0.9999987705768209,0.0012931628771762132,0.000886890292741491,4.783176317832692e-07,0.0025863303751311175,0.001773778097807002,3.2504264062538373e-06
31.622,2370,31,622000000,,10.414963935749716,0.9999987784607873,0.0012913594323389398,0.0008806063319019955,4.880319858029617e-07,0.002582723446257794,0.0017612101624690244,3.2504264062538373e-06
31.632,2371,31,632000000,,10.414971144378587,0.9999987829432562,0.0012903220677094758,0.0008770294891126078,4.935607998240464e-07,0.0025806486947276145,0.001754056469186029,3.2504264062538373e-06
31.642,2372,31,642000000,,10.414971144378587,0.9999987829432562,0.0012903220677094758,0.0008770294891126078,4.935607998240464e-07,0.0025806486947276145,0.001754056469186029,3.2504264062538373e-06
31.653,2373,31,653000000,,10.415024435035177,0.9999988162207013,0.0012823394984745667,0.0008503895112593478,5.347234261639877e-07,0.0025646833913066255,0.0017007764577334653,3.2504264062538373e-06
31.662,2374,31,662000000,,10.415038434363183,0.9999988250589027,0.0012801368869817295,0.0008432852821322242,5.456909369041792e-07,0.0025602781246175906,0.0016865679851020949,3.2504264062538373e-06
31.672,2375,31,672000000,,10.415057549699362,0.9999988371201515,0.0012770721084667887,0.0008335735482765111,5.606780677311382e-07,0.0025541485080331165,0.0016671444980772905,3.2504264062538373e-06
31.682,2376,31,682000000,,10.415074769281533,0.9999988479776067,0.0012742543842569687,0.000824814460317191,5.741882110250237e-07,0.0025485130060896423,0.0016496263050800554,3.2504264062538373e-06
31.692,2377,31,692000000,,10.415093531043143,0.9999988597997379,0.0012711212862539505,0.0008152604202750046,5.889168401682926e-07,0.0025422467519048953,0.001630518206739958,3.2504264062538373e-06
31.702,2378,31,702000000,,10.41511042427256,0.9999988704237972,0.0012682422513757047,0.0008066674402052644,6.021620377493355e-07,0.002536488629986929,0.001613332230525588,3.2504264062538373e-06
31.712,2379,31,712000000,,10.415123827044871,0.9999988788768875,0.001265908793583854,0.0007998246800403939,6.127067149013374e-07,0.002531821672980621,0.0015996466976297339,3.2504264062538373e-06
31.722,2380,31,722000000,,10.415140450775976,0.9999988893968318,0.00126295094268971,0.0007913024881267359,6.258356395682507e-07,0.0025259059197448755,0.0015826022984467413,3.2504264062538373e-06
31.734,2381,31,730000000,,10.415155297651802,0.9999988988041314,0.0012602548371069455,0.0007836758664791892,6.375806075356432e-07,0.002520513662672206,0.0015673490416894637,3.2504264062538373e-06
31.743,2382,31,742000000,,10.415165138980978,0.9999989050402335,0.0012584417059734176,0.0007786156886093694,6.45369483767391e-07,0.0025168873700197204,0.0015572286771630502,3.2504264062538373e-06
31.753,2383,31,752000000,,10.415178180174026,0.9999989132996701,0.0012560093402553452,0.0007719064620477648,6.556902528018833e-07,0.002512022598390422,0.0015438102125672835,3.2504264062538373e-06
31.763,2384,31,762000000,,10.415191123401627,0.9999989214868104,0.0012535632907994,0.0007652475735189829,6.659257513419811e-07,0.002507130459694383,0.001530492424324584,3.2504264062538373e-06
31.772,2385,31,772000000,,10.415202375730383,0.9999989285949807,0.0012514114022203588,0.0007594589769177633,6.748164281251337e-07,0.002502826648040134,0.0015189152215622861,3.2504264062538373e-06
31.782,2386,31,782000000,,10.415234190610528,0.9999989486313523,0.0012451966686888038,0.0007431157086834033,6.998869391137623e-07,0.0024903970840073285,0.0014862286589449039,3.2504264062538373e-06
31.792,2387,31,792000000,,10.415248352883218,0.9999989575287414,0.0012423602824971497,0.000735854505839415,7.110157725461345e-07,0.0024847242687259753,0.0014717062420550643,3.2504264062538373e-06
31.804,2388,31,802000000,,10.415268653776875,0.9999989703852277,0.001238186058193103,0.0007253435332690776,7.271019913467016e-07,0.002476375758254471,0.0014506842811380274,3.2504264062538373e-06
31.813,2389,31,813000000,,10.41527331041408,0.9999989733460005,0.0012372121458444048,0.0007229194402510198,7.308075427582669e-07,0.0024744279193298813,0.001445836091537197,3.2504264062538373e-06
31.824,2390,31,822000000,,10.415281046086164,0.9999989782708951,0.0012355818049632763,0.0007188840144405701,7.369722681935678e-07,0.0024711672139174704,0.0014377652340431854,3.2504264062538373e-06
31.829,2391,31,832000000,,10.41528413164233,0.9999989802371837,0.0012349273011700518,0.0007172716410086171,7.394339530666799e-07,0.0024698581968935697,0.001434540484853942,3.2504264062538373e-06
31.848,2392,31,847000000,,10.415313197149327,0.9999989987773928,0.0012286518502393734,0.0007020386465297361,7.626512827166447e-07,0.0024573072062041446,0.00140407447453763,3.2504264062538373e-06
31.852,2393,31,852000000,,10.415323797706316,0.9999990055273376,0.0012263169591819028,0.0006964843552229873,7.711018166047331e-07,0.0024526373918407774,0.0013929658844206358,3.2504264062538373e-06
31.862000000000002,2394,31,862000000,,10.415361217301598,0.9999990292606015,0.001217865136111196,0.0006769650832419882,8.007603176040991e-07,0.0024357336328810915,0.001353927315386124,3.2504264062538373e-06
31.873,2395,31,872000000,,10.415375992580245,0.9999990386250822,0.0012144257010038193,0.0006692671128480231,8.124373455821035e-07,0.0024288547183960235,0.0013385313652734307,3.2504264062538373e-06
31.882,2396,31,882000000,,10.41538626036509,0.9999990451473134,0.0012119997939780856,0.0006638977991613067,8.205685581876602e-07,0.0024240028735589944,0.0013277927315727236,3.2504264062538373e-06
31.892,2397,31,892000000,,10.415395010920506,0.9999990507108825,0.0012099104562110997,0.0006593127763132761,8.275031537564509e-07,0.0024198241717965302,0.0013186226805895263,3.2504264062538373e-06
31.902,2398,31,902000000,,10.415399368989048,0.9999990534885421,0.0012088610075654972,0.0006570208472399953,8.309657031305302e-07,0.002417725261417377,0.001314038819838402,3.2504264062538373e-06
31.912,2399,31,912000000,,10.41543384266618,0.9999990755384972,0.0012003684136846163,0.000638777806048858,8.584439686903236e-07,0.0024007399699923285,0.001277552717673007,3.2504264062538373e-06
31.925,2400,31,922000000,,10.415445189629061,0.999999082814732,0.0011974972005352436,0.0006327474984850471,8.674993393350281e-07,0.0023949975096116956,0.001265492096395295,3.2504264062538373e-06
31.933,2401,31,932000000,,10.415449427009769,0.9999990855291112,0.0011964160599339728,0.000630498845557762,8.708737627856546e-07,0.0023928352157197115,0.001260994788301393,3.2504264062538373e-06
31.942,2402,31,942000000,,10.415460683695446,0.999999092732803,0.0011935200018319031,0.0006245340682247468,8.798188313037813e-07,0.002387043065906111,0.001249065227839263,3.2504264062538373e-06
31.953,2403,31,952000000,,10.415460683695446,0.999999092732803,0.0011935200018319031,0.0006245340682247468,8.798188313037813e-07,0.002387043065906111,0.001249065227839263,3.2504264062538373e-06
31.968,2404,31,960000000,,10.415464890057002,0.9999990954218477,0.0011924289956896416,0.000622308441839774,8.831541129143625e-07,0.002384861041100103,0.0012446139729602424,3.2504264062538373e-06
31.972,2405,31,972000000,,10.415474675881486,0.9999991016707523,0.0011898731788982165,0.0006171375151627181,8.908973885120167e-07,0.002379749378467439,0.001234272114817616,3.2504264062538373e-06
31.982,2406,31,982000000,,10.415478857822553,0.9999991043378224,0.0011887737815341835,0.0006149306057270098,8.941993933643124e-07,0.002377550571359817,0.0012298582939495551,3.2504264062538373e-06
31.993,2407,31,992000000,,10.415485812110683,0.9999991087679909,0.0011869365678751846,0.0006112642623187249,8.996808848707509e-07,0.002373876123501544,0.0012225256038773718,3.2504264062538373e-06
32.003,2408,32,2000000,,10.415495516035211,0.9999991149387483,0.0011843550811054772,0.0006061550454844656,9.073100038131718e-07,0.002368713121394723,0.0012123071657981462,3.2504264062538373e-06
32.022,2409,32,22000000,,10.415573382833365,0.9999991639107769,0.0011629352054777031,0.0005654719432786532,9.676057422341626e-07,0.002325873145094205,0.0011309409315458019,3.2504264062538373e-06
32.022,2410,32,22000000,,10.415573382833365,0.9999991639107769,0.0011629352054777031,0.0005654719432786532,9.676057422341626e-07,0.002325873145094205,0.0011309409315458019,3.2504264062538373e-06
32.032,2411,32,32000000,,10.415573382833365,0.9999991639107769,0.0011629352054777031,0.0005654719432786532,9.676057422341626e-07,0.002325873145094205,0.0011309409315458019,3.2504264062538373e-06
32.043,2412,32,42000000,,10.41560674633479,0.9999991847820666,0.0011532944413386184,0.0005480384543193054,9.931633335146843e-07,0.0023065915217482798,0.0010960739437440785,3.2504264062538373e-06
32.052,2413,32,52000000,,10.41560674633479,0.9999991847820666,0.0011532944413386184,0.0005480384543193054,9.931633335146843e-07,0.0023065915217482798,0.0010960739437440785,3.2504264062538373e-06
32.062,2414,32,62000000,,10.415632909113246,0.9999992012517387,0.0011454899315882072,0.0005341794402285857,1.0133159145687441e-06,0.002290982427364482,0.001068355908855125,3.2504264062538373e-06
32.074,2415,32,73000000,,10.415653472636254,0.9999992142507105,0.0011391862370292425,0.0005232127863431162,1.0291763167544657e-06,0.002278374979365487,0.001046422596583248,3.2504264062538373e-06
32.083,2416,32,83000000,,10.415663649356198,0.9999992206970223,0.001136010529115858,0.0005177686262903083,1.0370225287837955e-06,0.0022720235344256563,0.0010355342745189434,3.2504264062538373e-06
32.092,2417,32,92000000,,10.41567250239139,0.9999992263076528,0.0011332201088608562,0.0005130255266480334,1.0438423120888273e-06,0.002266442668617736,0.0010260480736749126,3.2504264062538373e-06
32.109,2418,32,101000000,,10.41568254853671,0.9999992326788978,0.0011300202808784093,0.000507636360672882,1.0515737895345683e-06,0.002260042983980287,0.001015269740124866,3.2504264062538373e-06
32.112,2419,32,112000000,,10.415683798278865,0.9999992334720533,0.0011296195761946464,0.0005069652954934882,1.0525352522815013e-06,0.0022592415710476397,0.0010139276095798935,3.2504264062538373e-06
32.125,2420,32,123000000,,10.415715867716958,0.9999992538651803,0.0011191433972650212,0.0004896794651114754,1.0771916872966441e-06,0.0022382891217846874,0.000979355944981477,3.2504264062538373e-06
32.127,2421,32,127000000,,10.415724374582556,0.9999992592978943,0.0011162968561680368,0.00048506063237399295,1.0837415821157963e-06,0.00223259601531305,0.0009701182787902908,3.2504264062538373e-06
32.127,2422,32,127000000,,10.415724374582556,0.9999992592978943,0.0011162968561680368,0.00048506063237399295,1.0837415821157963e-06,0.00223259601531305,0.0009701182787902908,3.2504264062538373e-06
32.159,2423,32,147000000,,10.41573764624801,0.999999267776892,0.0011118034018020564,0.00047784692007384137,1.0939414306643931e-06,0.0022236090687766013,0.000955690853350199,3.2504264062538373e-06
32.162,2424,32,162000000,,10.415741248013457,0.9999992700777679,0.0011105732626116142,0.0004758883872404885,1.0967043486576916e-06,0.0022211487801553965,0.0009517737875146398,3.2504264062538373e-06
32.172,2425,32,172000000,,10.415749625749568,0.9999992754271132,0.001107695664874861,0.00047133252169631774,1.1031202893258395e-06,0.00221539356090157,0.0009426620561300695,3.2504264062538373e-06
32.182,2426,32,182000000,,10.415760344659258,0.9999992822623187,0.0011039833649720814,0.00046550439578200065,1.1113041871397972e-06,0.0022079689307599537,0.0009310058041161626,3.2504264062538373e-06
32.192,2427,32,192000000,,10.415769811246886,0.9999992883029623,0.0011006710719874576,0.00046034281705090456,1.118527288440221e-06,0.0022013443180108417,0.0009206826466617496,3.2504264062538373e-06
32.202,2428,32,202000000,,10.41578387916379,0.9999992973044447,0.0010956816500481933,0.0004526268479749871,1.1292783991037478e-06,0.0021913654342591085,0.0009052507088119486,3.2504264062538373e-06
32.212,2429,32,212000000,,10.415802420494035,0.9999993091915633,0.0010889906047247923,0.00044239637392088694,1.143447862111914e-06,0.0021779832910329812,0.0008847897616548917,3.2504264062538373e-06
32.222,2430,32,222000000,,10.415810456921257,0.9999993143552044,0.001086044973831785,0.00043794304913225517,1.1495875205897412e-06,0.0021720920064537044,0.0008758831127023176,3.2504264062538373e-06
32.234,2431,32,233000000,,10.415824134028782,0.9999993231481661,0.0010809680496549979,0.0004303602441215814,1.1600077125331824e-06,0.0021619381194015273,0.0008607175040752565,3.2504264062538373e-06
32.242,2432,32,242000000,,10.415832058478294,0.9999993282398112,0.001077992851163721,0.0004259694587421251,1.1660213652870595e-06,0.002155987700075869,0.0008519359343153231,3.2504264062538373e-06
32.254,2433,32,254000000,,10.415843309411798,0.9999993354736351,0.0010737237572466351,0.00041972395929385566,1.1745458244436171e-06,0.0021474494805540085,0.0008394449370652256,3.2504264062538373e-06
32.262,2434,32,262000000,,10.415852243021156,0.9999993412156256,0.0010703003810180968,0.0004147577773549338,1.1812980150641788e-06,0.0021406027029819293,0.0008295125746805855,3.2504264062538373e-06
32.275,2435,32,275000000,,10.415888440858689,0.9999993645639733,0.0010560811527144409,0.0003944144870831563,1.2086797593551102e-06,0.0021121641443465357,0.0007888260017954984,3.2504264062538373e-06
32.282,2436,32,282000000,,10.415890602650506,0.9999993659617495,0.0010552133441838385,0.0003931913435138266,1.2103127155049982e-06,0.0021104285211909716,0.0007863797152033172,3.2504264062538373e-06
32.292,2437,32,291000000,,10.415893839006907,0.9999993680545416,0.0010539102345265804,0.0003913595077093132,1.2127556811265087e-06,0.0021078222927569143,0.0007827160444327494,3.2504264062538373e-06
32.302,2438,32,302000000,,10.415902434486492,0.9999993736130408,0.0010504269552979184,0.0003864909456653274,1.2192329740007417e-06,0.0021008557101070075,0.0007729789226898706,3.2504264062538373e-06
32.313,2439,32,313000000,,10.415909916203809,0.999999378450378,0.0010473695198809489,0.000382249194332831,1.224857334359867e-06,0.0020947408182498462,0.0007644954222041379,3.2504264062538373e-06
32.323,2440,32,322000000,,10.415915233871416,0.9999993818976326,0.0010451765994979863,0.0003792211998916148,1.228860371089318e-06,0.0020903549625107777,0.0007584394349488772,3.2504264062538373e-06
32.335,2441,32,327000000,,10.415925800137064,0.9999993887650449,0.0010407730293462364,0.0003731749029247294,1.2368231322714605e-06,0.002081547792396081,0.000746346844440097,3.2504264062538373e-06
32.348,2442,32,336000000,,10.415935227001734,0.9999993948771582,0.001036811830456563,0.00036778390194723456,1.2438908155750658e-06,0.0020736253681260058,0.0007355648457544124,3.2504264062538373e-06
32.352,2443,32,352000000,,10.415939392587129,0.9999993975748167,0.001035051157421912,0.00036540053402704355,1.2470052746987219e-06,0.0020701040103734154,0.0007307981114216681,3.2504264062538373e-06
32.364,2444,32,364000000,,10.415952838174352,0.9999994062677812,0.0010293250925884592,0.0003577042897878063,1.2570195323556534e-06,0.002058651843096889,0.0007154056280757162,3.2504264062538373e-06
32.373,2445,32,373000000,,10.415954894971836,0.9999994075954125,0.0010284432941594897,0.00035652718110574323,1.2585455469348603e-06,0.0020568882405019033,0.0007130514115336051,3.2504264062538373e-06
32.382,2446,32,382000000,,10.415958999817603,0.9999994102432761,0.001026678639611855,0.00035417859816712247,1.2615859380688559e-06,0.002053358919971485,0.0007083542473271368,3.2504264062538373e-06
32.394,2447,32,394000000,,10.415964114768562,0.9999994135396715,0.0010244704693914426,0.0003512534265634576,1.2653647813926047e-06,0.002048942565309045,0.0007025039062591313,3.2504264062538373e-06
32.403,2448,32,402000000,,10.415974285672272,0.9999994200881529,0.0010200457133550072,0.0003454395470911439,1.2728494241657758e-06,0.0020400930250370625,0.0006908761517644498,3.2504264062538373e-06
32.412,2449,32,412000000,,10.415981359612744,0.9999994246343635,0.0010169433569807986,0.00034140228054631625,1.2780267783452216e-06,0.002033888292757495,0.0006828016219244065,3.2504264062538373e-06
32.422,2450,32,422000000,,10.415991403316267,0.9999994310729656,0.0010125072813438284,0.0003356800532849288,1.28533506997465e-06,0.0020250161138762697,0.0006713571722251089,3.2504264062538373e-06
32.432,2451,32,432000000,,10.415995401208326,0.9999994336300166,0.0010107320735790988,0.00033340465197098245,1.2882307962019036e-06,0.0020214656873952805,0.0006668063715825896,3.2504264062538373e-06
32.448,2452,32,448000000,,10.41601620817928,0.9999994469074084,0.0010013994063163456,0.0003215313482026274,1.3032322866961307e-06,0.0020028002960056565,0.0006430597749402734,3.2504264062538373e-06
32.452,2453,32,452000000,,10.41601620817928,0.9999994469074084,0.0010013994063163456,0.0003215313482026274,1.3032322866961307e-06,0.0020028002960056565,0.0006430597749402734,3.2504264062538373e-06
32.465,2454,32,465000000,,10.416037690919115,0.999999460575063,0.0009915872030987585,0.0003091968034919365,1.3186180100913608e-06,0.0019831758310056877,0.000618390697770278,3.2504264062538373e-06
32.47,2455,32,476000000,,10.41606081286641,0.9999994752683147,0.0009807932430084005,0.0002958140082305191,1.3350812387949752e-06,0.0019615878478540555,0.0005916251216512211,3.2504264062538373e-06
32.482,2456,32,482000000,,10.41606081286641,0.9999994752683147,0.0009807932430084005,0.0002958140082305191,1.3350812387949752e-06,0.0019615878478540555,0.0005916251216512211,3.2504264062538373e-06
32.492,2457,32,492000000,,10.416066538524834,0.9999994789060808,0.0009780819219766665,0.00029247483239551426,1.33914927670371e-06,0.001956165190177283,0.0005849467737397484,3.2504264062538373e-06
32.516,2458,32,513000000,,10.416095757405396,0.9999994974170286,0.0009640313570581511,0.00027533140743493597,1.3597855297751298e-06,0.0019280639807816994,0.0005506599441934414,3.2504264062538373e-06
32.516,2459,32,516000000,,10.416096690026723,0.9999994980053214,0.000963577288252903,0.0002747836677767911,1.3604383391799818e-06,0.0019271558406442572,0.0005495644655620767,3.2504264062538373e-06
32.527,2460,32,527000000,,10.416105988500654,0.999999503860167,0.0009590314248083007,0.0002693255975366523,1.3669219339942344e-06,0.0019180640886217839,0.00053864833203223,3.2504264062538373e-06
32.544,2461,32,544000000,,10.416130747976206,0.9999995194538733,0.0009466788115397371,0.0002547338508342428,1.3840625181475891e-06,0.0018933587953045832,0.0005094648583594129,3.2504264062538373e-06
32.544,2462,32,544000000,,10.416130747976206,0.9999995194538733,0.0009466788115397371,0.0002547338508342428,1.3840625181475891e-06,0.0018933587953045832,0.0005094648583594129,3.2504264062538373e-06
32.553,2463,32,551000000,,10.416154098245325,0.999999534033187,0.0009347876286567564,0.0002410467556104704,1.3998861414929642e-06,0.0018695763674112867,0.00048209068806276823,3.2504264062538373e-06
32.566,2464,32,563000000,,10.416158540982655,0.9999995367950905,0.0009324981494196123,0.0002384425251133088,1.4028664547273085e-06,0.0018649973971789934,0.0004768822310655358,3.2504264062538373e-06
32.566,2465,32,572000000,,10.416161197629863,0.999999538450033,0.0009311209301443498,0.00023687879122169793,1.4046508686424727e-06,0.0018622429515794921,0.00047375476570282147,3.2504264062538373e-06
32.583,2466,32,582000000,,10.416174390240018,0.9999995466920923,0.0009242000820041807,0.0002290585522039107,1.4135177406115153e-06,0.0018484012201683878,0.00045811430001726784,3.2504264062538373e-06
32.592,2467,32,592000000,,10.416184811740319,0.9999995532110277,0.000918653607363638,0.0002228256649714658,1.4205140754690472e-06,0.0018373082430402164,0.0004456485356612331,3.2504264062538373e-06
32.602,2468,32,602000000,,10.416201037768408,0.9999995633433868,0.000909901612877338,0.00021304938860139074,1.4313596982907338e-06,0.0018198042106628467,0.000426095999244445,3.2504264062538373e-06
32.614,2469,32,614000000,,10.416211110151073,0.9999995696222809,0.0009043928170132615,0.00020694641276245793,1.4380528336173711e-06,0.0018087865919959414,0.00041389005808226375,3.2504264062538373e-06
32.624,2470,32,622000000,,10.416213606671361,0.9999995711766531,0.0009030178980549314,0.00020543396272073496,1.4397031381209367e-06,0.0018060367474182046,0.00041086516065601134,3.2504264062538373e-06
32.638,2471,32,632000000,,10.416228414639065,0.9999995804005174,0.0008947656235618129,0.00019644634770843127,1.4494402470686665e-06,0.0017895321589703598,0.00039288994684859074,3.2504264062538373e-06
32.646,2472,32,639000000,,10.416235715980834,0.9999995849423919,0.0008906431853321645,0.0001920094935166773,1.4542017399479866e-06,0.0017812872631100117,0.00038401624673199463,3.2504264062538373e-06
32.672,2473,32,650000000,,10.41624215453811,0.9999995889379776,0.0008869842923619655,0.00018809735319631152,1.4583742898859424e-06,0.0017739694601091413,0.0003761919735162309,3.2504264062538373e-06
32.672,2474,32,662000000,,10.416251726241155,0.9999995948564576,0.000881508741524293,0.00018228306084526726,1.4645295769011736e-06,0.0017630183331615252,0.0003645634000731486,3.2504264062538373e-06
32.672,2475,32,672000000,,10.416254894619883,0.9999995968093652,0.000879687334576658,0.00018035839275740192,1.4665546948998732e-06,0.0017593755109233428,0.00036071406768035626,3.2504264062538373e-06
32.682,2476,32,682000000,,10.416258840338262,0.999999599236894,0.0008774131035318538,0.00017796106054295287,1.4690683224937422e-06,0.0017548270384583366,0.00035591940800042224,3.2504264062538373e-06
32.692,2477,32,692000000,,10.416267458018995,0.9999996045334436,0.0008724124853993883,0.00017270563873132217,1.4745431337787478e-06,0.0017448257795170746,0.00034540857491263704,3.2504264062538373e-06
32.703,2478,32,701000000,,10.416279056106914,0.9999996116774669,0.0008655822850088487,0.00016555973991974482,1.4819081115043355e-06,0.0017311653480548833,0.00033111679188203104,3.2504264062538373e-06
32.712,2479,32,712000000,,10.416288222065576,0.9999996173256203,0.0008601080347218327,0.00015987672924795167,1.4877024299570958e-06,0.0017202168231922755,0.00031975078241340364,3.2504264062538373e-06
32.734,2480,32,725000000,,10.416292014197298,0.9999996196616603,0.0008578240384586757,0.00015751899362101047,1.4900901099715633e-06,0.0017156488206168175,0.00031503531616182916,3.2504264062538373e-06
32.734,2481,32,729000000,,10.41629352684452,0.9999996205930262,0.0008569101445762282,0.00015657772744069115,1.491040646088661e-06,0.0017138210288446057,0.0003131527858105116,3.2504264062538373e-06
32.743,2482,32,742000000,,10.41630926285888,0.9999996302554466,0.000847317308559178,0.00014676544603276325,1.5008567853224766e-06,0.0016946353151938145,0.0002935282443452225,3.2504264062538373e-06
32.753,2483,32,752000000,,10.416321047982118,0.9999996374483702,0.0008400396035660266,0.00013940702444020835,1.5081062651767402e-06,0.0016800798741835753,0.00027881141767022226,3.2504264062538373e-06
32.764,2484,32,762000000,,10.416324693590642,0.9999996396685643,0.0008377688392003441,0.0001371270677302859,1.5103329018698276e-06,0.0016755383358709795,0.00027425150945642186,3.2504264062538373e-06
32.772,2485,32,772000000,,10.416329768488716,0.9999996427587641,0.0008345887065369412,0.00013394679777398337,1.5134232007650974e-06,0.0016691780572041283,0.00026789097687772944,3.2504264062538373e-06
32.783,2486,32,780000000,,10.416337674400175,0.9999996475666085,0.0008295948133010495,0.00012898371818991655,1.5182094605055278e-06,0.0016591902499703962,0.00025796482932718826,3.2504264062538373e-06
32.793,2487,32,792000000,,10.416337674400175,0.9999996475666085,0.0008295948133010495,0.00012898371818991655,1.5182094605055278e-06,0.0016591902499703962,0.00025796482932718826,3.2504264062538373e-06
32.813,2488,32,802000000,,10.416345502486354,0.9999996523080408,0.0008246134308627554,0.00012407323754347742,1.522901224499027e-06,0.0016492274646173239,0.00024814387974540596,3.2504264062538373e-06
32.818,2489,32,812000000,,10.41636370415389,0.9999996632574217,0.0008128928285659393,0.00011264075797898175,1.5336488139632905e-06,0.0016257862126258776,0.00022527894861734728,3.2504264062538373e-06
32.823,2490,32,822000000,,10.416367847837233,0.9999996657282814,0.0008102049458110743,0.00011004050151928225,1.5360583186562464e-06,0.0016204104363907069,0.00022007844220418133,3.2504264062538373e-06
32.832,2491,32,832000000,,10.416370600017745,0.9999996673642069,0.000808416363138666,0.00010831479630293805,1.53765022276682e-06,0.0016168332639388426,0.000216627036118204,3.2504264062538373e-06
32.842,2492,32,842000000,,10.416374029431,0.999999669396903,0.0008061838465795617,0.00010616647256191408,1.5396239802650502e-06,0.0016123682219850051,0.000212330394081391,3.2504264062538373e-06
32.852,2493,32,852000000,,10.41637676482031,0.9999996710136916,0.0008043999652629928,0.00010445491530191822,1.5411901444501182e-06,0.0016088004523216583,0.0002089072839282959,3.2504264062538373e-06
32.862,2494,32,862000000,,10.41637881189976,0.99999967222105,0.0008030630458338491,0.00010317537539475405,1.5423573428563153e-06,0.0016061266082127582,0.00020634820739607473,3.2504264062538373e-06
32.872,2495,32,872000000,,10.416382895445691,0.9999996746229474,0.0008003910866944534,0.00010062664685817502,1.5446730015838873e-06,0.0016007826794878788,0.00020125075690664705,3.2504264062538373e-06
32.883,2496,32,882000000,,10.416387643523208,0.9999996774046143,0.0007972759323285675,9.766965278729967e-05,1.5473440077977041e-06,0.0015945523586576996,0.0001953367764809943,3.2504264062538373e-06
32.9,2497,32,900000000,,10.416395748498031,0.9999996821233144,0.0007919400087597328,9.263846208249224e-05,1.551849564053729e-06,0.0015838804909882435,0.00018527440838622878,3.2504264062538373e-06
32.905,2498,32,905000000,,10.416397768154956,0.9999996832931999,0.0007906069906664783,9.138749724811374e-05,1.552962073628076e-06,0.0015812144497075033,0.00018277248206241008,3.2504264062538373e-06
32.912,2499,32,912000000,,10.41639911198024,0.9999996840715689,0.0007897178766573207,9.055398408331706e-05,1.5537015672965821e-06,0.0015794362182976066,0.00018110545796769107,3.2504264062538373e-06
32.925,2500,32,922000000,,10.41640112358825,0.9999996852368348,0.0007883835160284565,8.93042309322869e-05,1.5548076830194093e-06,0.0015767674919587244,0.00017860595502530412,3.2504264062538373e-06
32.933,2501,32,933000000,,10.41640579871182,0.9999996879443837,0.0007852676789574801,8.639086916090936e-05,1.557373707543689e-06,0.0015705358059913141,0.00017277923935348716,3.2504264062538373e-06
32.942,2502,32,942000000,,10.416412435289539,0.9999996917824271,0.0007808135308075187,8.223651345498256e-05,1.5610022798388433e-06,0.0015616274928766665,0.00016447053925458782,3.2504264062538373e-06
32.953,2503,32,953000000,,10.416423617089482,0.9999996982204307,0.0007732401917897503,7.520769799102262e-05,1.5670600428276663e-06,0.0015464807865149899,0.0001504129277292939,3.2504264062538373e-06
32.962,2504,32,962000000,,10.41642818669555,0.9999997008403269,0.0007701201403250743,7.233092673672206e-05,1.5695101522049919e-06,0.0015402406720324384,0.00014465939327822596,3.2504264062538373e-06
32.977,2505,32,977000000,,10.416437263972083,0.9999997060319838,0.0007638698780273689,6.660538140368315e-05,1.5743358069403707e-06,0.0015277401245093042,0.00013320831886621252,3.2504264062538373e-06
32.983,2506,32,982000000,,10.416438554010053,0.9999997067681946,0.0007629761525918777,6.579084097029849e-05,1.5750168081810399e-06,0.0015259526703835988,0.00013157924033580773,3.2504264062538373e-06
32.992,2507,32,992000000,,10.416443698315414,0.9999997096984385,0.0007594004993250242,6.254143603185548e-05,1.577719650674115e-06,0.0015188013508840375,0.00012508043983592648,3.2504264062538373e-06
33.002,2508,33,2000000,,10.416449456485882,0.9999997129652519,0.0007553789573523616,5.890285044226433e-05,1.5807196718163302e-06,0.0015107582524553304,0.00011780327925791524,3.2504264062538373e-06
33.012,2509,33,12000000,,10.416457088461582,0.9999997172685322,0.0007500238387629685,5.407944208590483e-05,1.5846527708981023e-06,0.0015000479961371099,0.0001081564767480468,3.2504264062538373e-06
33.023,2510,33,22000000,,10.41646214935186,0.9999997201028047,0.0007464601164368711,5.088307611757399e-05,1.587231452047056e-06,0.0014929205388393048,0.00010176375431678027,3.2504264062538373e-06
33.032,2511,33,32000000,,10.416467183760828,0.9999997229078221,0.000742903455932519,4.770960833361239e-05,1.5897700033263897e-06,0.0014858072053014868,9.541682828083206e-05,3.2504264062538373e-06
33.042,2512,33,42000000,,10.416470937641222,0.9999997249903169,0.000740243116919879,4.535289644677569e-05,1.591641464728363e-06,0.0014804865179844859,9.070341166967342e-05,3.2504264062538373e-06
33.052,2513,33,52000000,,10.416474052090244,0.9999997267122136,0.0007380304854850088,4.340463584857916e-05,1.593179687929634e-06,0.0014760612474410885,8.680689645190883e-05,3.2504264062538373e-06
33.062,2514,33,62000000,,10.416476535418404,0.9999997280813806,0.0007362626806217387,4.185556005971713e-05,1.5943969441277208e-06,0.001472525631618226,8.370874966464594e-05,3.2504264062538373e-06
33.073,2515,33,72000000,,10.416478393517053,0.9999997291036968,0.0007349378217668316,4.069872502072064e-05,1.5953025975865688e-06,0.0014698759093588086,8.13950831846166e-05,3.2504264062538373e-06
33.082,2516,33,82000000,,10.416480248096144,0.9999997301222467,0.0007336136683838512,3.954581644446194e-05,1.5962022773495393e-06,0.0014672275980614124,7.90892696346874e-05,3.2504264062538373e-06
33.094,2517,33,94000000,,10.416483945705941,0.9999997321481774,0.0007309673936959175,3.725170700135138e-05,1.5979838434591424e-06,0.001461935039676733,7.450105796757562e-05,3.2504264062538373e-06
33.102,2518,33,102000000,,10.416485174783766,0.9999997328203133,0.0007300857582811531,3.6490167382929136e-05,1.5985726743788626e-06,0.0014601717658591542,7.297798114148651e-05,3.2504264062538373e-06
33.112,2519,33,112000000,,10.416493122935256,0.999999737148922,0.0007243634151488521,3.1577876700050656e-05,1.60233976245023e-06,0.0014487270603513972,6.315341548891803e-05,3.2504264062538373e-06
33.122,2520,33,122000000,,10.416501597466015,0.9999997417263357,0.0007182265963853219,2.636736841362425e-05,1.6062758704518352e-06,0.0014364534024722128,5.27324158915911e-05,3.2504264062538373e-06
33.132,2521,33,132000000,,10.416503400677579,0.9999997426960106,0.0007169150423535864,2.5261672239784757e-05,1.607103141740323e-06,0.0014338302900975945,5.052102718836899e-05,3.2504264062538373e-06
33.142,2522,33,142000000,,10.416504600451095,0.9999997433402432,0.0007160414123010639,2.452670405181686e-05,1.6076514779800018e-06,0.0014320830271283625,4.905109324319792e-05,3.2504264062538373e-06
33.152,2523,33,152000000,,10.416509381435423,0.9999997459006329,0.000712551346344016,2.1602242766905253e-05,1.6098209034942487e-06,0.001425102883829605,4.320218040891273e-05,3.2504264062538373e-06
33.162,2524,33,162000000,,10.416514133323389,0.9999997484356442,0.0007090672438461992,1.8700098879810404e-05,1.6119539799253488e-06,0.0014181346675558703,3.739790239225011e-05,3.2504264062538373e-06
33.174,2525,33,172000000,,10.416518859524405,0.9999997509480565,0.000705585672143481,1.581388607266513e-05,1.6140555528612013e-06,0.0014111715129556473,3.1625486564699674e-05,3.2504264062538373e-06
33.182,2526,33,182000000,,10.4165218016675,0.9999997525074201,0.0007034102811450178,1.4016616219471567e-05,1.6153541703180948e-06,0.0014068207239988928,2.803095299113474e-05,3.2504264062538373e-06
33.192,2527,33,192000000,,10.416532327171966,0.999999758047103,0.0006955899948860691,7.594104337492752e-06,1.6199312118864278e-06,0.0013911801266805273,1.518595138485131e-05,3.2504264062538373e-06
33.202,2528,33,202000000,,10.416555904155226,0.9999997702181816,0.0006778753806854597,-6.774672302789351e-06,1.629805961040876e-06,0.0013557508432110027,-1.3551551103273003e-05,3.2504264062538373e-06
33.212,2529,33,212000000,,10.41657003847842,0.9999997773687187,0.0006670984721991578,-1.5474708886962214e-05,1.635536721123434e-06,0.0013341969932144,-3.0951593016653614e-05,3.2504264062538373e-06
33.222,2530,33,221000000,,10.416572281115632,0.9999997784921845,0.0006653785513345387,-1.6860829476710003e-05,1.63643239897396e-06,0.001330757146245667,-3.372382918423929e-05,3.2504264062538373e-06
33.232,2531,33,232000000,,10.416575076790686,0.9999997798878923,0.0006632314218582612,-1.8589415241568606e-05,1.6375426467458302e-06,0.001326462880766978,-3.718099444766905e-05,3.2504264062538373e-06
33.242,2532,33,242000000,,10.416577863772412,0.999999781273915,0.0006610875948596299,-2.031326814915909e-05,1.6386424097809996e-06,0.001322175220270085,-4.062869399575154e-05,3.2504264062538373e-06
33.254,2533,33,252000000,,10.416581196343166,0.9999997829243596,0.0006585194384859326,-2.2376174900946404e-05,1.6399487036205828e-06,0.0013170388997562797,-4.475449997838701e-05,3.2504264062538373e-06
33.262,2534,33,262000000,,10.416582857683037,0.999999783744422,0.0006572370778417005,-2.3406013740581382e-05,1.640596856206179e-06,0.0013144741745957388,-4.681417389706747e-05,3.2504264062538373e-06
33.273,2535,33,273000000,,10.416587273042426,0.9999997859155417,0.0006538213822160253,-2.614907371431298e-05,1.6423103760140064e-06,0.0013076427730474975,-5.230028381152853e-05,3.2504264062538373e-06
33.283,2536,33,283000000,,10.416590022257608,0.9999997872611549,0.000651689129451337,-2.7860777702189347e-05,1.643370116176046e-06,0.0013033782611046184,-5.57236855119583e-05,3.2504264062538373e-06
33.293,2537,33,293000000,,10.416593311021835,0.9999997888641884,0.0006491334716522542,-2.9910030665496228e-05,1.6446291494992159e-06,0.0012982669378392461,-5.9822183904174926e-05,3.2504264062538373e-06
33.306,2538,33,303000000,,10.416596043769669,0.9999997901909051,0.0006470054116501189,-3.161384078142378e-05,1.6456678712199626e-06,0.0012940108114690176,-6.322979785127404e-05,3.2504264062538373e-06
33.313,2539,33,313000000,,10.416598769104201,0.9999997915109431,0.0006448762265436217,-3.331682957983818e-05,1.6466987741743362e-06,0.001289752434901389,-6.663576915038518e-05,3.2504264062538373e-06
33.328,2540,33,324000000,,10.416599857250377,0.9999997920371287,0.0006440241763758859,-3.399774252748373e-05,1.64710891003423e-06,0.0012880483320273656,-6.79975925227493e-05,3.2504264062538373e-06
33.338,2541,33,334000000,,10.416604199118051,0.9999997941309464,0.0006406146432761448,-3.671818910728277e-05,1.648735747781875e-06,0.001281229255697893,-7.343847557082522e-05,3.2504264062538373e-06
33.343,2542,33,343000000,,10.416605823031023,0.9999997949114129,0.000639335881397961,-3.773649049830886e-05,1.6493398291694314e-06,0.0012786717281546235,-7.547507455389462e-05,3.2504264062538373e-06
33.354,2543,33,352000000,,10.416608524447772,0.9999997962061382,0.0006372049754201258,-3.9430670394680856e-05,1.6503389537586887e-06,0.0012744099099043144,-7.886342800803717e-05,3.2504264062538373e-06
33.363,2544,33,363000000,,10.416615510726288,0.9999997995333185,0.0006316732925544837,-4.381144153321347e-05,1.6528880457585805e-06,0.0012633465279288324,-8.76249537835592e-05,3.2504264062538373e-06
33.372,2545,33,372000000,,10.41661657748396,0.9999998000393331,0.0006308249305535813,-4.447996855743923e-05,1.6532726003586584e-06,0.0012616498014515868,-8.896200529488113e-05,3.2504264062538373e-06
33.382,2546,33,382000000,,10.416620821351692,0.9999998020468498,0.0006274409903237132,-4.713095272857888e-05,1.6547854151283881e-06,0.0012548819111813216,-9.426396349771603e-05,3.2504264062538373e-06
33.402,2547,33,399000000,,10.416641041062755,0.9999998115278959,0.0006110553751931319,-5.960486744721692e-05,1.6616353793889592e-06,0.0012221106348681036,-0.00011921174341154639,3.2504264062538373e-06
33.402,2548,33,402000000,,10.416642059744143,0.9999998120038409,0.0006102146981933165,-6.0229086794344067e-05,1.6619661777965307e-06,0.0012204292785686877,-0.00012046017954671935,3.2504264062538373e-06
33.412,2549,33,412000000,,10.41664459984947,0.9999998131914292,0.0006081089363055473,-6.17888613627091e-05,1.6627878600958026e-06,0.0012162177490499168,-0.00012357972226690475,3.2504264062538373e-06
33.423,2550,33,423000000,,10.416647635033423,0.9999998146093738,0.0006055796511043772,-6.365324880956543e-05,1.6637606106051528e-06,0.0012111591717880658,-0.00012730848944073078,3.2504264062538373e-06
33.432,2551,33,432000000,,10.416650153603202,0.9999998157834463,0.0006034728228552797,-6.519857883498343e-05,1.66455906636158e-06,0.0012069455096085768,-0.00013039914305051881,3.2504264062538373e-06
33.443,2552,33,443000000,,10.416653662637144,0.9999998174112653,0.0006005330285506407,-6.734050280262431e-05,1.6656536886055571e-06,0.0012010659131297227,-0.00013468298198130295,3.2504264062538373e-06
33.468,2553,33,453000000,,10.416657151910398,0.9999998190186644,0.0005976086374873996,-6.94534142691539e-05,1.66671944935963e-06,0.0011952171232453284,-0.0001389087959373655,3.2504264062538373e-06
33.468,2554,33,462000000,,10.416658641250304,0.9999998197013924,0.0005963599890705925,-7.035031491197798e-05,1.6671676006567223e-06,0.0011927198231201565,-0.00014070259338418584,3.2504264062538373e-06
33.473,2555,33,472000000,,10.4166591368994,0.9999998199281582,0.0005959443875508993,-7.064812942392282e-05,1.667315843358005e-06,0.0011918886189880111,-0.00014129822112958056,3.2504264062538373e-06
33.483,2556,33,483000000,,10.416661115570054,0.9999998208312295,0.0005942850035979488,-7.183356842301097e-05,1.6679030976560694e-06,0.0011885698467333367,-0.0001436690940191955,3.2504264062538373e-06
33.483,2557,33,492000000,,10.41666308806681,0.9999998217280492,0.0005926303136427448,-7.3009571528507e-05,1.668481168514783e-06,0.001185260462510061,-0.0001460210951298471,3.2504264062538373e-06
33.503,2558,33,503000000,,10.416667015185839,0.999999823503864,0.0005893338615123273,-7.533294702443091e-05,1.6696097359259177e-06,0.0011786675497314984,-0.0001506678359420661,3.2504264062538373e-06
33.512,2559,33,512000000,,10.416668970235682,0.9999998243833966,0.0005876913347959761,-7.648059702168391e-05,1.67016046156849e-06,0.001175382492092635,-0.0001529631308550025,3.2504264062538373e-06
33.523,2560,33,523000000,,10.416671406639983,0.9999998254754788,0.0005856426965917624,-7.79028390146151e-05,1.6708367037118592e-06,0.0011712852104728301,-0.00015580760849434212,3.2504264062538373e-06
33.536,2561,33,534000000,,10.416674320354508,0.9999998267757226,0.0005831900711844267,-7.959316138843012e-05,1.671631413554932e-06,0.0011663799534665919,-0.00015918824563193945,3.2504264062538373e-06
33.541,2562,33,543000000,,10.41667674095654,0.9999998278509553,0.0005811505080604557,-8.098981717689849e-05,1.672280743084477e-06,0.0011623008221050939,-0.00016198155087111048,3.2504264062538373e-06
33.562,2563,33,554000000,,10.416685887300442,0.9999998318669455,0.000573436243493449,-8.622152381366829e-05,1.6746560072483863e-06,0.0011468722738459131,-0.00017244494010553333,3.2504264062538373e-06
33.562,2564,33,562000000,,10.416689716214945,0.9999998335231166,0.0005702077856914081,-8.839690392568127e-05,1.6756180595257543e-06,0.001140415350307881,-0.00017679569024121593,3.2504264062538373e-06
33.572,2565,33,572000000,,10.41669590048687,0.999999836168982,0.0005649902637941076,-9.18977597315318e-05,1.6771347899525096e-06,0.0011299802937689302,-0.00018379738551613592,3.2504264062538373e-06
33.582,2566,33,582000000,,10.416699208373826,0.9999998375704469,0.0005621980448708191,-9.375298863694123e-05,1.6779211940099428e-06,0.0011243958491752122,-0.00018750783456417033,3.2504264062538373e-06
33.596000000000004,2567,33,592000000,,10.416706242555401,0.9999998405246633,0.0005562450973924957,-9.766892532631315e-05,1.679541300842714e-06,0.001112489939993077,-0.00019533968921656776,3.2504264062538373e-06
33.596000000000004,2568,33,602000000,,10.416718274825408,0.999999845490224,0.000546006064526245,-0.00010437469008287236,1.6822026413981012e-06,0.001092011849996009,-0.00020875118641373974,3.2504264062538373e-06
33.613,2569,33,612000000,,10.416721473037176,0.9999998467858762,0.000543279987442046,-0.00010617084053369912,1.6828939172388026e-06,0.0010865596893564642,-0.00021234347869457853,3.2504264062538373e-06
33.623,2570,33,622000000,,10.41672781875382,0.9999998493233625,0.0005378719407657914,-0.00010974603017980454,1.6842427279948487e-06,0.0010757435831569595,-0.00021949384086353884,3.2504264062538373e-06
33.632,2571,33,632000000,,10.416739461438766,0.9999998538743916,0.0005279283820664374,-0.00011636139459463646,1.6866438883579108e-06,0.0010558564421015474,-0.00023272453813762633,3.2504264062538373e-06
33.642,2572,33,642000000,,10.416753204257233,0.9999998590541309,0.0005161922546512769,-0.00012423534383912825,1.6893427133044905e-06,0.001032384159297776,-0.00024847239926530784,3.2504264062538373e-06
33.652,2573,33,652000000,,10.416756728325282,0.9999998603478575,0.0005131854254654496,-0.000126262141589107,1.6900092781696445e-06,0.0010263704937557869,-0.0002525259851728217,3.2504264062538373e-06
33.663,2574,33,662000000,,10.416760683791821,0.9999998617840937,0.0005098081666948455,-0.00012854792188504767,1.6907481634883957e-06,0.0010196159681443268,-0.0002570975349821245,3.2504264062538373e-06
33.672,2575,33,672000000,,10.416767253901085,0.9999998641439476,0.0005041468109261173,-0.00013245835813782895,1.691991834796929e-06,0.0010082932428621735,-0.00026491838940843334,3.2504264062538373e-06
33.687,2576,33,682000000,,10.416770312017313,0.9999998652323008,0.0005014817892351419,-0.000134344820392237,1.6925848534684487e-06,0.001002963192880289,-0.0002686913054077797,3.2504264062538373e-06
33.689,2577,33,695000000,,10.416774670007278,0.9999998667626563,0.0004976791839119692,-0.00013706652293979084,1.6934285229630511e-06,0.0009953579727372034,-0.00027413469835660295,3.2504264062538373e-06
33.703,2578,33,702000000,,10.416779011078768,0.9999998682648491,0.0004938846070986356,-0.0001398048961858493,1.6942608490093207e-06,0.0009877688095801173,-0.0002796114327194238,3.2504264062538373e-06
33.712,2579,33,712000000,,10.416782037404571,0.9999998693001082,0.0004912345206943047,-0.000141723462191713,1.6948328163720858e-06,0.0009824686301058865,-0.00028344855625323786,3.2504264062538373e-06
33.724,2580,33,722000000,,10.416786342136309,0.9999998707572404,0.00048745527272230934,-0.0001444644745794193,1.6956333242900741e-06,0.0009749101246539428,-0.00028893056892770227,3.2504264062538373e-06
33.734,2581,33,732000000,,10.416789768097772,0.9999998719057738,0.0004844333703005088,-0.0001466624307383266,1.6962615261073849e-06,0.0009688663121993689,-0.0002933264715611301,3.2504264062538373e-06
33.742,2582,33,742000000,,10.41680078490086,0.9999998755364385,0.0004745841866265384,-0.00015392879319863065,1.6982655085981763e-06,0.0009491679197927222,-0.000307859164883128,3.2504264062538373e-06
33.755,2583,33,752000000,,10.416810737955181,0.9999998787560629,0.00046546323981598266,-0.00016071385159095652,1.7000197153300882e-06,0.000930926002879808,-0.00032142925233896,3.2504264062538373e-06
33.762,2584,33,762000000,,10.416816404952327,0.9999998805841497,0.0004601451425987332,-0.00016460632074488825,1.700956117105082e-06,0.0009202897950993748,-0.00032921417349677265,3.2504264062538373e-06
33.773,2585,33,772000000,,10.416819190580037,0.9999998814862117,0.0004574816253553389,-0.00016653897581112023,1.7014018359505695e-06,0.0009149627539905568,-0.0003330794750268121,3.2504264062538373e-06
33.782,2586,33,782000000,,10.416821162779254,0.9999998821255645,0.0004555768595200596,-0.0001679157122626125,1.7017118249202215e-06,0.0009111532176049765,-0.00033583294177309396,3.2504264062538373e-06
33.79,2587,33,790000000,,10.416823511909424,0.9999998828872042,0.0004532888733178414,-0.0001695637881074331,1.70207468746881e-06,0.0009065772395587098,-0.00033912908606217895,3.2504264062538373e-06
33.802,2588,33,799000000,,10.416828149288305,0.9999998843920688,0.0004487190018262301,-0.00017281263613214636,1.7027576164922718e-06,0.0008974374854535473,-0.0003456267673079718,3.2504264062538373e-06
33.815,2589,33,811000000,,10.416834590028824,0.9999998864810499,0.0004422886242084124,-0.00017724490988637042,1.7036067017418301e-06,0.0008845767150290607,-0.0003544912939276275,3.2504264062538373e-06
33.824,2590,33,822000000,,10.416835338348093,0.9999998867236749,0.00044153471479386553,-0.000177754973161483,1.7036982847867628e-06,0.0008830688944510828,-0.00035551141802472956,3.2504264062538373e-06
33.836,2591,33,826000000,,10.41683794287368,0.9999998875684062,0.00043889873405052226,-0.00017952206798717773,1.704005298325636e-06,0.0008777969269035676,-0.000359045599092306,3.2504264062538373e-06
33.842,2592,33,840000000,,10.416838313219605,0.9999998876884796,0.00043852256552144505,-0.00017977231185426797,1.7040475048638708e-06,0.0008770445889869198,-0.00035954608560072315,3.2504264062538373e-06
33.855,2593,33,852000000,,10.41684272846471,0.9999998891163014,0.0004340176733425424,-0.0001827378964252229,1.7045247602232537e-06,0.0008680347944532833,-0.00036547724004923175,3.2504264062538373e-06
33.866,2594,33,859000000,,10.41684455452171,0.9999998897037076,0.0004321464146159791,-0.00018395418702056915,1.7047084235291073e-06,0.0008642922728259761,-0.00036790981512937527,3.2504264062538373e-06
33.872,2595,33,872000000,,10.416846736340966,0.9999998904028812,0.00042990560364356304,-0.0001853981955155051,1.7049170014094537e-06,0.000859810645924662,-0.0003707978247964349,3.2504264062538373e-06
33.887,2596,33,885000000,,10.41685034841107,0.9999998915562986,0.00042618358576206224,-0.0001877552517175372,1.7052314798832986e-06,0.0008523666020651831,-0.0003755119250217651,3.2504264062538373e-06
33.892,2597,33,892000000,,10.416855353478732,0.9999998931509736,0.0004209993613989444,-0.0001909310610844337,1.7055951216589118e-06,0.0008419981424095641,-0.00038186352675672626,3.2504264062538373e-06
33.903,2598,33,902000000,,10.416863092350885,0.9999998956122161,0.00041287222690641754,-0.0001957272865492144,1.706023617353991e-06,0.0008257438568913232,-0.00039145595097253235,3.2504264062538373e-06
33.913,2599,33,912000000,,10.416867252089846,0.9999998969132798,0.00040847788786340533,-0.0001982834679783219,1.7062076634136985e-06,0.00081695516999856,-0.00039656829936654336,3.2504264062538373e-06
33.923,2600,33,922000000,,10.416872046078973,0.9999998983853262,0.0004034125757292608,-0.00020120814968170388,1.706383142844958e-06,0.0008068245356612811,-0.000402417646086094,3.2504264062538373e-06
33.931,2601,33,932000000,,10.416876091641557,0.9999998996071563,0.00039913271001097234,-0.00020365619344167886,1.7064990880281867e-06,0.0007982647958007005,-0.0004073137194938476,3.2504264062538373e-06
33.942,2602,33,942000000,,10.41688105602837,0.9999999010903537,0.00039383731701350227,-0.00020666044197504522,1.7066038271020725e-06,0.0007876739994740837,-0.0004133221990855456,3.2504264062538373e-06
33.952,2603,33,952000000,,10.416884631122892,0.9999999021431863,0.00038997258737843716,-0.0002088829488971008,1.7066718523503988e-06,0.0007799445325813824,-0.00041776720017555006,3.2504264062538373e-06
33.962,2604,33,962000000,,10.416884631122892,0.9999999021431863,0.00038997258737843716,-0.0002088829488971008,1.7066718523503988e-06,0.0007799445325813824,-0.00041776720017555006,3.2504264062538373e-06
33.972,2605,33,972000000,,10.416884631122892,0.9999999021431863,0.00038997258737843716,-0.0002088829488971008,1.7066718523503988e-06,0.0007799445325813824,-0.00041776720017555006,3.2504264062538373e-06
33.982,2606,33,982000000,,10.416886561287372,0.9999999027027604,0.00038786824554922503,-0.00021011849333924505,1.7067115170448185e-06,0.0007757358446975958,-0.00042023828211802303,3.2504264062538373e-06
33.992,2607,33,992000000,,10.41688847785842,0.9999999032506574,0.00038576825537848034,-0.00021137316785762024,1.7067542812242316e-06,0.000771535860074959,-0.00042274762422998244,3.2504264062538373e-06
34.002,2608,34,2000000,,10.416891957545388,0.9999999042239104,0.00038193662196538754,-0.00021371399961173584,1.7068384212169862e-06,0.00076387258528437,-0.00042742927510921205,3.2504264062538373e-06
34.012,2609,34,12000000,,10.416893209874063,0.9999999045676544,0.0003805509023980482,-0.00021457581289466195,1.7068702355849947e-06,0.0007611011432241966,-0.0004291528971094006,3.2504264062538373e-06
34.023,2610,34,22000000,,10.416898757922363,0.9999999060541878,0.00037436867707020327,-0.00021848751819267392,1.707008091466635e-06,0.0007487366793225131,-0.0004369762873407396,3.2504264062538373e-06
34.032,2611,34,32000000,,10.416901788501592,0.9999999068432437,0.00037096231859254104,-0.00022067520981958926,1.7070753913515501e-06,0.0007419239549769835,-0.00044135165937427153,3.2504264062538373e-06
34.042,2612,34,42000000,,10.41690299314678,0.9999999071519734,0.00036960354638648215,-0.00022155439240975993,1.7071004912246667e-06,0.0007392064075983832,-0.0004431100200790509,3.2504264062538373e-06
34.052,2613,34,52000000,,10.416906881493817,0.9999999081280839,0.0003651958558491,-0.0002244390700275281,1.7071774144961165e-06,0.0007303910168057127,-0.0004488793607983128,3.2504264062538373e-06
34.064,2614,34,62000000,,10.416910135475511,0.9999999089214353,0.0003614696467704172,-0.0002269226762109669,1.707238850853073e-06,0.0007229385903011821,-0.00045384656089670196,3.2504264062538373e-06
34.073,2615,34,73000000,,10.416910723789073,0.99999990906239,0.00036079317530668463,-0.00022737761946826538,1.70724948364905e-06,0.0007215856458464713,-0.0004547564451842988,3.2504264062538373e-06
34.084,2616,34,84000000,,10.416913942363193,0.9999999098197773,0.00035708078156710754,-0.0002298931010763645,1.7073035935096612e-06,0.000714160849931446,-0.00045978739617989333,3.2504264062538373e-06
34.093,2617,34,93000000,,10.416914524588318,0.9999999099543145,0.0003564074125400947,-0.00023035234778785008,1.7073124686321028e-06,0.0007128141103387213,-0.00046070588738633276,3.2504264062538373e-06
34.105,2618,34,103000000,,10.41692000714817,0.9999999111683284,0.00035004093011104393,-0.00023480154892973625,1.7074033281717842e-06,0.0007000811306110955,-0.00046960426872610385,3.2504264062538373e-06
34.113,2619,34,112000000,,10.416920581319014,0.9999999112893831,0.0003493727158819013,-0.00023528071758469672,1.7074138379522025e-06,0.0006987447005554462,-0.0004705626038392648,3.2504264062538373e-06
34.122,2620,34,122000000,,10.416922590107243,0.9999999117035613,0.00034703724299002504,-0.00023697068624073443,1.7074508249793919e-06,0.000694073749143093,-0.0004739425334751362,3.2504264062538373e-06
34.135,2621,34,134000000,,10.416924885970392,0.9999999121597635,0.00034437741857095376,-0.0002389178597002747,1.7074910833436573e-06,0.0006887540938276761,-0.0004778368716540185,3.2504264062538373e-06
34.161,2622,34,152000000,,10.416936600403304,0.9999999143197206,0.0003310222625308499,-0.00024855964618812425,1.7074919250590992e-06,0.0006620437496778653,-0.0004971204006940614,3.2504264062538373e-06
34.161,2623,34,153000000,,10.416936600403304,0.9999999143197206,0.0003310222625308499,-0.00024855964618812425,1.7074919250590992e-06,0.0006620437496778653,-0.0004971204006940614,3.2504264062538373e-06
34.164,2624,34,161000000,,10.416939734104817,0.9999999148617299,0.0003274773903396433,-0.00025106209698611383,1.7074303039435884e-06,0.0006549539969675699,-0.0005021252906120078,3.2504264062538373e-06
34.173,2625,34,172000000,,10.416941719106056,0.999999915197853,0.00032523090486647713,-0.00025263853652231406,1.7073790002874025e-06,0.0006504610207745244,-0.0005052781622809746,3.2504264062538373e-06
34.182,2626,34,182000000,,10.416946208257109,0.9999999159473131,0.00032014574625330116,-0.0002561428379745098,1.7072161733723382e-06,0.0006402906918744218,-0.0005122867484132506,3.2504264062538373e-06
34.192,2627,34,191000000,,10.416951399382127,0.9999999168357148,0.0003142164770630078,-0.0002599877988912064,1.7069055756155119e-06,0.0006284321406341101,-0.0005199766506462369,3.2504264062538373e-06
34.202,2628,34,202000000,,10.41695590774018,0.9999999176355321,0.00030898221283378994,-0.00026316536471230007,1.7065265352987834e-06,0.0006179636014988486,-0.0005263317649475268,3.2504264062538373e-06
34.212,2629,34,212000000,,10.41696310464507,0.9999999189121085,0.0003004333634247043,-0.0002681653613361571,1.7057789291546118e-06,0.0006008658858408776,-0.0005363317298409796,3.2504264062538373e-06
34.224,2630,34,224000000,,10.416966330075102,0.9999999195021129,0.00029654060722738174,-0.00027028971086626,1.7053649779241935e-06,0.0005930803662536359,-0.0005405804159656662,3.2504264062538373e-06
34.233,2631,34,230000000,,10.416969484143797,0.9999999201005866,0.00029270140205295975,-0.00027225319633802664,1.7049019906979376e-06,0.0005854019492207102,-0.0005445073741313934,3.2504264062538373e-06
34.242,2632,34,242000000,,10.41697423262721,0.9999999210175281,0.00028686422706355785,-0.00027508353085166473,1.7041247162120121e-06,0.0005737275895636702,-0.0005501680237092016,3.2504264062538373e-06
34.252,2633,34,252000000,,10.41697540586614,0.9999999212423881,0.00028541495978127036,-0.00027577275963307533,1.7039227612226096e-06,0.0005708290526388459,-0.0005515464764415645,3.2504264062538373e-06
34.262,2634,34,262000000,,10.41697540586614,0.9999999212423881,0.00028541495978127036,-0.00027577275963307533,1.7039227612226096e-06,0.0005708290526388459,-0.0005515464764415645,3.2504264062538373e-06
34.272,2635,34,272000000,,10.416978654718996,0.9999999218607797,0.0002813833780456056,-0.0002776669366224613,1.7033439462151921e-06,0.0005627658826752137,-0.000555334816980823,3.2504264062538373e-06
34.282,2636,34,282000000,,10.416984579327329,0.9999999229348491,0.000274024286641378,-0.00028113713503884815,1.7022514802774212e-06,0.0005480476879835874,-0.0005622751892899738,3.2504264062538373e-06
34.292,2637,34,292000000,,10.416985491581677,0.9999999230868547,0.00027290406672178546,-0.00028168556583215473,1.7020862125776544e-06,0.000545807246273695,-0.0005633720471474224,3.2504264062538373e-06
34.303,2638,34,302000000,,10.416988016594106,0.9999999234822442,0.0002698405748765842,-0.00028322901367795343,1.701639752456575e-06,0.000539680257333029,-0.0005664589326485272,3.2504264062538373e-06
34.312,2639,34,312000000,,10.416994360259627,0.9999999243482419,0.00026246763335560213,-0.000287073788618864,1.700560641798803e-06,0.0005249343612556669,-0.0005741484580310415,3.2504264062538373e-06
34.324,2640,34,323000000,,10.416997462767851,0.9999999247123748,0.00025895113928513,-0.00028899249531237663,1.7000479955570522e-06,0.0005179013666355181,-0.0005779858597494292,3.2504264062538373e-06
34.332,2641,34,332000000,,10.4169979379562,0.9999999247626781,0.00025840866418957087,-0.00028930383836517435,1.6999716773914265e-06,0.000516816415397324,-0.0005786085440574614,3.2504264062538373e-06
34.342,2642,34,342000000,,10.417000309047376,0.9999999249901261,0.00025568987333186605,-0.00029092875757742996,1.6996005926690466e-06,0.0005113788282341146,-0.0005818583734833687,3.2504264062538373e-06
34.353,2643,34,352000000,,10.417002652906827,0.999999925178281,0.00025296958219959276,-0.0002926549765963545,1.6992458590329038e-06,0.0005059382402072619,-0.0005853108025339895,3.2504264062538373e-06
34.362,2644,34,362000000,,10.417004916243597,0.9999999253397835,0.0002502597749584347,-0.00029442755654252934,1.6988964222335116e-06,0.000500518619820098,-0.0005888559534829784,3.2504264062538373e-06
34.372,2645,34,372000000,,10.417006878868014,0.99999992547278,0.000247838908254383,-0.00029601929808657155,1.6985781445470802e-06,0.0004956768811110738,-0.0005920394285836818,3.2504264062538373e-06
34.382,2646,34,382000000,,10.417008152021646,0.9999999255584175,0.0002462366943666641,-0.0002970652542802681,1.6983614089342764e-06,0.0004924724498504088,-0.0005941313356842579,3.2504264062538373e-06
34.392,2647,34,392000000,,10.417010424955876,0.999999925712377,0.00024331403475302954,-0.00029894922333834783,1.697951580484114e-06,0.00048662712433962253,-0.0005978992641543303,3.2504264062538373e-06
34.402,2648,34,402000000,,10.417013198103536,0.9999999259169341,0.00023959483034578525,-0.00030125995833064787,1.6973933624768138e-06,0.00047918870779734544,-0.0006025207218537606,3.2504264062538373e-06
34.413,2649,34,412000000,,10.417013198103536,0.9999999259169341,0.00023959483034578525,-0.00030125995833064787,1.6973933624768138e-06,0.00047918870779734544,-0.0006025207218537606,3.2504264062538373e-06
34.422,2650,34,422000000,,10.417013198103536,0.9999999259169341,0.00023959483034578525,-0.00030125995833064787,1.6973933624768138e-06,0.00047918870779734544,-0.0006025207218537606,3.2504264062538373e-06
34.433,2651,34,432000000,,10.417015127457512,0.9999999260756672,0.00023692723838267022,-0.0003028386772352627,1.6969637619422923e-06,0.0004738535185720291,-0.0006056781508418759,3.2504264062538373e-06
34.442,2652,34,442000000,,10.41701704121238,0.9999999262463436,0.00023425950104178936,-0.00030434670272890153,1.6965091338950531e-06,0.0004685180388103135,-0.0006086941929989454,3.2504264062538373e-06
34.452,2653,34,452000000,,10.417018955455848,0.9999999264396136,0.00023161922894780884,-0.0003057293306837751,1.696025815904579e-06,0.0004632374899357756,-0.0006114594401551433,3.2504264062538373e-06
34.462,2654,34,462000000,,10.417021469031859,0.9999999267253676,0.00022822095974586593,-0.0003073460244498387,1.6953558249834833e-06,0.0004564409460058711,-0.000614692816399809,3.2504264062538373e-06
34.473,2655,34,473000000,,10.41702362228644,0.9999999269806701,0.00022536153792057938,-0.0003086226819118306,1.6947646995102296e-06,0.00045072209796566355,-0.000617246121816761,3.2504264062538373e-06
34.482,2656,34,482000000,,10.417027374378938,0.9999999274385286,0.0002204918105231502,-0.0003106500128664729,1.69370879611999e-06,0.0004409826361520984,-0.0006213007675202046,3.2504264062538373e-06
34.492,2657,34,492000000,,10.41703014143977,0.9999999277965171,0.00021698488691748518,-0.0003119641858956216,1.692904522618924e-06,0.00043396878434046786,-0.0006239291018921363,3.2504264062538373e-06
34.502,2658,34,502000000,,10.417032478148414,0.9999999281054881,0.00021402188870032224,-0.00031301882710512644,1.6922058868801147e-06,0.0004280427841932112,-0.0006260383744330292,3.2504264062538373e-06
34.512,2659,34,512000000,,10.417035872972377,0.9999999285237533,0.0002096367393802658,-0.0003146459370818871,1.691174350512307e-06,0.0004192724798519684,-0.0006292925797831752,3.2504264062538373e-06
34.522,2660,34,522000000,,10.417039267785203,0.9999999288408221,0.0002050910208127581,-0.00031662780519896256,1.6901505173134948e-06,0.000410181035886128,-0.0006332563009294244,3.2504264062538373e-06
34.532,2661,34,532000000,,10.417042827750885,0.9999999290515342,0.0002001939701948066,-0.00031908689704765106,1.6890922647721133e-06,0.00040038692627805114,-0.0006381744684278858,3.2504264062538373e-06
34.542,2662,34,542000000,,10.417043986528995,0.999999929091845,0.0001985903243646066,-0.00031996146082460873,1.6887542403956555e-06,0.000397179631658905,-0.0006399235906889874,3.2504264062538373e-06
34.552,2663,34,552000000,,10.417044810405525,0.9999999291055053,0.00019744946140036698,-0.0003206241470571773,1.6885200538352164e-06,0.00039489790349870224,-0.0006412489593950833,3.2504264062538373e-06
34.562,2664,34,562000000,,10.417045304749182,0.9999999291074376,0.00019676644031113629,-0.00032103775015280477,1.6883824431142293e-06,0.0003935318599313256,-0.0006420761633384834,3.2504264062538373e-06
34.572,2665,34,572000000,,10.417046296086797,0.9999999290985266,0.00019540372134412587,-0.00032189668813567573,1.6881127967621385e-06,0.000390806419120458,-0.000643794034824797,3.2504264062538373e-06
34.582,2666,34,582000000,,10.417047126376092,0.9999999290807372,0.000194272154231937,-0.00032263602058591953,1.6878921792296049e-06,0.0003885432824253057,-0.0006452726960099558,3.2504264062538373e-06
34.592,2667,34,592000000,,10.417048296431847,0.9999999290451033,0.00019269454891003072,-0.00032369082686680307,1.6875864401694512e-06,0.00038538806826101724,-0.0006473823033961913,3.2504264062538373e-06
34.602,2668,34,602000000,,10.417049305619356,0.9999999290090161,0.0001913475927142842,-0.0003246000839290819,1.687324425081018e-06,0.0003826941528360526,-0.0006492008131039507,3.2504264062538373e-06
34.612,2669,34,612000000,,10.417051347626462,0.9999999289233101,0.00018866321404674874,-0.0003264302700986129,1.6867983605796101e-06,0.0003773253893971421,-0.0006528611766455802,3.2504264062538373e-06
34.622,2670,34,622000000,,10.417053417199748,0.9999999288227261,0.00018598366690727964,-0.00032827088618773287,1.6862659960275946e-06,0.00037196628897999184,-0.0006565424000473508,3.2504264062538373e-06
34.632,2671,34,632000000,,10.417054282582898,0.9999999287780547,0.00018486863538563777,-0.00032903591099224175,1.6860413911583413e-06,0.00036973622338452004,-0.000658072446005073,3.2504264062538373e-06
34.659,2672,34,639000000,,10.417055844226477,0.9999999286936488,0.00018286903858594564,-0.00033040697751976353,1.685634174795901e-06,0.0003657370252098402,-0.0006608145725135289,3.2504264062538373e-06
34.659,2673,34,649000000,,10.417057739713123,0.9999999285998927,0.00018044815578966764,-0.00033201782029652156,1.6851249684898657e-06,0.00036089525422973814,-0.000664036250136694,3.2504264062538373e-06
34.664,2674,34,660000000,,10.4170589067084,0.999999928569063,0.00017892306840158823,-0.00033293477783137977,1.6847826752008572e-06,0.000357845076364815,-0.0006658701601979697,3.2504264062538373e-06
34.672,2675,34,671000000,,10.417060045225803,0.9999999285613241,0.0001774102703649107,-0.0003337665434152522,1.684426574064841e-06,0.00035481947747054285,-0.000667533686387609,3.2504264062538373e-06
34.682,2676,34,682000000,,10.417061313347947,0.9999999285789973,0.0001756942505663337,-0.00033462022448508134,1.6840038090094068e-06,0.00035138743495415954,-0.0006692410428689237,3.2504264062538373e-06
34.693,2677,34,692000000,,10.417063312172761,0.9999999286526889,0.00017292105459146818,-0.0003358423627865097,1.683287172155084e-06,0.0003458410387788784,-0.0006716853103080919,3.2504264062538373e-06
34.706,2678,34,700000000,,10.417064512761886,0.999999928717539,0.00017122465982163847,-0.0003365177575259762,1.682833093544306e-06,0.00034244824688009083,-0.0006730360941730818,3.2504264062538373e-06
34.713,2679,34,713000000,,10.417065845398533,0.9999999288015147,0.00016933025716192775,-0.0003372260360390048,1.6823155246629026e-06,0.0003386594390698127,-0.0006744526449251024,3.2504264062538373e-06
34.741,2680,34,731000000,,10.417065992719879,0.9999999288113847,0.00016912083930367225,-0.0003373018491099166,1.6822577248919315e-06,0.00033824060308571344,-0.0006746042703731187,3.2504264062538373e-06
34.741,2681,34,738000000,,10.41706878357254,0.9999999290106726,0.00016518779041867245,-0.0003386573746858583,1.6811550131133039e-06,0.0003303745005036753,-0.0006773153084892409,3.2504264062538373e-06
34.742,2682,34,742000000,,10.41706893064713,0.9999999290211637,0.00016498300296215141,-0.0003387262172167436,1.6810970180050575e-06,0.0003299649253454918,-0.0006774529928722373,3.2504264062538373e-06
34.755,2683,34,755000000,,10.417069372393438,0.9999999290518031,0.00016436941516840924,-0.00033893400341110467,1.680923332906484e-06,0.00032873774901871994,-0.0006778685632275539,3.2504264062538373e-06
34.765,2684,34,764000000,,10.417069667481615,0.9999999290714799,0.0001639609894305406,-0.00033907374402133967,1.6808078151955398e-06,0.0003279208970463759,-0.0006781480430948313,3.2504264062538373e-06
34.772,2685,34,772000000,,10.417070407329563,0.999999929116319,0.00016294194852001063,-0.00033943254743035904,1.6805207484182682e-06,0.00032588281395433725,-0.0006788656465384187,3.2504264062538373e-06
34.782,2686,34,782000000,,10.41707129853561,0.9999999291571134,0.00016172274499098234,-0.00033989512929790566,1.6801817199539777e-06,0.0003234444052709173,-0.0006797908062416882,3.2504264062538373e-06
34.792,2687,34,792000000,,10.41707189604952,0.9999999291766916,0.00016091285742132812,-0.0003402217543834839,1.679959000518873e-06,0.00032182462899104427,-0.0006804440537377778,3.2504264062538373e-06
34.802,2688,34,802000000,,10.417072797719943,0.9999999291938035,0.0001597035746568137,-0.00034074086190491156,1.6796304783409797e-06,0.00031940606166009874,-0.0006814822647914566,3.2504264062538373e-06
34.812,2689,34,812000000,,10.41707431223202,0.9999999291881737,0.0001577093818601878,-0.00034168491221158505,1.6790998588367826e-06,0.0003154176728181243,-0.000683370358840534,3.2504264062538373e-06
34.822,2690,34,822000000,,10.417076131449551,0.9999999291189698,0.00015536180887760787,-0.0003429605608811374,1.6784959128876961e-06,0.0003107225225106549,-0.0006859216484781756,3.2504264062538373e-06
34.836,2691,34,830000000,,10.41707778560273,0.999999928991028,0.00015324881544099262,-0.0003442817511317767,1.6779737075407785e-06,0.00030649653118329794,-0.000688564022074708,3.2504264062538373e-06
34.846000000000004,2692,34,846000000,,10.417078085104466,0.9999999289611583,0.00015286739271393266,-0.00034453798519826933,1.6778815599599318e-06,0.00030573368486914423,-0.0006890764889640895,3.2504264062538373e-06
34.855,2693,34,855000000,,10.417078682351708,0.9999999288943833,0.00015210637572902794,-0.0003450682024897604,1.6777000090424528e-06,0.00030421164912348747,-0.000690136921068781,3.2504264062538373e-06
34.86,2694,34,863000000,,10.417078980279626,0.9999999288575633,0.00015172669933380585,-0.0003453419503256117,1.677610529087892e-06,0.0003034522954179517,-0.0006906844155054899,3.2504264062538373e-06
34.872,2695,34,872000000,,10.417079872060413,0.9999999287339223,0.00015059076652385278,-0.0003461961264821228,1.6773468731466423e-06,0.00030118042694913687,-0.0006923927641291418,3.2504264062538373e-06
34.882,2696,34,882000000,,10.417081057419827,0.9999999285404867,0.00014908381208823232,-0.0003474049888961581,1.6770053907499008e-06,0.0002981665140591384,-0.0006948104840748828,3.2504264062538373e-06
34.892,2697,34,892000000,,10.417083264853636,0.9999999281079958,0.00014629059381598104,-0.00034982889442406205,1.6763896025537865e-06,0.0002925800694851099,-0.0006996582861113704,3.2504264062538373e-06
34.902,2698,34,902000000,,10.417086426615294,0.9999999273820956,0.00014229584446999113,-0.00035353201979540684,1.6755190558459852e-06,0.0002845905585549733,-0.0007070645239991026,3.2504264062538373e-06
34.912,2699,34,912000000,,10.417093704807849,0.9999999256316308,0.00013299052649868415,-0.00036200476907772693,1.6733561064428857e-06,0.00026597989453920644,-0.0007240099926462523,3.2504264062538373e-06
34.924,2700,34,924000000,,10.417095472572361,0.9999999253076084,0.00013075892062557992,-0.00036370879058827396,1.6727710669664957e-06,0.00026151667708464957,-0.0007274180284540964,3.2504264062538373e-06
34.932,2701,34,932000000,,10.417096569924999,0.9999999251437847,0.00012939046699231863,-0.0003646474121674352,1.672394795058743e-06,0.0002587797666514891,-0.0007292952671750771,3.2504264062538373e-06
34.942,2702,34,942000000,,10.417097816728859,0.9999999249923651,0.00012785807484435997,-0.00036560194431978243,1.6719580548257217e-06,0.0002557149791129502,-0.0007312043264979539,3.2504264062538373e-06
34.952,2703,34,952000000,,10.417101692554297,0.999999924941157,0.00012333480655377283,-0.00036729200328081433,1.6705127781900906e-06,0.000246668436515179,-0.0007345844295547169,3.2504264062538373e-06
34.963,2704,34,962000000,,10.417103214427424,0.9999999251246493,0.00012167963935548815,-0.0003673444875438182,1.6699112343033748e-06,0.0002433581017045802,-0.0007346893925596325,3.2504264062538373e-06
34.972,2705,34,972000000,,10.41710431019161,0.9999999253082041,0.00012051784096736855,-0.0003672277888984178,1.6694703897402694e-06,0.0002410345051235199,-0.0007344559913716892,3.2504264062538373e-06
34.982,2706,34,982000000,,10.417105106476304,0.9999999254625989,0.00011968260048031083,-0.0003670804897373944,1.6691460371460148e-06,0.00023936402449056146,-0.0007341613902391139,3.2504264062538373e-06
34.992,2707,34,992000000,,10.417105427268224,0.9999999255300989,0.00011934723378968297,-0.000367005788639452,1.669014015263323e-06,0.00023869329129559209,-0.0007340119869125907,3.2504264062538373e-06
35.003,2708,35,3000000,,10.41710607194145,0.999999925674905,0.0001186744460968614,-0.0003668293549381469,1.6687461602730114e-06,0.00023734771636792123,-0.0007336591172381248,3.2504264062538373e-06
35.017,2709,35,17000000,,10.417108475879187,0.9999999263213669,0.0001161445717925867,-0.0003658755497422372,1.667707349934125e-06,0.00023228797040317865,-0.000731751498264338,3.2504264062538373e-06
35.022,2710,35,22000000,,10.417109573398848,0.999999926672186,0.00011497168553767764,-0.00036528667485646497,1.6672105163706613e-06,0.00022994219958528492,-0.0007305737444947489,3.2504264062538373e-06
35.033,2711,35,33000000,,10.41711034646283,0.999999926939195,0.00011413996351703706,-0.0003648162480489411,1.6668530055458028e-06,0.00022827875691199624,-0.0007296328880378243,3.2504264062538373e-06
35.043,2712,35,43000000,,10.417110804875058,0.9999999271050426,0.00011364320835151822,-0.00036451660184968484,1.6666377288528859e-06,0.000227285247457545,-0.0007290335939396494,3.2504264062538373e-06
35.056,2713,35,56000000,,10.417112448752617,0.999999927743038,0.00011183098932673064,-0.00036332488721686345,1.6658438760044725e-06,0.00022366081292072884,-0.0007266501584618484,3.2504264062538373e-06
35.064,2714,35,64000000,,10.417113751098203,0.9999999282901171,0.00011035015262159635,-0.0003622703850704389,1.665189488231565e-06,0.0002206991426398595,-0.0007245411490844759,3.2504264062538373e-06
35.077,2715,35,77000000,,10.417114855492859,0.9999999287647608,0.00010902704311822107,-0.00036135966313639964,1.6646108728332466e-06,0.00021805292633193178,-0.000722719700680529,3.2504264062538373e-06
35.085,2716,35,82000000,,10.41711971089873,0.9999999305263053,0.00010251810996281134,-0.00035837781707746114,1.6619531175776576e-06,0.00020503506857059707,-0.0007167559864907779,3.2504264062538373e-06
35.094,2717,35,92000000,,10.417120338066992,0.9999999306942496,0.00010168328674325895,-0.0003581469590226675,1.6616304612850033e-06,0.00020336542274913865,-0.0007162942675745486,3.2504264062538373e-06
35.102,2718,35,102000000,,10.41712176149087,0.9999999310132464,9.984678312670693e-05,-0.00035777278248263074,1.6609353630683826e-06,0.00019969241645131122,-0.0007155459083408269,3.2504264062538373e-06
35.115,2719,35,110000000,,10.417124839865451,0.9999999315160232,9.620865381524111e-05,-0.00035736408600264976,1.6595944193065465e-06,0.00019241615862805762,-0.0007147285032441677,3.2504264062538373e-06
35.119,2720,35,124000000,,10.41712498854908,0.9999999315367643,9.604498901814396e-05,-0.0003573500706602346,1.6595345852765543e-06,0.00019208882905604371,-0.0007147004720141934,3.2504264062538373e-06
35.134,2721,35,132000000,,10.417129929531145,0.9999999321226775,9.10974492837148e-05,-0.00035700580831191987,1.6577352198859494e-06,0.00018219375000866936,-0.0007140119308583067,3.2504264062538373e-06
35.154,2722,35,143000000,,10.417136810367237,0.999999932568449,8.452340289457345e-05,-0.00035737396604337146,1.655419363335194e-06,0.00016904565516736653,-0.0007147482245901802,3.2504264062538373e-06
35.154,2723,35,154000000,,10.417141678280686,0.9999999342411221,7.866001494538443e-05,-0.0003540164135726753,1.6530598408414496e-06,0.00015731888920670077,-0.0007080330998027767,3.2504264062538373e-06
35.163,2724,35,163000000,,10.417141678280686,0.9999999342411221,7.866001494538443e-05,-0.0003540164135726753,1.6530598408414496e-06,0.00015731888920670077,-0.0007080330998027767,3.2504264062538373e-06
35.173,2725,35,173000000,,10.417141801150528,0.9999999343168827,7.848655370036982e-05,-0.0003538408665374713,1.652984654905521e-06,0.00015697196725471152,-0.0007076820051358247,3.2504264062538373e-06
35.182,2726,35,182000000,,10.417142288891757,0.9999999346314771,7.779200003465723e-05,-0.0003531043967175846,1.6526816031268222e-06,0.0001555828621854263,-0.0007062090631035771,3.2504264062538373e-06
35.194,2727,35,194000000,,10.417142894851386,0.99999993504944,7.692261397243742e-05,-0.0003521097802601199,1.652298112152242e-06,0.0001538440931263622,-0.0007042198271857324,3.2504264062538373e-06
35.202,2728,35,197000000,,10.417143016168852,0.99999993513618,7.674862355247793e-05,-0.0003519013426125015,1.652220851449796e-06,0.000153496112930094,-0.000703802951288484,3.2504264062538373e-06
35.213,2729,35,212000000,,10.41714338144367,0.9999999354024498,7.622648119933568e-05,-0.0003512575846221263,1.6519880384647185e-06,0.0001524518302140802,-0.0007025154334991277,3.2504264062538373e-06
35.223,2730,35,222000000,,10.417144374330277,0.9999999361543856,7.48328987241709e-05,-0.0003494116985134111,1.6513604019639942e-06,0.00014966467098699352,-0.0006988236564411295,3.2504264062538373e-06
35.232,2731,35,232000000,,10.417146084365312,0.9999999374875834,7.256087436440642e-05,-0.00034605927960258096,1.650323280937969e-06,0.00014512063270535783,-0.0006921188106943908,3.2504264062538373e-06
35.236,2732,35,242000000,,10.417146955042714,0.9999999381610645,7.151047010050946e-05,-0.00034432745744142297,1.6498359381229434e-06,0.0001430198295899841,-0.0006886551626902297,3.2504264062538373e-06
35.252,2733,35,252000000,,10.41714916823628,0.9999999398184226,6.906064748065735e-05,-0.0003399868527578184,1.6486926388108625e-06,0.00013812019795141322,-0.000679973944712617,3.2504264062538373e-06
35.262,2734,35,262000000,,10.41715199790438,0.9999999419425964,6.57509606302791e-05,-0.0003343484733829143,1.6471966687043806e-06,0.00013150084193019898,-0.0006686971743878612,3.2504264062538373e-06
35.272,2735,35,272000000,,10.417154900899465,0.9999999441560435,6.210942532140866e-05,-0.0003283711637294601,1.6456078888067072e-06,0.00012421779007327238,-0.0006567425424093713,3.2504264062538373e-06
35.282,2736,35,282000000,,10.417158755613285,0.9999999473369279,5.618093291379942e-05,-0.00031963595584584103,1.643170403763697e-06,0.00011236083267320159,-0.0006392721061971143,3.2504264062538373e-06
35.292,2737,35,292000000,,10.417159077167028,0.999999947640999,5.562787243177497e-05,-0.00031878023739242517,1.6429460252152567e-06,0.00011125471440198153,-0.0006375606673829969,3.2504264062538373e-06
35.303,2738,35,303000000,,10.417160899624223,0.9999999495021867,5.246532630913013e-05,-0.00031343311664398457,1.6416573374418766e-06,0.00010492963902914375,-0.0006268664149484981,3.2504264062538373e-06
35.312,2739,35,312000000,,10.41716111717606,0.9999999497378259,5.208992552596343e-05,-0.00031274317123380604,1.641503736209101e-06,0.00010417883964501869,-0.0006254865228261246,3.2504264062538373e-06
35.322,2740,35,322000000,,10.41716188384397,0.9999999505814614,5.077086885965547e-05,-0.0003102526406352574,1.6409647674737021e-06,0.0001015407341964143,-0.0006205054570510252,3.2504264062538373e-06
35.332,2741,35,332000000,,10.417162212944906,0.9999999509480604,5.02029687133941e-05,-0.0003091615226023609,1.64073379917315e-06,0.00010040493736045077,-0.0006183232190141182,3.2504264062538373e-06
35.342,2742,35,341000000,,10.417162322415802,0.9999999510704287,5.001337409431253e-05,-0.0003087962290641954,1.6406569147788623e-06,0.00010002574927976057,-0.0006175926312798632,3.2504264062538373e-06
35.352,2743,35,352000000,,10.417162868105466,0.9999999516835109,4.906303603298174e-05,-0.0003069578218358423,1.6402732587842134e-06,9.812507898421816e-05,-0.0006139158135263976,3.2504264062538373e-06
35.366,2744,35,365000000,,10.417163302647355,0.9999999521754029,4.829972474048048e-05,-0.00030547281194216426,1.6399672309780633e-06,9.659846110847618e-05,-0.0006109457910924354,3.2504264062538373e-06
35.373,2745,35,371000000,,10.417164700591773,0.9999999537811626,4.579716963474606e-05,-0.0003005621495811475,1.6389778809899752e-06,9.159336648340531e-05,-0.000601124457702906,3.2504264062538373e-06
35.382,2746,35,382000000,,10.417164700591773,0.9999999537811626,4.579716963474606e-05,-0.0003005621495811475,1.6389778809899752e-06,9.159336648340531e-05,-0.000601124457702906,3.2504264062538373e-06
35.394,2747,35,394000000,,10.417166472289898,0.9999999558655234,4.2462908890925034e-05,-0.0002940462048074357,1.6376990515652023e-06,8.492486570314828e-05,-0.0005880925566415664,3.2504264062538373e-06
35.402,2748,35,402000000,,10.417166472289898,0.9999999558655234,4.2462908890925034e-05,-0.0002940462048074357,1.6376990515652023e-06,8.492486570314828e-05,-0.0005880925566415664,3.2504264062538373e-06
35.412,2749,35,412000000,,10.41716657466349,0.9999999559873983,4.226510994931281e-05,-0.0002936599736737967,1.6376245659707212e-06,8.452926904828928e-05,-0.0005873200936923896,3.2504264062538373e-06
35.422,2750,35,422000000,,10.417166880855959,0.999999956352716,4.16706269236383e-05,-0.0002924986222028102,1.6374015974618773e-06,8.334030669115005e-05,-0.0005849973887016718,3.2504264062538373e-06
35.432,2751,35,432000000,,10.417167084268819,0.9999999565960348,4.1273395956288607e-05,-0.0002917220506722253,1.6372533572768011e-06,8.254584722724683e-05,-0.0005834442442721104,3.2504264062538373e-06
35.443,2752,35,442000000,,10.417167489527268,0.9999999570822643,4.047684201551289e-05,-0.00029016273889925125,1.6369578710519207e-06,8.095274430828098e-05,-0.0005803256179834831,3.2504264062538373e-06
35.452,2753,35,452000000,,10.417167691463861,0.9999999573252655,4.007748869263968e-05,-0.0002893796515709447,1.6368106104955046e-06,8.015404015544403e-05,-0.0005787594419524577,3.2504264062538373e-06
35.463,2754,35,463000000,,10.417168695959976,0.9999999585407068,3.8068487787318216e-05,-0.0002854237172313589,1.6360786554467318e-06,7.613605094541525e-05,-0.0005708475663652586,3.2504264062538373e-06
35.472,2755,35,472000000,,10.417168695959976,0.9999999585407068,3.8068487787318216e-05,-0.0002854237172313589,1.6360786554467318e-06,7.613605094541525e-05,-0.0005708475663652586,3.2504264062538373e-06
35.482,2756,35,482000000,,10.417169694387326,0.9999999597577366,3.6037073181494346e-05,-0.00028139506096628447,1.6353536659601351e-06,7.207323457805145e-05,-0.0005627902468603671,3.2504264062538373e-06
35.494,2757,35,494000000,,10.417170687746335,0.9999999609759893,3.398043639873618e-05,-0.00027729168376752024,1.6346355094106616e-06,6.7959974106995e-05,-0.0005545834854124407,3.2504264062538373e-06
35.503,2758,35,503000000,,10.417171478190038,0.9999999619532395,3.231548185640021e-05,-0.00027394627062359125,1.6340657270995181e-06,6.463007570690496e-05,-0.0005478926534245387,3.2504264062538373e-06
35.512,2759,35,512000000,,10.417172168013245,0.9999999628153727,3.084424223111283e-05,-0.0002709524265015686,1.6335703475130335e-06,6.168760602540863e-05,-0.00054190496014781,3.2504264062538373e-06
35.522,2760,35,522000000,,10.417173054791178,0.9999999639352476,2.893252712515428e-05,-0.00026700139719903685,1.6329380554603238e-06,5.786418845247528e-05,-0.0005340028950087406,3.2504264062538373e-06
35.532,2761,35,532000000,,10.417173548685856,0.9999999645625735,2.785999904025838e-05,-0.0002647565053018289,1.6325891491204356e-06,5.5719139468960204e-05,-0.0005295131075514554,3.2504264062538373e-06
35.543,2762,35,543000000,,10.41717364763277,0.999999964688422,2.764457237626667e-05,-0.00026430336202642275,1.6325195871289966e-06,5.528828759199239e-05,-0.0005286068202651946,3.2504264062538373e-06
35.552,2763,35,552000000,,10.41717384570412,0.9999999649404478,2.7212824436108916e-05,-0.00026339305378922487,1.6323807037837143e-06,5.4424794627010994e-05,-0.0005267862023171304,3.2504264062538373e-06
35.563,2764,35,563000000,,10.417174939288882,0.9999999663322418,2.4817733332360744e-05,-0.00025829621241797815,1.6316233677191563e-06,4.9634628752657096e-05,-0.0005165925114068207,3.2504264062538373e-06
35.573,2765,35,573000000,,10.417175638659954,0.9999999672204194,2.3276292268588006e-05,-0.0002549798299949194,1.6311480303123566e-06,4.6551757261420476e-05,-0.000509959741310996,3.2504264062538373e-06
35.584,2766,35,583000000,,10.41717593914776,0.9999999676011018,2.261164698627369e-05,-0.0002535425980657713,1.6309460627383774e-06,4.522247130832296e-05,-0.0005070852751908962,3.2504264062538373e-06
35.595,2767,35,592000000,,10.41717593914776,0.9999999676011018,2.261164698627369e-05,-0.0002535425980657713,1.6309460627383774e-06,4.522247130832296e-05,-0.0005070852751908962,3.2504264062538373e-06
35.603,2768,35,602000000,,10.417177043694808,0.9999999689944354,2.0153582057302233e-05,-0.00024819811379027097,1.6302151344887295e-06,4.030635860905921e-05,-0.0004963962982849549,3.2504264062538373e-06
35.612,2769,35,612000000,,10.417178640497841,0.9999999709992365,1.6525881322501752e-05,-0.0002402618723365615,1.629183601926781e-06,3.3050982646876815e-05,-0.00048052380307736487,3.2504264062538373e-06
35.628,2770,35,628000000,,10.417178640497841,0.9999999709992365,1.6525881322501752e-05,-0.0002402618723365615,1.629183601926781e-06,3.3050982646876815e-05,-0.00048052380307736487,3.2504264062538373e-06
35.632,2771,35,632000000,,10.417180693583648,0.9999999735803548,1.1688828104457708e-05,-0.00022956482998210466,1.6278964186714562e-06,2.3376910641813348e-05,-0.0004591297020213324,3.2504264062538373e-06
35.647,2772,35,647000000,,10.417181753325407,0.9999999749046867,9.128877520183528e-06,-0.00022384066133762065,1.6272564950804846e-06,1.8257027920381083e-05,-0.0004476813561045334,3.2504264062538373e-06
35.655,2773,35,655000000,,10.417182136073174,0.9999999753806939,8.192988652873256e-06,-0.00022174047775897393,1.6270298005788502e-06,1.638525695762601e-05,-0.0004434809857971933,3.2504264062538373e-06
35.664,2774,35,664000000,,10.417183367705542,0.9999999769031351,5.129164397193079e-06,-0.0002148598988863648,1.6263151423753712e-06,1.0257630644899226e-05,-0.00042971981775610546,3.2504264062538373e-06
35.673,2775,35,673000000,,10.41718401850664,0.9999999777023664,3.466873953251814e-06,-0.00021114119413257924,1.6259450943792017e-06,6.9330617621355496e-06,-0.0004222824026735576,3.2504264062538373e-06
35.684,2776,35,684000000,,10.417186501945114,0.999999980738835,-3.2801738341778732e-06,-0.0001962369251046719,1.6245694180176895e-06,-6.5609856483703575e-06,-0.0003924738420679315,3.2504264062538373e-06
35.693,2777,35,692000000,,10.417186501945114,0.999999980738835,-3.2801738341778732e-06,-0.0001962369251046719,1.6245694180176895e-06,-6.5609856483703575e-06,-0.0003924738420679315,3.2504264062538373e-06
35.702,2778,35,702000000,,10.417186501945114,0.999999980738835,-3.2801738341778732e-06,-0.0001962369251046719,1.6245694180176895e-06,-6.5609856483703575e-06,-0.0003924738420679315,3.2504264062538373e-06
35.713,2779,35,712000000,,10.417186501945114,0.999999980738835,-3.2801738341778732e-06,-0.0001962369251046719,1.6245694180176895e-06,-6.5609856483703575e-06,-0.0003924738420679315,3.2504264062538373e-06
35.722,2780,35,722000000,,10.417186756906771,0.9999999810488811,-4.012030829031455e-06,-0.0001946368473861055,1.6244322217391584e-06,-8.024694462823976e-06,-0.000389273684191861,3.2504264062538373e-06
35.732,2781,35,732000000,,10.417186841493942,0.9999999811515686,-4.256342422543316e-06,-0.00019410334202485754,1.6243869409887792e-06,-8.513315924103851e-06,-0.0003882066726554775,3.2504264062538373e-06
35.742,2782,35,742000000,,10.417188404090359,0.999999983030265,-8.93158940328464e-06,-0.000184002881340024,1.623569682440588e-06,-1.7863777197014992e-05,-0.0003680057357393659,3.2504264062538373e-06
35.752,2783,35,752000000,,10.417188798877104,0.9999999834990653,-1.01722721928526e-05,-0.00018137187951959493,1.6233681588593229e-06,-2.0345134256610016e-05,-0.0003627437279820452,3.2504264062538373e-06
35.762,2784,35,762000000,,10.417189032598131,0.9999999837752946,-1.0918940772442505e-05,-0.0001797986438915168,1.6232499136388825e-06,-2.1838466320542063e-05,-0.0003595972542502654,3.2504264062538373e-06
35.772,2785,35,772000000,,10.417189264027202,0.9999999840477753,-1.1667341699726796e-05,-0.00017822931216782993,1.623133663478672e-06,-2.333526309184513e-05,-0.00035645858832280815,3.2504264062538373e-06
35.782,2786,35,782000000,,10.417189493272911,0.9999999843166364,-1.2417684577103285e-05,-0.00017666322206418112,1.6230193789650517e-06,-2.4835943773177588e-05,-0.0003533264056302478,3.2504264062538373e-06
35.792,2787,35,792000000,,10.417189795582972,0.9999999846695503,-1.3421251467580294e-05,-0.00017457988263227278,1.6228700484304845e-06,-2.6843070804054826e-05,-0.00034915972344436516,3.2504264062538373e-06
35.802,2788,35,802000000,,10.417190019765432,0.999999984930064,-1.4176253510428005e-05,-0.00017302101675129968,1.6227603404772288e-06,-2.8353069838242456e-05,-0.0003460419891845804,3.2504264062538373e-06
35.812,2789,35,812000000,,10.417190315204941,0.9999999852719144,-1.5186097005897816e-05,-0.0001709471287617033,1.6226171123549197e-06,-3.037275010777449e-05,-0.00034189420986628,3.2504264062538373e-06
35.819,2790,35,822000000,,10.417191526882664,0.999999986657035,-1.9518468039081665e-05,-0.0001621799251635442,1.6220476355873477e-06,-3.9037463747889746e-05,-0.0003243597883670059,3.2504264062538373e-06
35.836,2791,35,832000000,,10.417192482003168,0.9999999877187974,-2.313122934191528e-05,-0.00015499910156418776,1.621627825182973e-06,-4.626296305679489e-05,-0.0003099981292658113,3.2504264062538373e-06
35.842,2792,35,840000000,,10.417193408434882,0.9999999887091353,-2.6780814051682164e-05,-0.00014785766436771304,1.6212534017534427e-06,-5.3562109295637e-05,-0.00029571524286949925,3.2504264062538373e-06
35.853,2793,35,851000000,,10.417194749315998,0.9999999900643085,-3.232973078216021e-05,-0.00013719892370002938,1.6207775537762788e-06,-6.465990813906744e-05,-0.00027439774331854523,3.2504264062538373e-06
35.862,2794,35,862000000,,10.417196280635867,0.9999999914776361,-3.908286180327543e-05,-0.00012455774647820934,1.6203450933119732e-06,-7.816612909849426e-05,-0.0002491153667545387,3.2504264062538373e-06
35.873,2795,35,868000000,,10.417196763866334,0.9999999918851454,-4.128288732101899e-05,-0.00012051061058831452,1.6202381431088856e-06,-8.256616697579825e-05,-0.00024102108777809207,3.2504264062538373e-06
35.883,2796,35,882000000,,10.41719856033465,0.9999999932252613,-4.968485685449035e-05,-0.00010525335262062907,1.6199836803315715e-06,-9.937005641843358e-05,-0.0002105065443925119,3.2504264062538373e-06
35.892,2797,35,892000000,,10.417199035697262,0.9999999935321705,-5.196382804183511e-05,-0.00010115728026500701,1.619956660823897e-06,-0.00010392798546633597,-0.00020231439224333809,3.2504264062538373e-06
35.904,2798,35,902000000,,10.41719962979799,0.999999993885352,-5.483408713887782e-05,-9.602028317267971e-05,1.6199479984863443e-06,-0.00010966848694499822,-0.00019204038869475212,3.2504264062538373e-06
35.912,2799,35,912000000,,10.417201929449964,0.9999999949211341,-6.594558332096879e-05,-7.619899574558532e-05,1.6201882052570055e-06,-0.00013189141479948561,-0.0001523977776185576,3.2504264062538373e-06
35.922,2800,35,922000000,,10.417202367389534,0.9999999950583821,-6.802744390142422e-05,-7.247673719008727e-05,1.6202827868834789e-06,-0.00013605512384524666,-0.00014495325372408996,3.2504264062538373e-06
35.932,2801,35,932000000,,10.417203587961295,0.9999999953475135,-7.375545666823685e-05,-6.214884674101808e-05,1.620629381536569e-06,-0.00014751111576515017,-0.00012429745416328553,3.2504264062538373e-06
35.942,2802,35,942000000,,10.417203587961295,0.9999999953475135,-7.375545666823685e-05,-6.214884674101808e-05,1.620629381536569e-06,-0.00014751111576515017,-0.00012429745416328553,3.2504264062538373e-06
35.952,2803,35,952000000,,10.417203587961295,0.9999999953475135,-7.375545666823685e-05,-6.214884674101808e-05,1.620629381536569e-06,-0.00014751111576515017,-0.00012429745416328553,3.2504264062538373e-06
35.962,2804,35,962000000,,10.417203983739272,0.9999999954132817,-7.558498011441531e-05,-5.880238635807353e-05,1.6207686221154911e-06,-0.0001511701517667531,-0.00011760452743629354,3.2504264062538373e-06
35.972,2805,35,972000000,,10.417204585184644,0.9999999954872093,-7.83459901788033e-05,-5.37108915000674e-05,1.6210051680843748e-06,-0.00015669215532701495,-0.00010742152872344919,3.2504264062538373e-06
35.984,2806,35,984000000,,10.41720512814676,0.9999999955268496,-8.081419064883488e-05,-4.91196380544176e-05,1.6212436387394036e-06,-0.00016162854132813881,-9.8239013788427e-05,3.2504264062538373e-06
35.994,2807,35,988000000,,10.41720512814676,0.9999999955268496,-8.081419064883488e-05,-4.91196380544176e-05,1.6212436387394036e-06,-0.00016162854132813881,-9.8239013788427e-05,3.2504264062538373e-06
36.005,2808,36,5000000,,10.417206317370194,0.9999999955262934,-8.610219605345382e-05,-3.9130483601582255e-05,1.621843984831981e-06,-0.00017220451964205166,-7.826068764427805e-05,3.2504264062538373e-06
36.012,2809,36,12000000,,10.417206967253806,0.9999999954766134,-8.892860384723286e-05,-3.370229795683261e-05,1.622216108466274e-06,-0.0001778573175765034,-6.740430713698096e-05,3.2504264062538373e-06
36.024,2810,36,20000000,,10.417208159093716,0.9999999952963512,-9.400797914747918e-05,-2.381519739517618e-05,1.6229743903343396e-06,-0.00018801603603450597,-4.763008943923956e-05,3.2504264062538373e-06
36.038,2811,36,38000000,,10.417208688664719,0.999999995178109,-9.62497231675929e-05,-1.9420028995689747e-05,1.623344037311065e-06,-0.00019249950979182518,-3.8839745321033696e-05,3.2504264062538373e-06
36.042,2812,36,42000000,,10.417208914107142,0.9999999951198952,-9.721219863161306e-05,-1.7531751281057665e-05,1.6235089099600157e-06,-0.00019442445458474106,-3.506318674844509e-05,3.2504264062538373e-06
36.052,2813,36,52000000,,10.417210309010635,0.9999999946462714,-0.00010331704873238441,-5.514077887087318e-06,1.6246435134693592e-06,-0.00020663411575835784,-1.1027820008610298e-05,3.2504264062538373e-06
36.071,2814,36,62000000,,10.417212214400504,0.9999999936564662,-0.00011200554656191111,1.1797441528411518e-05,1.6265345918760487e-06,-0.00022401105526077892,2.359524727112941e-05,3.2504264062538373e-06
36.071,2815,36,72000000,,10.4172135055128,0.9999999927263292,-0.00011816659687370203,2.4111124853494246e-05,1.628062342647127e-06,-0.00023633311599435158,4.8222634140098444e-05,3.2504264062538373e-06
36.099,2816,36,82000000,,10.417214571759304,0.9999999917327878,-0.00012370453811850422,3.505647257515651e-05,1.6295498573491871e-06,-0.0002474089630712349,7.011334779354412e-05,3.2504264062538373e-06
36.099,2817,36,92000000,,10.417215609084385,0.9999999904577315,-0.00012988511277658372,4.7029069486500836e-05,1.631321587495456e-06,-0.0002597700737059608,9.405856198293993e-05,3.2504264062538373e-06
36.11,2818,36,110000000,,10.417216689988633,0.999999988555085,-0.00013798759032968477,6.202084962131452e-05,1.633771316908741e-06,-0.00027597498047136806,0.0001240421490214115,3.2504264062538373e-06
36.112,2819,36,112000000,,10.417216799704,0.9999999883113693,-0.00013895906826809267,6.37571058961505e-05,1.634072837041955e-06,-0.00027791793075731923,0.0001275146647858768,3.2504264062538373e-06
36.122,2820,36,122000000,,10.417217196543932,0.9999999873058801,-0.00014284648979748937,7.057227190325149e-05,1.635294209012412e-06,-0.00028569275188766616,0.0001411450096755188,3.2504264062538373e-06
36.133,2821,36,132000000,,10.417217448266015,0.9999999865210326,-0.00014576358867949852,7.555285398150523e-05,1.6362260617557066e-06,-0.00029152693364402246,0.00015110618350566338,3.2504264062538373e-06
36.172,2822,36,152000000,,10.417217473836422,0.9999999864322722,-0.00014608770031388277,7.609968278542543e-05,1.6363304341542186e-06,-0.0002921751551562299,0.00015219984218896437,3.2504264062538373e-06
36.172,2823,36,152000000,,10.417217547825203,0.9999999861641734,-0.00014705991726913175,7.773258877789437e-05,1.636644554202827e-06,-0.00029411958382254247,0.0001554656574006813,3.2504264062538373e-06
36.172,2824,36,165000000,,10.417217787647376,0.9999999851586019,-0.00015062168027052162,8.362549264329278e-05,1.6378090169157249e-06,-0.00030124309091451493,0.0001672514769631951,3.2504264062538373e-06
36.174,2825,36,172000000,,10.41721788167211,0.9999999846910933,-0.0001522379813641972,8.624805009702845e-05,1.6383434330695022e-06,-0.00030447568469362126,0.0001724965972449658,3.2504264062538373e-06
36.182,2826,36,182000000,,10.417218031263598,0.9999999838347765,-0.00015514222885487105,9.087710561596015e-05,1.6393120794967643e-06,-0.00031028416484596785,0.00018175471794758686,3.2504264062538373e-06
36.192,2827,36,188000000,,10.41721806160583,0.9999999836419527,-0.00015578676455157113,9.189064257924779e-05,1.6395285483971326e-06,-0.0003115732329946982,0.00018378179402044975,3.2504264062538373e-06
36.202,2828,36,202000000,,10.417218337606434,0.9999999814751398,-0.0001628541151739486,0.0001025941587971407,1.641921080280599e-06,-0.00032570790002654765,0.00020518885002023194,3.2504264062538373e-06
36.216,2829,36,216000000,,10.417218495918599,0.9999999796534451,-0.00016864846010165459,0.00011067115252078077,1.6438777162098508e-06,-0.00033729656413897095,0.00022134285682026157,3.2504264062538373e-06
36.222,2830,36,222000000,,10.417218574759836,0.999999978405843,-0.00017252805151854624,0.00011584333512415809,1.645199419921243e-06,-0.0003450557305234947,0.00023168723500412725,3.2504264062538373e-06
36.233,2831,36,232000000,,10.417218644507496,0.9999999771269031,-0.00017641392293265702,0.00012091984937542806,1.6465451382476945e-06,-0.00035282745723334613,0.00024184027652361488,3.2504264062538373e-06
36.251,2832,36,250000000,,10.417218766788292,0.9999999746946948,-0.00018354449977713838,0.00013007423624764673,1.6490876004854733e-06,-0.0003670885819236273,0.0002601490742084493,3.2504264062538373e-06
36.252,2833,36,252000000,,10.417218795494644,0.9999999741262984,-0.0001851646566537908,0.0001321314914289063,1.6496792713023719e-06,-0.0003703288891723296,0.00026426359002076146,3.2504264062538373e-06
36.265,2834,36,263000000,,10.417218860925015,0.9999999728553486,-0.00018872668640511323,0.00013663386979842493,1.6509996447557494e-06,-0.00037745293445537117,0.00027326835875555625,3.2504264062538373e-06
36.273,2835,36,273000000,,10.417218938201021,0.9999999714364253,-0.00019260463444961356,0.0001415198676471987,1.6524705676006526e-06,-0.00038520881513792445,0.00028304036753589774,3.2504264062538373e-06
36.284,2836,36,284000000,,10.417219128825714,0.9999999685897719,-0.00020000259934933878,0.00015105189564082399,1.6554239527218651e-06,-0.0004000047149452486,0.00030210444856605207,3.2504264062538373e-06
36.293,2837,36,293000000,,10.417219276802744,0.9999999667517747,-0.0002044752789092572,0.00015711003506089377,1.6573382962336852e-06,-0.0004089500550402642,0.0003142207426146957,3.2504264062538373e-06
36.303,2838,36,303000000,,10.417219783460249,0.9999999623564744,-0.0002141853015092243,0.000171490362395619,1.6619438850691136e-06,-0.00042837005517532413,0.0003429814305326473,3.2504264062538373e-06
36.313,2839,36,313000000,,10.417219978855709,0.9999999610132155,-0.00021694429309330167,0.00017580095117844744,1.6633521805933449e-06,-0.00043388802486633827,0.000351602617603037,3.2504264062538373e-06
36.322,2840,36,322000000,,10.417220249909706,0.9999999591960902,-0.0002205668260526893,0.0001815360029228302,1.665253983932639e-06,-0.00044113307288107267,0.0003630727336072921,3.2504264062538373e-06
36.333,2841,36,333000000,,10.417220656462291,0.9999999562783989,-0.00022618084981684028,0.00019048002624638238,1.6682960923396604e-06,-0.00045236109255518967,0.00038096079972471566,3.2504264062538373e-06
36.342,2842,36,342000000,,10.417221205836691,0.9999999495814182,-0.00023900056312305658,0.00020907674633576355,1.6751826056078674e-06,-0.00047800046165503453,0.00041815428451391526,3.2504264062538373e-06
36.352,2843,36,352000000,,10.417221205836691,0.9999999495814182,-0.00023900056312305658,0.00020907674633576355,1.6751826056078674e-06,-0.00047800046165503453,0.00041815428451391526,3.2504264062538373e-06
36.363,2844,36,362000000,,10.417221270043104,0.9999999481975875,-0.000241794473215739,0.00021245574642220083,1.6765837685464618e-06,-0.000483588271485198,0.00042491229439669084,3.2504264062538373e-06
36.372,2845,36,372000000,,10.417221287589848,0.9999999477841789,-0.00024263131243154257,0.00021344524686308766,1.6770016429824191e-06,-0.0004852619468896243,0.00042689129818779666,3.2504264062538373e-06
36.382,2846,36,382000000,,10.417221370376337,0.9999999440039558,-0.00024982212974841115,0.00022266154528244943,1.6808389175491506e-06,-0.0004996435533341491,0.00044532392016903316,3.2504264062538373e-06
36.392,2847,36,392000000,,10.417221407703419,0.9999999424839,-0.0002525514812160668,0.00022637825744119524,1.6823852975445915e-06,-0.000505102244917576,0.0004527573540877954,3.2504264062538373e-06
36.403,2848,36,403000000,,10.417221423993938,0.9999999414328384,-0.00025444571907994273,0.00022888613246507754,1.6834522279948132e-06,-0.0005088907130029738,0.00045777311080235863,3.2504264062538373e-06
36.415,2849,36,412000000,,10.41722142925708,0.9999999408388001,-0.0002555215939584494,0.0002302786908584951,1.6840543085324182e-06,-0.0005110424585232736,0.0004605582313761444,3.2504264062538373e-06
36.425,2850,36,422000000,,10.417221431590665,0.9999999403962372,-0.0002563252432469957,0.00023130511081886,1.6845024684165322e-06,-0.0005126497539807554,0.0004626110741259092,3.2504264062538373e-06
36.432,2851,36,432000000,,10.417221432702041,0.9999999399561311,-0.0002571260395938693,0.00023231679862554101,1.6849478272268402e-06,-0.0005142513436023098,0.0004646344525585548,3.2504264062538373e-06
36.443,2852,36,442000000,,10.417221432481544,0.999999939373036,-0.00025818926153620684,0.0002336437213257623,1.6855374277453044e-06,-0.0005163777834615223,0.0004672883017026839,3.2504264062538373e-06
36.452,2853,36,452000000,,10.417221431151969,0.9999999389384336,-0.000258983261737243,0.0002346230097513177,1.6859765594864453e-06,-0.0005179657808956853,0.00046924688134993996,3.2504264062538373e-06
36.464,2854,36,463000000,,10.417221430499914,0.9999999387940757,-0.00025924727356062364,0.0002349464894783719,1.686122363730927e-06,-0.0005184938035626369,0.00046989384173387166,3.2504264062538373e-06
36.48,2855,36,479000000,,10.417221405006488,0.9999999363781497,-0.0002636847973695872,0.00024023149904029873,1.688558517112904e-06,-0.0005273688352125418,0.0004804638764925634,3.2504264062538373e-06
36.483,2856,36,483000000,,10.417221405006488,0.9999999363781497,-0.0002636847973695872,0.00024023149904029873,1.688558517112904e-06,-0.0005273688352125418,0.0004804638764925634,3.2504264062538373e-06
36.492,2857,36,492000000,,10.417221387708086,0.9999999354084974,-0.0002654852750423386,0.00024227611341227586,1.6895338620657381e-06,-0.0005309697844040347,0.0004845531115808288,3.2504264062538373e-06
36.502,2858,36,502000000,,10.417221352519388,0.9999999337838084,-0.00026852302653661227,0.0002456112848227268,1.6911654045763645e-06,-0.0005370452773836589,0.0004912234651076817,3.2504264062538373e-06
36.513,2859,36,513000000,,10.417221322362698,0.9999999325886711,-0.00027076056058147256,0.00024800908835294875,1.692364197070718e-06,-0.0005415203382976271,0.00049601908005928,3.2504264062538373e-06
36.522,2860,36,522000000,,10.417221267812725,0.999999930637807,-0.00027441049326365995,0.0002518340556979518,1.6943190219463413e-06,-0.000548820192249565,0.0005036690276335513,3.2504264062538373e-06
36.532,2861,36,532000000,,10.417221199734621,0.9999999282359477,-0.00027888689253911125,0.0002564124060033995,1.696723170298949e-06,-0.0005577729771943172,0.0005128257440701448,3.2504264062538373e-06
36.544,2862,36,542000000,,10.41722119296416,0.9999999279873172,-0.00027934900233135936,0.00025687860135621986,1.6969718918512772e-06,-0.000558697195396709,0.0005137581364110709,3.2504264062538373e-06
36.552,2863,36,552000000,,10.417221157929784,0.9999999266333781,-0.0002818611979477132,0.00025939278968627416,1.6983258714599682e-06,-0.0005637215791866639,0.0005187865219663187,3.2504264062538373e-06
36.562,2864,36,562000000,,10.417221126858294,0.9999999252954033,-0.0002843292915538603,0.0002618456662033719,1.699663500004499e-06,-0.0005686577591534483,0.0005236922837502478,3.2504264062538373e-06
36.572,2865,36,572000000,,10.417221101582145,0.9999999240869009,-0.00028653752986103066,0.0002640445863163386,1.7008717891597035e-06,-0.0005730742292830194,0.0005280901318165511,3.2504264062538373e-06
36.582,2866,36,582000000,,10.417221082784867,0.9999999231183001,-0.00028827716422255605,0.00026581341990497044,1.7018410432015202e-06,-0.0005765534927917705,0.0005316278051835466,3.2504264062538373e-06
36.607,2867,36,605000000,,10.417221041991342,0.9999999199795429,-0.0002937587601787586,0.00027155808144628584,1.704985665180341e-06,-0.0005875166677899705,0.0005431171478422266,3.2504264062538373e-06
36.607,2868,36,606000000,,10.417221041991342,0.9999999199795429,-0.0002937587601787586,0.00027155808144628584,1.704985665180341e-06,-0.0005875166677899705,0.0005431171478422266,3.2504264062538373e-06
36.613,2869,36,613000000,,10.417221039438182,0.9999999194986807,-0.00029458110747187464,0.0002724365886746106,1.7054677711710635e-06,-0.0005891613597932642,0.0005448741652444678,3.2504264062538373e-06
36.622,2870,36,622000000,,10.417221038031334,0.9999999190175851,-0.0002953999106667499,0.0002733144817523821,1.705950171959258e-06,-0.00059079896360304,0.0005466299543350512,3.2504264062538373e-06
36.633,2871,36,632000000,,10.417221037837777,0.9999999185360462,-0.0002962157175622059,0.0002741919725615449,1.7064330696669962e-06,-0.0005924305748163686,0.0005483849388797626,3.2504264062538373e-06
36.647,2872,36,644000000,,10.417221042354242,0.999999917217588,-0.00029843835319344627,0.00027657991654429423,1.7077551506690312e-06,-0.0005968758390731072,0.0005531608348259481,3.2504264062538373e-06
36.652,2873,36,652000000,,10.417221063304952,0.9999999144366671,-0.0003031408490229532,0.0002814771007891375,1.710540299267201e-06,-0.0006062808164278166,0.0005629552202144754,3.2504264062538373e-06
36.663,2874,36,662000000,,10.417221071188722,0.9999999136562334,-0.00030447244314501333,0.00028280935077399104,1.7113207448866414e-06,-0.000608944000798852,0.0005656197249697273,3.2504264062538373e-06
36.672,2875,36,672000000,,10.41722107728976,0.9999999131080084,-0.00030541285620560275,0.00028373232537179697,1.711868590088013e-06,-0.0006108248242423334,0.0005674656775444379,3.2504264062538373e-06
36.682,2876,36,682000000,,10.41722109352386,0.9999999118240975,-0.00030763343516729665,0.0002858505412589171,1.7131502725395149e-06,-0.0006152659760391745,0.0005717021172950168,3.2504264062538373e-06
36.694,2877,36,691000000,,10.417221125680925,0.999999909803628,-0.0003112175577800284,0.0002890214971954777,1.7151616508082891e-06,-0.0006224342121610101,0.000578044042021197,3.2504264062538373e-06
36.702,2878,36,702000000,,10.417221133210894,0.9999999094166097,-0.0003119161509873348,0.00028960687890233045,1.7155461488695e-06,-0.0006238313969047038,0.0005792148079373936,3.2504264062538373e-06
36.713,2879,36,713000000,,10.417221161799235,0.9999999082057309,-0.0003141292230327164,0.00029139048358156193,1.7167473509286838e-06,-0.0006282575359259681,0.0005827820252170447,3.2504264062538373e-06
36.723,2880,36,722000000,,10.417221211262722,0.9999999066315928,-0.00031703302127576667,0.00029363909263096355,1.7183063719955477e-06,-0.0006340651260559335,0.0005872792537068867,3.2504264062538373e-06
36.732,2881,36,732000000,,10.41722123539654,0.9999999059521241,-0.00031827518310733834,0.0002946076986008588,1.7189794018898974e-06,-0.0006365494469844816,0.0005892164700978691,3.2504264062538373e-06
36.744,2882,36,744000000,,10.417221260926114,0.9999999052805403,-0.0003194911494156004,0.0002955695498981167,1.7196449372744028e-06,-0.0006389813768851248,0.0005911401770551968,3.2504264062538373e-06
36.758,2883,36,753000000,,10.417221314479475,0.9999999040497451,-0.0003216947481875567,0.0002973382389774471,1.7208652307845649e-06,-0.0006433885694363857,0.0005946775631325828,3.2504264062538373e-06
36.762,2884,36,762000000,,10.417221350870081,0.9999999033327401,-0.00032296631707562915,0.0002983694098098729,1.7215763495904498e-06,-0.0006459317043037049,0.0005967399093733511,3.2504264062538373e-06
36.772,2885,36,772000000,,10.417221368077069,0.9999999030199439,-0.0003235188074073261,0.00029881887350527474,1.7218866054594794e-06,-0.0006470366836998984,0.0005976388387536701,3.2504264062538373e-06
36.782,2886,36,782000000,,10.417221457369743,0.9999999015956159,-0.0003260245227138449,0.00030085511384411024,1.7232992233917895e-06,-0.0006520481085804204,0.0006017113284618275,3.2504264062538373e-06
36.794,2887,36,794000000,,10.417221564462958,0.9999999002693417,-0.0003283682719070819,0.00030270878797500973,1.724613038873153e-06,-0.000656735601772098,0.0006054186851719304,3.2504264062538373e-06
36.802,2888,36,802000000,,10.417221661060857,0.9999998993211454,-0.0003300278367760859,0.00030403346617192804,1.7255525835403302e-06,-0.000660054727801509,0.00060806804755701,3.2504264062538373e-06
36.812,2889,36,812000000,,10.417221775148601,0.9999998984185713,-0.0003316039577405561,0.0003052845914249525,1.7264466543161385e-06,-0.0006632069662347281,0.000610570303756872,3.2504264062538373e-06
36.823,2890,36,822000000,,10.417221825038515,0.9999998980734682,-0.0003322044962877019,0.00030576174381694975,1.7267885013341143e-06,-0.0006644080419970529,0.0006115246107117691,3.2504264062538373e-06
36.844,2891,36,839000000,,10.417221998168325,0.9999998970157541,-0.000334028796423747,0.0003072299778394944,1.7278367339773313e-06,-0.0006680566381703744,0.0006144610853599783,3.2504264062538373e-06
36.844,2892,36,844000000,,10.417222029837216,0.9999998968431648,-0.0003343233360094303,0.00030747126831106377,1.728007894236868e-06,-0.0006686457166677246,0.0006149436673707387,3.2504264062538373e-06
36.855,2893,36,853000000,,10.417222053926361,0.9999998967161856,-0.00033453953667042865,0.00030764903731405756,1.7281338403652067e-06,-0.0006690781174930975,0.0006152992061606445,3.2504264062538373e-06
36.862,2894,36,862000000,,10.417222053926361,0.9999998967161856,-0.00033453953667042865,0.00030764903731405756,1.7281338403652067e-06,-0.0006690781174930975,0.0006152992061606445,3.2504264062538373e-06
36.875,2895,36,873000000,,10.417222078309262,0.9999998965913603,-0.00033475164622913893,0.00030782400376721424,1.7282576658534671e-06,-0.00066950233612168,0.0006156491398362548,3.2504264062538373e-06
36.883,2896,36,883000000,,10.41722210298434,0.9999998964686297,-0.0003349597213868075,0.0003079963112846036,1.7283794323394137e-06,-0.0006699184859555339,0.0006159937556259303,3.2504264062538373e-06
36.892,2897,36,892000000,,10.417222136300685,0.9999998963073077,-0.00033523190559727183,0.00030822387232550994,1.7285395496332364e-06,-0.0006704628537401834,0.0006164488786958168,3.2504264062538373e-06
36.904,2898,36,904000000,,10.417222204452962,0.9999998959930434,-0.0003357576833349376,0.00030867084673060093,1.728851681653704e-06,-0.0006715144079643665,0.0006173428294166521,3.2504264062538373e-06
36.913,2899,36,913000000,,10.41722225698341,0.9999998957654964,-0.0003361347230484785,0.00030899749943853457,1.7290778619000004e-06,-0.0006722684864759826,0.000617996136204317,3.2504264062538373e-06
36.922,2900,36,919000000,,10.417222283721507,0.9999998956545672,-0.0003363174026282905,0.00030915767704634646,1.7291881798318546e-06,-0.0006726338451863546,0.0006183164920851044,3.2504264062538373e-06
36.935,2901,36,935000000,,10.41722235659843,0.9999998953686805,-0.0003367846849012992,0.00030957343712567214,1.7294726650491764e-06,-0.0006735684085651986,0.0006191480139468087,3.2504264062538373e-06
36.942,2902,36,942000000,,10.417222412781191,0.9999998951643023,-0.00033711545398207375,0.0003098734636077183,1.7296762057048177e-06,-0.0006742299458834394,0.0006197480681179248,3.2504264062538373e-06
36.955,2903,36,952000000,,10.417222589142366,0.9999998946197618,-0.00033798702925882793,0.00031068028555882363,1.7302189784806736e-06,-0.0006759730941666506,0.0006213617152052966,3.2504264062538373e-06
36.972,2904,36,972000000,,10.417222734210153,0.9999998942804368,-0.0003385251699822458,0.0003111861656982706,1.7305574209548242e-06,-0.0006770493741891705,0.0006223734774533639,3.2504264062538373e-06
36.972,2905,36,972000000,,10.417222734210153,0.9999998942804368,-0.0003385251699822458,0.0003111861656982706,1.7305574209548242e-06,-0.0006770493741891705,0.0006223734774533639,3.2504264062538373e-06
36.987,2906,36,987000000,,10.417223034258683,0.99999989383305,-0.0003392172557152949,0.0003118694372128278,1.7310045653864395e-06,-0.0006784335437252478,0.000623740023022948,3.2504264062538373e-06
37.0,2907,37,0,,10.417223238674051,0.9999998937032246,-0.00033940841190305455,0.0003120776708065876,1.7311348572087578e-06,-0.0006788158555086174,0.0006241564909165182,3.2504264062538373e-06
37.009,2908,37,9000000,,10.417223493854845,0.9999998936844768,-0.0003394085852255053,0.000312137550585436,1.731155234922974e-06,-0.0006788162019716074,0.0006242762504875457,3.2504264062538373e-06
37.018,2909,37,18000000,,10.417223546672341,0.9999998936964393,-0.0003393807499930008,0.0003121294919344417,1.7311438115450905e-06,-0.0006787605315251669,0.0006242601330874699,3.2504264062538373e-06
37.023,2910,37,22000000,,10.417223586666658,0.9999998937087946,-0.00033935378500015134,0.0003121192258972575,1.7311319111551742e-06,-0.0006787066015649298,0.0006242396009175589,3.2504264062538373e-06
37.032,2911,37,32000000,,10.417223722265117,0.9999998937700366,-0.00033922699094842475,0.000312060839196912,1.7310725299553636e-06,-0.0006784530136119474,0.0006241228270654727,3.2504264062538373e-06
37.045,2912,37,45000000,,10.417224003225542,0.9999998939770959,-0.0003388112138023395,0.00031184894181390333,1.7308709890306208e-06,-0.0006776214598754662,0.0006236990308150836,3.2504264062538373e-06
37.052,2913,37,52000000,,10.417224304539397,0.9999998942670728,-0.00033817872196792003,0.0003116055201540796,1.7305914270573563e-06,-0.0006763564768125502,0.0006232121852545445,3.2504264062538373e-06
37.063,2914,37,62000000,,10.417224404832417,0.9999998943676582,-0.00033793250448846434,0.0003115498360252434,1.730495886783108e-06,-0.0006758640419708649,0.0006231008161329223,3.2504264062538373e-06
37.075,2915,37,72000000,,10.417224433551194,0.9999998943969276,-0.0003378588529339815,0.0003115357680173589,1.7304681876272953e-06,-0.0006757167388891072,0.0006230726798592763,3.2504264062538373e-06
37.084,2916,37,81000000,,10.417224447925243,0.9999998944116708,-0.00033782146066344134,0.00031152899309098417,1.7304542498687874e-06,-0.0006756419543607253,0.0006230591298756842,3.2504264062538373e-06
37.093,2917,37,91000000,,10.417224548812557,0.9999998945167444,-0.0003375492935042957,0.00031148672621585745,1.7303551946472296e-06,-0.0006750976201134818,0.0006229745951745908,3.2504264062538373e-06
37.103,2918,37,102000000,,10.417224840081412,0.9999998948418699,-0.0003366700580284707,0.00031139448982318754,1.7300502708277197e-06,-0.0006733391492570731,0.000622790119327311,3.2504264062538373e-06
37.112,2919,37,112000000,,10.41722503210246,0.999999895098299,-0.00033600222802294044,0.0003112923091761642,1.7298079790565623e-06,-0.0006720034894164626,0.000622585755701203,3.2504264062538373e-06
37.122,2920,37,122000000,,10.417225287035981,0.9999998955103812,-0.0003349986574820247,0.0003110500528674853,1.7294144194633984e-06,-0.0006699963488613519,0.0006221012395615462,3.2504264062538373e-06
37.132,2921,37,132000000,,10.41722559308823,0.9999998960980572,-0.0003336397169862135,0.00031062103165613964,1.7288485822265994e-06,-0.0006672784688918808,0.0006212431923498788,3.2504264062538373e-06
37.143,2922,37,143000000,,10.417225701797086,0.999999896327786,-0.0003331191617567207,0.00031044009599053924,1.7286266136320049e-06,-0.0006662373588754997,0.0006208813191813145,3.2504264062538373e-06
37.152,2923,37,152000000,,10.417225764282849,0.999999896464337,-0.00033281124454219527,0.00031033047418334037,1.7284945403837607e-06,-0.000665621524716307,0.0006206620744796954,3.2504264062538373e-06
37.162,2924,37,162000000,,10.417225874231669,0.9999998967131316,-0.0003322532160820574,0.00031012665136613744,1.7282536463167332e-06,-0.0006645054683010793,0.0006202544268741713,3.2504264062538373e-06
37.175,2925,37,175000000,,10.417226047867961,0.9999998971261181,-0.00033132302366788646,0.0003097899641720664,1.7278536165625591e-06,-0.0006626450843061001,0.0006195810492017743,3.2504264062538373e-06
37.182,2926,37,182000000,,10.41722612713133,0.9999998973221568,-0.00033087927427728785,0.0003096313890497514,1.7276636781944002e-06,-0.0006617575859166064,0.0006192638973911658,3.2504264062538373e-06
37.201,2927,37,201000000,,10.417226286349464,0.9999998977294312,-0.00032995404178790607,0.0003093032073319613,1.7272689122055277e-06,-0.0006599071217478381,0.000618607530691711,3.2504264062538373e-06
37.202,2928,37,202000000,,10.417226286349464,0.9999998977294312,-0.00032995404178790607,0.0003093032073319613,1.7272689122055277e-06,-0.0006599071217478381,0.000618607530691711,3.2504264062538373e-06
37.213,2929,37,213000000,,10.41722638234701,0.9999998979833143,-0.000329375445771638,0.000309099003862073,1.7270226909398473e-06,-0.0006587499302192236,0.0006181991217115797,3.2504264062538373e-06
37.225,2930,37,224000000,,10.417226575421683,0.9999998985118237,-0.00032816707797529303,0.0003086741494548093,1.726509762316622e-06,-0.000656333195675299,0.000617349408637457,3.2504264062538373e-06
37.232,2931,37,232000000,,10.417226818646409,0.999999899209663,-0.00032656284228860233,0.00030811425716350047,1.7258317360618114e-06,-0.0006531247256842626,0.0006162296184032184,3.2504264062538373e-06
37.244,2932,37,244000000,,10.417226965401507,0.9999998996472228,-0.00032555127963350156,0.0003077644094943844,1.7254061657318952e-06,-0.0006511016012374985,0.0006155299195034751,3.2504264062538373e-06
37.254,2933,37,252000000,,10.41722701439263,0.9999998997960998,-0.0003252060728047168,0.00030764561451289267,1.725261290472923e-06,-0.000650411187873044,0.0006152923283254731,3.2504264062538373e-06
37.264,2934,37,262000000,,10.417227177867604,0.9999999003027641,-0.0003240272921250375,0.00030724225162192463,1.7247679430639155e-06,-0.0006480536275086413,0.0006144855983960784,3.2504264062538373e-06
37.279,2935,37,269000000,,10.417227243243046,0.9999999005091272,-0.0003235446108576147,0.00030707921838328593,1.7245668944083613e-06,-0.0006470882653751527,0.000614159530221398,3.2504264062538373e-06
37.285,2936,37,284000000,,10.417227635699565,0.9999999017914449,-0.0003205219948806989,0.00030607153018482626,1.7233157252991293e-06,-0.0006410430359002157,0.0006121441432036429,3.2504264062538373e-06
37.292,2937,37,292000000,,10.417227717546885,0.9999999020693734,-0.0003198658587576453,0.00030584981160175815,1.7230439804423927e-06,-0.0006397307642026558,0.0006117007037327386,3.2504264062538373e-06
37.302,2938,37,302000000,,10.417228044971917,0.9999999032174958,-0.00031714819212770427,0.00030492467639873036,1.7219193774080703e-06,-0.0006342954332407381,0.0006098504237842923,3.2504264062538373e-06
37.312,2939,37,312000000,,10.417228143015588,0.9999999035720984,-0.00031630447727015124,0.00030463799459005145,1.7215714291123898e-06,-0.0006326080042391121,0.0006092770572062214,3.2504264062538373e-06
37.322,2940,37,322000000,,10.417228208256585,0.999999903810608,-0.00031573535278974873,0.00030444539568982626,1.7213372418384671e-06,-0.0006314697557576435,0.0006088918574092305,3.2504264062538373e-06
37.332,2941,37,332000000,,10.417228647733623,0.9999999054723748,-0.00031174314363335343,0.00030309816340244627,1.7197018413591477e-06,-0.0006234853408057856,0.000606197378840199,3.2504264062538373e-06
37.342,2942,37,342000000,,10.417228908263482,0.9999999065041478,-0.00030924586752176583,0.00030225111311868886,1.7186829745534842e-06,-0.0006184907907071449,0.0006045032695268285,3.2504264062538373e-06
37.366,2943,37,360000000,,10.41722895707687,0.9999999067012157,-0.00030876675001121647,0.0003020888959250764,1.7184880734387126e-06,-0.0006175325560935339,0.0006041788334624944,3.2504264062538373e-06
37.366,2944,37,365000000,,10.41722895707687,0.9999999067012157,-0.00030876675001121647,0.0003020888959250764,1.7184880734387126e-06,-0.0006175325560935339,0.0006041788334624944,3.2504264062538373e-06
37.379,2945,37,378000000,,10.41722897334459,0.9999999067671476,-0.00030860628005449707,0.0003020346128044607,1.7184228451219447e-06,-0.0006172116163164836,0.0006040702666596164,3.2504264062538373e-06
37.387,2946,37,383000000,,10.417229022130929,0.9999999069656577,-0.000308122446436713,0.0003018712998314304,1.7182263901909267e-06,-0.00061624394949122,0.0006037436390203705,3.2504264062538373e-06
37.392,2947,37,392000000,,10.417229070891441,0.9999999071652258,-0.00030763498573520374,0.000301707314842536,1.7180287922361015e-06,-0.000615269028500148,0.0006034156673370632,3.2504264062538373e-06
37.4,2948,37,402000000,,10.41722908713914,0.9999999072319805,-0.00030747169470558724,0.0003016525085056587,1.717962674727403e-06,-0.0006149424465785825,0.00060330605409207,3.2504264062538373e-06
37.412,2949,37,412000000,,10.417229103383946,0.9999999072988504,-0.0003073080023160884,0.0003015976312666254,1.7178964322793719e-06,-0.0006146150619374242,0.0006031962990414015,3.2504264062538373e-06
37.423,2950,37,423000000,,10.417229135863577,0.9999999074329982,-0.00030697925535321587,0.00030148761361581687,1.7177635098104737e-06,-0.0006139575682879998,0.0006029762625899395,3.2504264062538373e-06
37.432,2951,37,429000000,,10.417229249436248,0.9999999079066298,-0.00030581454433270446,0.00030110006210787467,1.7172938448787905e-06,-0.000611628147220061,0.0006022011555016423,3.2504264062538373e-06
37.443,2952,37,443000000,,10.41722931426452,0.9999999081800176,-0.0003051393436774076,0.0003008770334142868,1.7170224870323585e-06,-0.0006102777464692181,0.0006017550957545969,3.2504264062538373e-06
37.455,2953,37,455000000,,10.417229395240245,0.9999999085244436,-0.00030428573896689327,0.00030059665102274524,1.7166803405416262e-06,-0.0006085705377517072,0.0006011943279890971,3.2504264062538373e-06
37.464,2954,37,464000000,,10.417229427615132,0.9999999086630289,-0.0003039413688022414,0.000300483995838414,1.7165425834221062e-06,-0.0006078817977050345,0.0006009690164175409,3.2504264062538373e-06
37.48,2955,37,475000000,,10.41722947616396,0.9999999088717587,-0.0003034217359826448,0.00030031446664918705,1.7163350031890677e-06,-0.0006068425324911404,0.0006006299562243186,3.2504264062538373e-06
37.495,2956,37,484000000,,10.41722947616396,0.9999999088717587,-0.0003034217359826448,0.00030031446664918705,1.7163350031890677e-06,-0.0006068425324911404,0.0006006299562243186,3.2504264062538373e-06
37.495,2957,37,492000000,,10.41722947616396,0.9999999088717587,-0.0003034217359826448,0.00030031446664918705,1.7163350031890677e-06,-0.0006068425324911404,0.0006006299562243186,3.2504264062538373e-06
37.503,2958,37,502000000,,10.41722947616396,0.9999999088717587,-0.0003034217359826448,0.00030031446664918705,1.7163350031890677e-06,-0.0006068425324911404,0.0006006299562243186,3.2504264062538373e-06
37.513,2959,37,513000000,,10.41722968641428,0.9999999097875353,-0.0003011288471710206,0.0002995720213849024,1.7154228436156238e-06,-0.0006022567567307477,0.0005991450576924794,3.2504264062538373e-06
37.522,2960,37,522000000,,10.41722984805328,0.9999999105036068,-0.00029932189446654696,0.00029899204289588757,1.7147079307173757e-06,-0.0005986428527780384,0.0005979850944121417,3.2504264062538373e-06
37.535,2961,37,534000000,,10.417229912682737,0.9999999107926506,-0.00029858907745391084,0.0002987579528694587,1.714418927470086e-06,-0.0005971772193408734,0.0005975169118045298,3.2504264062538373e-06
37.543,2962,37,543000000,,10.417230202971437,0.9999999121099645,-0.00029522254554410597,0.0002976924204299894,1.7130985797806116e-06,-0.0005904441581998241,0.0005953858351980515,3.2504264062538373e-06
37.553,2963,37,550000000,,10.417230202971437,0.9999999121099645,-0.00029522254554410597,0.0002976924204299894,1.7130985797806116e-06,-0.0005904441581998241,0.0005953858351980515,3.2504264062538373e-06
37.564,2964,37,562000000,,10.417230267209634,0.9999999124060304,-0.00029445931790860044,0.00029745370746394614,1.712801081369841e-06,-0.0005889177035289139,0.0005949084066093343,3.2504264062538373e-06
37.573,2965,37,574000000,,10.417230395253071,0.999999913001353,-0.00029291683557302115,0.00029697488480071564,1.7122020089144855e-06,-0.0005858327400612448,0.0005939507559162702,3.2504264062538373e-06
37.588,2966,37,587000000,,10.41723041121473,0.9999999130760439,-0.00029272257466491286,0.00029691491694912195,1.7121267643411e-06,-0.0005854442183957355,0.0005938308195374399,3.2504264062538373e-06
37.588,2967,37,592000000,,10.417230522682534,0.9999999136005303,-0.00029135387129778625,0.00029649439138490366,1.7115978540108512e-06,-0.0005827068127182728,0.0005929897636500551,3.2504264062538373e-06
37.603,2968,37,602000000,,10.417230522682534,0.9999999136005303,-0.00029135387129778625,0.00029649439138490366,1.7115978540108512e-06,-0.0005827068127182728,0.0005929897636500551,3.2504264062538373e-06
37.613,2969,37,612000000,,10.417230807454589,0.9999999149617841,-0.0002877655614845357,0.0002954056219259196,1.7102206295696724e-06,-0.0005755301958289872,0.0005908122122668974,3.2504264062538373e-06
37.624,2970,37,623000000,,10.417231183270408,0.9999999168004827,-0.00028284009165204584,0.0002939346728161488,1.7083495742270356e-06,-0.0005656792598692895,0.0005878702969618465,3.2504264062538373e-06
37.637,2971,37,632000000,,10.417231613093946,0.9999999189656643,-0.0002769118681013128,0.0002922080960824495,1.70612895359921e-06,-0.0005538228171231452,0.0005844171229691312,3.2504264062538373e-06
37.645,2972,37,643000000,,10.417231794120001,0.9999999198974113,-0.00027431326448148135,0.0002914695463560065,1.7051670263309983e-06,-0.00054862561174656,0.0005829400145326368,3.2504264062538373e-06
37.652,2973,37,652000000,,10.41723189907917,0.999999920441761,-0.00027278217555842045,0.00029103857271290957,1.7046031984521378e-06,-0.0005455634349881671,0.0005820780619569743,3.2504264062538373e-06
37.663,2974,37,662000000,,10.4172320782316,0.9999999213767665,-0.0002701314983492081,0.0002902973167296861,1.7036315122815076e-06,-0.0005402620824428938,0.0005805955408391498,3.2504264062538373e-06
37.672,2975,37,672000000,,10.417232650500747,0.9999999244265303,-0.00026128749597340354,0.00028787651322843236,1.700431595549551e-06,-0.0005225740838244756,0.0005757539033579266,3.2504264062538373e-06
37.697,2976,37,682000000,,10.417232979806721,0.9999999262282309,-0.0002559051809509125,0.00028644927367399274,1.6985169149308194e-06,-0.0005118094574028906,0.0005728994057417108,3.2504264062538373e-06
37.708,2977,37,692000000,,10.417232979806721,0.9999999262282309,-0.0002559051809509125,0.00028644927367399274,1.6985169149308194e-06,-0.0005118094574028906,0.0005728994057417108,3.2504264062538373e-06
37.708,2978,37,692000000,,10.417232979806721,0.9999999262282309,-0.0002559051809509125,0.00028644927367399274,1.6985169149308194e-06,-0.0005118094574028906,0.0005728994057417108,3.2504264062538373e-06
37.715,2979,37,713000000,,10.417233705829133,0.9999999302852292,-0.0002433351308481436,0.00028322196411490884,1.6941309141943141e-06,-0.0004866693654253222,0.0005664447435149874,3.2504264062538373e-06
37.724,2980,37,722000000,,10.417233719460906,0.9999999303627543,-0.00024308786811217406,0.0002831605645845111,1.6940459584514159e-06,-0.0004861748401100447,0.000566321943607866,3.2504264062538373e-06
37.732,2981,37,732000000,,10.417233922804535,0.9999999315230138,-0.00023935460599226922,0.00028224187292746016,1.6927689523976057e-06,-0.0004787083182154889,0.000564484547523022,3.2504264062538373e-06
37.742,2982,37,742000000,,10.417234084133035,0.999999932447607,-0.0002363358647437523,0.00028150893137416706,1.6917437165466327e-06,-0.00047267083759193403,0.0005630186540997724,3.2504264062538373e-06
37.753,2983,37,753000000,,10.41723423056981,0.9999999332925826,-0.00023354173558134175,0.00028083843986837154,1.690800556215228e-06,-0.000467082580982792,0.0005616776615469009,3.2504264062538373e-06
37.763,2984,37,762000000,,10.417234270200298,0.9999999335226322,-0.0002327746648116529,0.0002806560687676431,1.6905426818118937e-06,-0.00046554843991016465,0.0005613129167274261,3.2504264062538373e-06
37.772,2985,37,772000000,,10.417234309680255,0.9999999337525222,-0.0002320052504713851,0.0002804739880757714,1.690284497257736e-06,-0.00046400961169560924,0.0005609487527182599,3.2504264062538373e-06
37.783,2986,37,782000000,,10.417234375146311,0.9999999341352591,-0.0002307177509717897,0.0002801712714761084,1.6898535449217202e-06,-0.00046143461347102337,0.0005603433151270168,3.2504264062538373e-06
37.794,2987,37,794000000,,10.417234797006948,0.9999999366417126,-0.00022207234144399642,0.00027820424180354105,1.6869945258102364e-06,-0.00044414379944343076,0.0005564092263335443,3.2504264062538373e-06
37.802,2988,37,802000000,,10.417234859543772,0.9999999370177562,-0.00022074267237800165,0.0002779106179697796,1.6865597907951413e-06,-0.0004414844620617069,0.0005558219741432152,3.2504264062538373e-06
37.813,2989,37,812000000,,10.417234946506039,0.9999999375422683,-0.00021887369081138272,0.000277501215204749,1.6859507732952305e-06,-0.00043774649997478714,0.0005550031622586408,3.2504264062538373e-06
37.827,2990,37,820000000,,10.417235008176721,0.9999999379154402,-0.0002175336197630037,0.0002772100271460229,1.6855155586272596e-06,-0.0004350663586223811,0.0005544207815869202,3.2504264062538373e-06
37.833,2991,37,833000000,,10.417235118179073,0.999999938583827,-0.00021511109696745087,0.0002766888506869727,1.6847318999411558e-06,-0.00043022131436370537,0.0005533784204399564,3.2504264062538373e-06
37.844,2992,37,844000000,,10.417235214823252,0.9999999391741492,-0.0002129465008531102,0.0002762293431115498,1.6840351295887033e-06,-0.0004258921233096498,0.0005524593979409222,3.2504264062538373e-06
37.859,2993,37,852000000,,10.41723523881656,0.999999939321148,-0.00021240367625019512,0.0002761150907828415,1.6838609178375806e-06,-0.00042480647439581436,0.0005522308914414469,3.2504264062538373e-06
37.862,2994,37,862000000,,10.417235415806243,0.9999999404160023,-0.00020830877992273415,0.00027526825672396095,1.6825538517930486e-06,-0.00041661668390281196,0.000550537209436734,3.2504264062538373e-06
37.872,2995,37,872000000,,10.417235415806243,0.9999999404160023,-0.00020830877992273415,0.00027526825672396095,1.6825538517930486e-06,-0.00041661668390281196,0.000550537209436734,3.2504264062538373e-06
37.882,2996,37,882000000,,10.417235496685262,0.9999999409221406,-0.0002063835913701427,0.00027487942743334025,1.6819436603185466e-06,-0.00041276630778870084,0.0005497595443320635,3.2504264062538373e-06
37.895,2997,37,892000000,,10.417235508152928,0.9999999409941723,-0.00020610792782767786,0.000274824207909202,1.6818565048725034e-06,-0.00041221498084444787,0.0005496491043499897,3.2504264062538373e-06
37.902,2998,37,902000000,,10.417235565160523,0.9999999413532255,-0.0002047275817121235,0.0002745493321806286,1.6814208775628997e-06,-0.0004094542893133889,0.0005490993482180174,3.2504264062538373e-06
37.912,2999,37,912000000,,10.417235677556937,0.9999999420657602,-0.00020195742531800486,0.00027400520206104353,1.6805504415785838e-06,-0.0004039139779101825,0.0005480110786022298,3.2504264062538373e-06
37.924,3000,37,922000000,,10.4172357659176,0.9999999426303502,-0.0001997331211646674,0.00027357477024111027,1.6798549989561596e-06,-0.0003994653706987988,0.0005471502074381717,3.2504264062538373e-06
37.924,3001,37,932000000,,10.417235874068012,0.9999999433288261,-0.00019694455851405852,0.0002730427924830205,1.6789873481676966e-06,-0.00039388824675106956,0.0005460862424949866,3.2504264062538373e-06
37.942,3002,37,942000000,,10.417235884726752,0.9999999433981971,-0.00019666530490649686,0.00027299000284191385,1.6789007180643302e-06,-0.0003933297396702318,0.0005459806622690915,3.2504264062538373e-06
37.952,3003,37,952000000,,10.417235937594555,0.9999999437437901,-0.00019526777030334842,0.00027272714794443985,1.6784678778609962e-06,-0.0003905346711325,0.0005454549477524407,3.2504264062538373e-06
37.962,3004,37,962000000,,10.417235989763714,0.999999944087277,-0.00019386800017717043,0.0002724661917537993,1.678035531353635e-06,-0.0003877351315436787,0.0005449330306435565,3.2504264062538373e-06
37.972,3005,37,972000000,,10.417236041254355,0.9999999444286559,-0.00019246582262814552,0.00027220723361059675,1.6776036446462554e-06,-0.0003849307771037949,0.0005444151096230808,3.2504264062538373e-06
37.982,3006,37,982000000,,10.417236041254355,0.9999999444286559,-0.00019246582262814552,0.00027220723361059675,1.6776036446462554e-06,-0.0003849307771037949,0.0005444151096230808,3.2504264062538373e-06
37.993,3007,37,992000000,,10.417236152300482,0.9999999451722749,-0.00018937191961603957,0.0002716448273230285,1.6766549576026819e-06,-0.0003787429725077051,0.0005432902866081092,3.2504264062538373e-06
38.002,3008,38,2000000,,10.41723625087809,0.9999999458394784,-0.00018654821991551045,0.00027114201799058644,1.675794115721012e-06,-0.00037309557438196256,0.0005422846584221191,3.2504264062538373e-06
38.012,3009,38,12000000,,10.417236318716347,0.9999999463015492,-0.00018456580404644036,0.0002707943064551696,1.6751924236285283e-06,-0.0003691307435252577,0.0005415892286707346,3.2504264062538373e-06
38.022,3010,38,22000000,,10.417236366629371,0.9999999466290839,-0.000183147224503013,0.00027054781293220993,1.6747631356224649e-06,-0.0003662935850632003,0.0005410962368462461,3.2504264062538373e-06
38.032,3011,38,32000000,,10.417236470308463,0.9999999473420039,-0.0001800206863515499,0.00027001062969430185,1.673820553168611e-06,-0.00036004051012213887,0.0005400218598440029,3.2504264062538373e-06
38.042,3012,38,42000000,,10.417236534961733,0.9999999477901302,-0.00017802842962283774,0.00026967168048056374,1.6732222798918064e-06,-0.0003560559975247842,0.000539343954712815,3.2504264062538373e-06
38.052,3013,38,52000000,,10.417236571409354,0.9999999480441731,-0.00017688940007986914,0.00026947911344284386,1.6728810527077324e-06,-0.0003537779389277062,0.0005389588168060067,3.2504264062538373e-06
38.062,3014,38,62000000,,10.417236634319687,0.9999999484851914,-0.00017489459598330013,0.00026914438251704324,1.672284951855826e-06,-0.00034978833158448244,0.0005382893482468215,3.2504264062538373e-06
38.082,3015,38,81000000,,10.417236730981122,0.9999999491690835,-0.0001717544055482707,0.00026862513142452695,1.6713506032939726e-06,-0.0003435079520324492,0.0005372508355089978,3.2504264062538373e-06
38.085,3016,38,82000000,,10.417236850532435,0.999999950023951,-0.00016774376534187886,0.0002679763707387788,1.6701644186247078e-06,-0.00033548667326505196,0.0005359533006704952,3.2504264062538373e-06
38.092,3017,38,92000000,,10.417237065365125,0.999999951568539,-0.0001602487788061549,0.0002667966762666427,1.6679668941000756e-06,-0.000320496703187201,0.0005335938865909202,3.2504264062538373e-06
38.103,3018,38,102000000,,10.417237073470051,0.9999999516267928,-0.00015995963913448437,0.0002667518399632929,1.6678825805743079e-06,-0.0003199184239577785,0.000533504213015354,3.2504264062538373e-06
38.113,3019,38,113000000,,10.41723712985587,0.9999999520320751,-0.00015793418222876464,0.0002664392267599383,1.667292913744862e-06,-0.00031586751094084893,0.0005328789798232749,3.2504264062538373e-06
38.122,3020,38,122000000,,10.417237177673185,0.9999999523759657,-0.0001561957913359116,0.0002661731822816175,1.666788183054925e-06,-0.00031239072983147884,0.0005323468850452667,3.2504264062538373e-06
38.133,3021,38,133000000,,10.417237310445982,0.9999999533335682,-0.0001512527838727046,0.00026542924412416215,1.6653599639337788e-06,-0.00030250471679635414,0.0005308589921893882,3.2504264062538373e-06
38.143,3022,38,141000000,,10.417237310445982,0.9999999533335682,-0.0001512527838727046,0.00026542924412416215,1.6653599639337788e-06,-0.00030250471679635414,0.0005308589921893882,3.2504264062538373e-06
38.152,3023,38,152000000,,10.417237310445982,0.9999999533335682,-0.0001512527838727046,0.00026542924412416215,1.6653599639337788e-06,-0.00030250471679635414,0.0005308589921893882,3.2504264062538373e-06
38.162,3024,38,162000000,,10.417237424381183,0.9999999541575441,-0.00014686725856336824,0.0002647869881563765,1.6641015905695421e-06,-0.00029373366780886454,0.0005295744655929729,3.2504264062538373e-06
38.172,3025,38,172000000,,10.41723749911524,0.9999999546957766,-0.00014393227596449905,0.00026436561486668396,1.66326379594141e-06,-0.000287863703680855,0.0005287317092094249,3.2504264062538373e-06
38.184,3026,38,184000000,,10.41723761739736,0.9999999555392941,-0.0001392186907665922,0.0002636983204196463,1.6619247859159219e-06,-0.0002784365349810732,0.0005273971045819001,3.2504264062538373e-06
38.194,3027,38,194000000,,10.417237675876013,0.9999999559528227,-0.00013685394733913312,0.0002633677847251045,1.6612559717809073e-06,-0.00027370704896720544,0.0005267360253050936,3.2504264062538373e-06
38.203,3028,38,200000000,,10.417237697574592,0.9999999561061246,-0.00013596684999486717,0.0002632451438810962,1.6610056637735405e-06,-0.0002719328545904911,0.0005264907406591229,3.2504264062538373e-06
38.212,3029,38,210000000,,10.417237733414435,0.9999999563594022,-0.0001344880033637096,0.00026304260755903727,1.660589125781383e-06,-0.0002689751618426495,0.0005260856630851477,3.2504264062538373e-06
38.223,3030,38,223000000,,10.417237754715536,0.9999999565100404,-0.0001336003453799482,0.00026292224826772714,1.6603395538125932e-06,-0.00026719984618052276,0.0005258449415441921,3.2504264062538373e-06
38.232,3031,38,232000000,,10.417237761781376,0.9999999565600328,-0.00013330438119288335,0.0002628823274288443,1.6602564166020125e-06,-0.00026660791790762505,0.0005257650988801789,3.2504264062538373e-06
38.242,3032,38,242000000,,10.417237879375845,0.9999999573931343,-0.0001282650132315108,0.0002622194966728942,1.658846637515984e-06,-0.00025652918366026893,0.0005244394205850733,3.2504264062538373e-06
38.252,3033,38,252000000,,10.417237926607342,0.9999999577271583,-0.00012618432167786246,0.00026195505094646853,1.6582676705914421e-06,-0.0002523678012183023,0.0005239105222078854,3.2504264062538373e-06
38.262,3034,38,262000000,,10.417237960009317,0.9999999579625538,-0.0001246962862859705,0.00026176894051659885,1.6578546648342196e-06,-0.00024939173090178166,0.0005235382963979485,3.2504264062538373e-06
38.272,3035,38,272000000,,10.417238006364661,0.9999999582876501,-0.00012261104916027506,0.00026151191605140766,1.6572773003558936e-06,-0.00024522125729457345,0.0005230242405332056,3.2504264062538373e-06
38.282,3036,38,282000000,,10.417238148675008,0.9999999592750687,-0.00011604996105351055,0.0002607288383154539,1.6554706211122472e-06,-0.0002320990830367838,0.0005214580632615317,3.2504264062538373e-06
38.292,3037,38,292000000,,10.417238260053535,0.999999960043043,-0.00011067650240658767,0.00026011898959900923,1.6540021092610055e-06,-0.0002213521672557115,0.0005202383479961344,3.2504264062538373e-06
38.303,3038,38,302000000,,10.4172383371021,0.999999960574199,-0.00010678837164214093,0.00025970196776966794,1.6529461993174987e-06,-0.00021357590675012605,0.0005194042914465046,3.2504264062538373e-06
38.313,3039,38,312000000,,10.417238377600583,0.999999960852,-0.00010469160224172939,0.00025948590829420124,1.6523790444488176e-06,-0.00020938236847498849,0.0005189721655480908,3.2504264062538373e-06
38.322,3040,38,322000000,,10.417238406160255,0.999999961046935,-0.00010319301152257582,0.00025933492236084195,1.6519746004985005e-06,-0.00020638518740227467,0.000518670188717707,3.2504264062538373e-06
38.332,3041,38,332000000,,10.417238489787964,0.9999999616142071,-9.869722366261888e-05,0.0002588971173704082,1.6507654753197782e-06,-0.00019739361273485073,0.000517794563854567,3.2504264062538373e-06
38.342,3042,38,342000000,,10.41723850066498,0.9999999616878071,-9.809831765011938e-05,0.0002588404525994794,1.6506048615285796e-06,-0.000196195800845218,0.000517681232331153,3.2504264062538373e-06
38.352,3043,38,352000000,,10.417238527542123,0.9999999618697112,-9.660176683425489e-05,0.0002587005053830778,1.6502039744095844e-06,-0.00019320269954693469,0.0005174013329478242,3.2504264062538373e-06
38.362,3044,38,362000000,,10.417238605276893,0.9999999623975262,-9.211822388117764e-05,0.0002582952962250341,1.6490067521987062e-06,-0.00018423561459860282,0.0005165908998089014,3.2504264062538373e-06
38.373,3045,38,373000000,,10.41723863023551,0.9999999625675406,-9.062547350877877e-05,0.0002581651080087349,1.6486093833536536e-06,-0.00018125011415882878,0.0005163305184440172,3.2504264062538373e-06
38.383,3046,38,382000000,,10.417238693284473,0.9999999629958758,-8.67470558431194e-05,0.00025783809059803307,1.6475797432447442e-06,-0.00017349327958682511,0.0005156764708142765,3.2504264062538373e-06
38.392,3047,38,391000000,,10.41723874500509,0.9999999633429624,-8.346768439536574e-05,0.00025757427636845665,1.646712176247765e-06,-0.00016693453729571517,0.0005151488315324861,3.2504264062538373e-06
38.402,3048,38,402000000,,10.417238754262915,0.9999999634045688,-8.287168765427658e-05,0.00025752753929971926,1.646554789609745e-06,-0.00016574254391979495,0.0005150553554288114,3.2504264062538373e-06
38.415,3049,38,414000000,,10.417238830495627,0.9999999639079972,-7.781443891919611e-05,0.00025715017185958986,1.6452230439060857e-06,-0.00015562804729308462,0.0005143006038737891,3.2504264062538373e-06
38.422,3050,38,422000000,,10.417238856145389,0.9999999640767959,-7.603485482461215e-05,0.00025702607407660877,1.644755987706331e-06,-0.00015206887937423223,0.0005140524024440959,3.2504264062538373e-06
38.432,3051,38,432000000,,10.417238885158364,0.9999999642681696,-7.39622881695658e-05,0.0002568862320993246,1.6442129409025358e-06,-0.00014792374636479836,0.0005137727116629005,3.2504264062538373e-06
38.442,3052,38,442000000,,10.417238925011034,0.9999999645319458,-7.100626431987173e-05,0.0002566934291687403,1.6434398887186823e-06,-0.00014201169907447598,0.0005133870960696255,3.2504264062538373e-06
38.452,3053,38,452000000,,10.417238989438957,0.9999999649563162,-6.598849521358255e-05,0.00025637899394590256,1.6421311110339226e-06,-0.00013197616151913166,0.0005127582091155465,3.2504264062538373e-06
38.462,3054,38,462000000,,10.417238996804247,0.999999965004225,-6.539894210132633e-05,0.00025634319037262724,1.6419776204599355e-06,-0.00013079705536850133,0.0005126866000303317,3.2504264062538373e-06
38.472,3055,38,472000000,,10.417239029552954,0.9999999652146201,-6.274741297386148e-05,0.0002561851421743824,1.6412880018023228e-06,-0.00012549399743709582,0.0005123704949171394,3.2504264062538373e-06
38.482,3056,38,482000000,,10.417239051038734,0.9999999653501597,-6.0981275084969795e-05,0.0002560825479800274,1.640829287123849e-06,-0.00012196172186691412,0.0005121653007246344,3.2504264062538373e-06
38.492,3057,38,492000000,,10.41723907219204,0.9999999654818894,-5.921695021407341e-05,0.0002559821909555527,1.6403715314136184e-06,-0.00011843307232621157,0.0005119645808796398,3.2504264062538373e-06
38.503,3058,38,503000000,,10.417239112970664,0.9999999657335598,-5.569764100456447e-05,0.00025578890513298805,1.6394598852446252e-06,-0.00011139445428772328,0.0005115779976784759,3.2504264062538373e-06
38.512,3059,38,511000000,,10.417239122797364,0.99999996579406,-5.481990504061584e-05,0.00025574199854581567,1.639232798679795e-06,-0.00010963898245087061,0.0005114841816230929,3.2504264062538373e-06
38.522,3060,38,522000000,,10.417239141982051,0.9999999659122564,-5.306675858292321e-05,0.00025564960313836585,1.6387795423205662e-06,-0.00010613268971354235,0.0005112993850550478,3.2504264062538373e-06
38.534,3061,38,534000000,,10.417239160569805,0.9999999660269017,-5.131582644429576e-05,0.000255558598674447,1.6383272471929055e-06,-0.00010263082561050298,0.0005111173703830249,3.2504264062538373e-06
38.542,3062,38,542000000,,10.417239172659079,0.9999999661013967,-5.0149747012032185e-05,0.0002554985814485423,1.6380262356860078e-06,-0.00010029866686036393,0.0005109973321066537,3.2504264062538373e-06
38.552,3063,38,552000000,,10.41723918156648,0.9999999661562615,-4.927625621428536e-05,0.0002554538002697094,1.637800853354311e-06,-9.855168535012316e-05,0.0005109077668845495,3.2504264062538373e-06
38.562,3064,38,562000000,,10.417239196141642,0.9999999662457999,-4.7822522996931296e-05,0.0002553795688828924,1.6374259417111152e-06,-9.564421905659655e-05,0.0005107592993445919,3.2504264062538373e-06
38.572,3065,38,572000000,,10.417239213282537,0.9999999663501679,-4.608080414430332e-05,0.00025529109470885815,1.6369770653011938e-06,-9.21607815194093e-05,0.0005105823452874706,3.2504264062538373e-06
38.611,3066,38,584000000,,10.417239302034742,0.9999999668559032,-3.679893960925598e-05,0.00025481632363842595,1.634590016751387e-06,-7.359705336269719e-05,0.0005096327727486729,3.2504264062538373e-06
38.611,3067,38,592000000,,10.417239310073084,0.9999999668989348,-3.5929661560703884e-05,0.000254771500943695,1.6343669000471047e-06,-7.18584973528745e-05,0.0005095431245146092,3.2504264062538373e-06
38.611,3068,38,604000000,,10.417239372874032,0.9999999672273135,-2.8710001717424655e-05,0.0002543981970777659,1.6325168189384188e-06,-5.741917839808447e-05,0.0005087964931723811,3.2504264062538373e-06
38.611,3069,38,615000000,,10.417239448777387,0.9999999675884812,-1.8943353525089575e-05,0.00025389275118990805,1.6300226265713068e-06,-3.7885883013783384e-05,0.0005077855694996681,3.2504264062538373e-06
38.624,3070,38,621000000,,10.417239476629483,0.9999999677066689,-1.4960309096112135e-05,0.00025369311522599616,1.6290083739513772e-06,-2.991979454532207e-05,0.0005073862845780633,3.2504264062538373e-06
38.633,3071,38,624000000,,10.417239476629483,0.9999999677066689,-1.4960309096112135e-05,0.00025369311522599616,1.6290083739513772e-06,-2.991979454532207e-05,0.0005073862845780633,3.2504264062538373e-06
38.648,3072,38,643000000,,10.417239512630045,0.9999999678483409,-9.307491135914142e-06,0.00025340489107364384,1.6275716105076173e-06,-1.8614159195768264e-05,0.0005068098178459353,3.2504264062538373e-06
38.662,3073,38,661000000,,10.417239552911365,0.9999999679859496,-1.4849765357338328e-06,0.0002530281647310142,1.62558878795037e-06,-2.969130717083372e-06,0.0005060563396886203,3.2504264062538373e-06
38.666,3074,38,664000000,,10.417239557884573,0.999999967999799,-3.7594387226808093e-07,0.00025297750543522063,1.6253081524576852e-06,-7.510654838045335e-07,0.0005059550174884395,3.2504264062538373e-06
38.672,3075,38,672000000,,10.417239584869627,0.9999999680543434,6.2205769094320836e-06,0.00025268553682463325,1.623641197636976e-06,1.2441975551879284e-05,0.0005053710588168391,3.2504264062538373e-06
38.694,3076,38,693000000,,10.417239625340882,0.9999999679956172,2.053355889447769e-05,0.00025215969779387537,1.6200353122900969e-06,4.106793872396958e-05,0.0005043193342950661,3.2504264062538373e-06
38.694,3077,38,693000000,,10.417239625340882,0.9999999679956172,2.053355889447769e-05,0.00025215969779387537,1.6200353122900969e-06,4.106793872396958e-05,0.0005043193342950661,3.2504264062538373e-06
